instance,cell,x_um,y_um,w_um,h_um,kind,domain,output_net,flagged
FILLER_0_0_19,decap_8,14.260,10.880,3.680,2.720,physical,,,0
FILLER_0_0_27,fill_1,17.940,10.880,0.460,2.720,physical,,,0
FILLER_0_0_29,decap_12,18.860,10.880,5.520,2.720,physical,,,0
FILLER_0_0_41,decap_12,24.380,10.880,5.520,2.720,physical,,,0
FILLER_0_0_53,decap_3,29.900,10.880,1.380,2.720,physical,,,0
FILLER_0_0_57,decap_3,31.740,10.880,1.380,2.720,physical,,,0
FILLER_0_1_15,fill_1,12.420,13.600,0.460,2.720,physical,,,0
FILLER_0_1_3,decap_12,6.900,13.600,5.520,2.720,physical,,,0
FILLER_0_1_36,decap_4,22.080,13.600,1.840,2.720,physical,,,0
FILLER_0_1_57,decap_3,31.740,13.600,1.380,2.720,physical,,,0
FILLER_0_2_19,decap_3,14.260,16.320,1.380,2.720,physical,,,0
FILLER_0_2_36,fill_1,22.080,16.320,0.460,2.720,physical,,,0
FILLER_0_3_15,decap_4,12.420,19.040,1.840,2.720,physical,,,0
FILLER_0_3_26,decap_3,17.480,19.040,1.380,2.720,physical,,,0
FILLER_0_3_3,decap_12,6.900,19.040,5.520,2.720,physical,,,0
FILLER_0_3_49,decap_6,28.060,19.040,2.760,2.720,physical,,,0
FILLER_0_3_55,fill_1,30.820,19.040,0.460,2.720,physical,,,0
FILLER_0_3_57,decap_3,31.740,19.040,1.380,2.720,physical,,,0
FILLER_0_4_19,fill_1,14.260,21.760,0.460,2.720,physical,,,0
FILLER_0_4_27,fill_1,17.940,21.760,0.460,2.720,physical,,,0
FILLER_0_4_29,fill_2,18.860,21.760,0.920,2.720,physical,,,0
FILLER_0_4_38,fill_2,23.000,21.760,0.920,2.720,physical,,,0
FILLER_0_4_56,decap_4,31.280,21.760,1.840,2.720,physical,,,0
FILLER_0_5_15,decap_3,12.420,24.480,1.380,2.720,physical,,,0
FILLER_0_5_3,decap_12,6.900,24.480,5.520,2.720,physical,,,0
FILLER_0_5_50,decap_6,28.520,24.480,2.760,2.720,physical,,,0
FILLER_0_5_57,decap_3,31.740,24.480,1.380,2.720,physical,,,0
FILLER_0_6_19,fill_2,14.260,27.200,0.920,2.720,physical,,,0
FILLER_0_6_29,decap_4,18.860,27.200,1.840,2.720,physical,,,0
FILLER_0_6_56,decap_4,31.280,27.200,1.840,2.720,physical,,,0
FILLER_0_7_15,fill_1,12.420,29.920,0.460,2.720,physical,,,0
FILLER_0_7_3,decap_12,6.900,29.920,5.520,2.720,physical,,,0
FILLER_0_7_36,decap_4,22.080,29.920,1.840,2.720,physical,,,0
FILLER_0_7_57,decap_3,31.740,29.920,1.380,2.720,physical,,,0
FILLER_0_8_19,decap_8,14.260,32.640,3.680,2.720,physical,,,0
FILLER_0_8_27,fill_1,17.940,32.640,0.460,2.720,physical,,,0
FILLER_0_8_36,decap_6,22.080,32.640,2.760,2.720,physical,,,0
FILLER_0_8_42,fill_1,24.840,32.640,0.460,2.720,physical,,,0
FILLER_0_8_59,fill_1,32.660,32.640,0.460,2.720,physical,,,0
FILLER_0_9_15,decap_12,12.420,35.360,5.520,2.720,physical,,,0
FILLER_0_9_27,fill_1,17.940,35.360,0.460,2.720,physical,,,0
FILLER_0_9_29,decap_12,18.860,35.360,5.520,2.720,physical,,,0
FILLER_0_9_3,decap_12,6.900,35.360,5.520,2.720,physical,,,0
FILLER_0_9_41,decap_12,24.380,35.360,5.520,2.720,physical,,,0
FILLER_0_9_53,decap_3,29.900,35.360,1.380,2.720,physical,,,0
FILLER_0_9_57,decap_3,31.740,35.360,1.380,2.720,physical,,,0
PHY_0,decap_3,5.520,10.880,1.380,2.720,physical,,,0
PHY_1,decap_3,33.120,10.880,1.380,2.720,physical,,,0
PHY_10,decap_3,5.520,24.480,1.380,2.720,physical,,,0
PHY_11,decap_3,33.120,24.480,1.380,2.720,physical,,,0
PHY_12,decap_3,5.520,27.200,1.380,2.720,physical,,,0
PHY_13,decap_3,33.120,27.200,1.380,2.720,physical,,,0
PHY_14,decap_3,5.520,29.920,1.380,2.720,physical,,,0
PHY_15,decap_3,33.120,29.920,1.380,2.720,physical,,,0
PHY_16,decap_3,5.520,32.640,1.380,2.720,physical,,,0
PHY_17,decap_3,33.120,32.640,1.380,2.720,physical,,,0
PHY_18,decap_3,5.520,35.360,1.380,2.720,physical,,,0
PHY_19,decap_3,33.120,35.360,1.380,2.720,physical,,,0
PHY_2,decap_3,5.520,13.600,1.380,2.720,physical,,,0
PHY_3,decap_3,33.120,13.600,1.380,2.720,physical,,,0
PHY_4,decap_3,5.520,16.320,1.380,2.720,physical,,,0
PHY_5,decap_3,33.120,16.320,1.380,2.720,physical,,,0
PHY_6,decap_3,5.520,19.040,1.380,2.720,physical,,,0
PHY_7,decap_3,33.120,19.040,1.380,2.720,physical,,,0
PHY_8,decap_3,5.520,21.760,1.380,2.720,physical,,,0
PHY_9,decap_3,33.120,21.760,1.380,2.720,physical,,,0
TAP_20,tapvpwrvgnd_1,18.400,10.880,0.460,2.720,physical,,,0
TAP_21,tapvpwrvgnd_1,31.280,10.880,0.460,2.720,physical,,,0
TAP_22,tapvpwrvgnd_1,31.280,13.600,0.460,2.720,physical,,,0
TAP_23,tapvpwrvgnd_1,18.400,16.320,0.460,2.720,physical,,,0
TAP_24,tapvpwrvgnd_1,31.280,19.040,0.460,2.720,physical,,,0
TAP_25,tapvpwrvgnd_1,18.400,21.760,0.460,2.720,physical,,,0
TAP_26,tapvpwrvgnd_1,31.280,24.480,0.460,2.720,physical,,,0
TAP_27,tapvpwrvgnd_1,18.400,27.200,0.460,2.720,physical,,,0
TAP_28,tapvpwrvgnd_1,31.280,29.920,0.460,2.720,physical,,,0
TAP_29,tapvpwrvgnd_1,18.400,32.640,0.460,2.720,physical,,,0
TAP_30,tapvpwrvgnd_1,18.400,35.360,0.460,2.720,physical,,,0
TAP_31,tapvpwrvgnd_1,31.280,35.360,0.460,2.720,physical,,,0
clkbuf_0_CLK,clkbuf_16,16.560,24.480,9.200,2.720,clock,,,0
clkbuf_1_0__f_CLK,clkbuf_16,12.880,13.600,9.200,2.720,clock,,,0
clkbuf_1_1__f_CLK,clkbuf_16,12.880,29.920,9.200,2.720,clock,,,0
ff_x_0_q,dfxtp_1,6.900,10.880,7.360,2.720,logic,x,x_0_q,0
ff_x_1_q,dfxtp_1,6.900,16.320,7.360,2.720,logic,x,x_1_q,0
ff_x_2_q,dfxtp_1,6.900,21.760,7.360,2.720,logic,x,x_2_q,0
ff_x_3_q,dfxtp_1,6.900,32.640,7.360,2.720,logic,x,x_3_q,0
ff_x_4_q,dfxtp_1,6.900,27.200,7.360,2.720,logic,x,x_4_q,0
ff_y_0,dfxtp_1,25.760,16.320,7.360,2.720,logic,x,y_0,0
ff_y_1,dfxtp_1,23.920,13.600,7.360,2.720,logic,x,y_1,0
ff_y_2,dfxtp_1,23.920,21.760,7.360,2.720,logic,x,y_2,0
ff_y_3,dfxtp_1,25.300,32.640,7.360,2.720,logic,x,y_3,0
ff_y_4,dfxtp_1,23.920,29.920,7.360,2.720,logic,x,y_4,0
g_a_0,xor2_1,14.260,19.040,3.220,2.720,logic,x,a_0,0
g_a_2,xor2_1,14.720,21.760,3.220,2.720,logic,x,a_2,0
g_a_4,xor2_1,23.920,27.200,3.220,2.720,logic,x,a_4,0
g_b_0,xor2_1,18.860,16.320,3.220,2.720,logic,x,b_0,0
g_b_1,xor2_1,18.860,19.040,3.220,2.720,logic,x,b_1,0
g_b_2,xor2_1,15.180,27.200,3.220,2.720,logic,x,b_2,0
g_b_3,xor2_1,18.860,32.640,3.220,2.720,logic,x,b_3,0
g_b_4,xor2_1,19.780,21.760,3.220,2.720,logic,x,b_4,0
g_t_0,and2b_1,15.640,16.320,2.760,2.720,logic,x,t_0,0
g_t_1,and2b_1,25.300,19.040,2.760,2.720,logic,x,t_1,0
g_t_2,and2b_1,25.760,24.480,2.760,2.720,logic,x,t_2,0
g_t_3,and2b_1,13.800,24.480,2.760,2.720,logic,x,t_3,0
g_t_4,and2b_1,27.140,27.200,2.760,2.720,logic,x,t_4,0
g_y_0_d,xor2_1,22.540,16.320,3.220,2.720,logic,x,y_0_d,0
g_y_1_d,xor2_1,22.080,19.040,3.220,2.720,logic,x,y_1_d,0
g_y_2_d,inv_1,29.900,27.200,1.380,2.720,logic,x,y_2_d,0
g_y_3_d,xor2_1,20.700,27.200,3.220,2.720,logic,x,y_3_d,0
