traces,post_layout,pre_layout_same_rows,post_layout_noise_0.5,post_layout_noise_1.0,post_layout_noise_2.0
20,2.717,2.352,4.160,4.238,3.914
23,3.227,2.723,4.259,3.581,4.072
27,2.732,3.222,3.917,3.730,3.978
32,2.915,3.553,3.619,4.356,3.582
37,3.323,2.892,2.959,4.113,3.615
43,3.000,2.521,3.529,3.323,3.640
51,3.236,2.919,3.273,3.348,3.210
59,3.185,2.945,3.565,3.563,3.542
69,2.867,3.063,3.398,4.110,3.195
81,2.509,2.523,3.620,3.776,3.431
95,2.556,2.526,3.434,3.578,3.399
110,2.654,2.576,3.309,3.340,3.426
129,2.798,2.885,3.581,3.605,2.868
151,3.349,3.191,3.171,3.578,3.082
176,3.242,2.987,3.304,3.280,3.189
206,2.897,2.774,3.255,3.625,3.256
240,2.899,2.803,3.662,3.664,3.332
281,2.821,2.707,4.411,3.483,3.368
328,2.467,2.367,3.568,3.445,3.306
383,2.240,2.152,3.386,3.135,3.667
447,2.613,2.493,2.867,2.932,3.653
500,2.126,1.975,2.956,3.114,3.482
522,2.115,2.109,2.908,2.904,3.467
610,1.749,1.742,2.710,2.974,3.379
713,2.075,2.256,2.764,3.155,3.548
832,2.030,2.271,2.688,3.171,3.385
972,2.027,1.912,2.885,2.957,3.027
1000,2.062,2.091,2.723,3.162,3.068
1136,2.890,2.519,2.824,3.386,3.347
1327,2.306,1.933,2.642,3.435,3.778
1500,1.735,2.289,3.240,3.223,3.536
1550,1.931,2.293,3.370,3.489,3.366
1810,1.716,2.378,3.266,3.499,3.398
2000,1.921,2.540,3.481,3.101,3.276
2114,2.039,2.406,3.213,3.096,3.030
2470,1.436,1.865,3.254,2.966,3.067
2500,1.460,1.993,3.384,3.012,3.161
2885,1.697,1.994,3.423,3.048,3.715
3000,1.492,2.062,3.450,3.041,3.614
3370,1.562,1.994,3.802,3.373,3.400
3500,1.887,2.302,3.684,3.335,3.586
3936,1.950,2.081,4.158,3.115,3.389
4000,2.021,2.188,4.193,2.969,3.484
4500,2.076,2.908,4.120,3.149,3.270
4597,1.808,2.601,4.028,3.099,3.289
5000,1.905,2.375,3.970,3.470,3.478
5370,2.429,2.463,3.828,3.429,3.349
5500,2.223,2.406,3.787,3.602,3.353
6000,2.355,2.376,3.304,3.750,3.556
6273,2.263,2.359,3.135,3.566,3.501
6500,2.345,2.448,2.815,3.536,3.836
7000,2.604,2.512,2.948,3.637,3.816
7327,3.237,3.252,3.138,4.106,3.723
7500,3.365,3.376,3.005,3.979,3.585
8000,3.625,3.605,3.000,3.653,3.281
8500,3.504,3.503,2.936,3.318,3.094
8559,3.444,3.450,3.008,3.412,3.138
9000,3.386,3.396,3.203,3.435,3.512
9500,3.494,3.487,2.951,3.145,3.372
9997,3.363,3.347,2.986,3.170,3.792
