row,label,spice_charge_fC,level1_weighted_fF,level2_weighted_fF
2,0,1290.9960,447.192,1033.436
3,0,1158.0243,425.759,799.713
4,0,1211.1431,369.971,911.057
5,1,720.6268,237.799,509.053
6,0,861.8350,295.966,582.092
7,1,951.6982,321.631,652.385
8,0,970.2654,319.738,495.402
9,0,1241.8848,420.864,1023.120
10,0,866.0798,306.007,1036.497
11,0,595.9215,187.263,292.867
12,0,1335.3814,414.017,965.739
13,1,1058.5721,385.509,692.489
14,0,1001.6488,355.882,681.972
15,1,960.9166,386.978,737.336
16,1,729.1767,235.261,347.015
17,0,813.6833,268.898,339.186
18,1,1333.4321,423.599,1041.341
19,1,848.0990,322.107,599.793
20,1,874.0378,308.536,648.482
21,0,1056.5098,397.840,775.074
22,0,968.2388,320.304,867.696
23,1,972.8288,335.545,590.893
24,1,863.3874,306.093,519.257
25,1,859.5788,294.908,491.046
26,1,801.0321,268.499,502.439
27,0,837.5232,262.507,541.721
28,0,900.5227,354.962,494.420
29,1,971.7944,315.370,574.202
30,0,1016.2428,318.494,481.544
31,0,1104.6352,315.864,660.106
32,1,958.7888,353.204,759.796
33,0,933.7048,312.738,459.518
34,0,975.2051,306.649,669.923
35,0,912.5812,253.127,570.493
36,0,1069.3779,366.373,752.179
37,1,660.6882,197.682,512.766
38,0,1134.9872,384.475,883.279
39,1,1100.9186,337.127,712.897
40,1,1129.8272,403.906,843.988
41,0,1065.1985,332.036,902.918
42,0,685.4293,213.601,357.347
43,1,793.4266,275.408,566.464
44,0,979.9952,359.433,838.417
45,1,1138.0400,377.810,802.368
46,0,926.6441,357.143,694.493
47,0,1122.8227,365.065,778.507
48,1,1090.7553,360.404,788.566
49,0,812.4636,256.014,390.082
50,1,913.6890,332.189,506.081
51,1,908.6733,312.324,625.324
52,0,1063.3350,322.279,684.597
53,0,990.0791,377.745,636.937
54,0,688.4095,197.311,268.565
55,1,1151.1509,362.487,944.539
56,1,981.1858,293.231,543.581
57,0,1023.9967,319.521,736.211
58,0,1017.8914,362.683,682.953
59,0,1125.3080,372.974,699.790
60,0,1095.0013,348.132,783.462
61,1,942.1016,305.885,639.757
62,0,1218.9150,395.862,705.636
63,1,911.5210,295.898,455.680
64,0,959.3019,302.347,500.347
65,0,919.4572,345.228,673.940
66,0,1243.4808,421.734,1110.836
67,0,737.8093,252.760,316.692
68,0,1146.8862,391.431,841.629
69,1,1154.0871,353.019,702.171
70,0,1294.5270,379.022,778.642
71,1,945.0328,328.903,543.067
72,1,1096.4006,379.279,681.621
73,1,1026.9790,373.397,895.545
74,1,912.9893,316.449,401.449
75,1,856.3464,313.122,501.812
76,1,912.7659,297.905,657.941
77,0,839.6033,309.747,522.911
78,0,1023.8781,342.192,848.954
79,1,920.4471,336.485,662.445
80,1,975.5813,348.126,562.170
81,0,1082.8219,368.179,683.545
82,1,1155.1727,386.153,856.519
83,0,1095.1039,398.334,1057.296
84,0,997.0284,324.347,921.939
85,0,983.2048,356.946,682.668
86,0,1015.6044,277.906,787.916
87,1,815.2778,274.367,611.451
88,1,848.4836,298.908,433.182
89,0,1272.9175,386.405,846.407
90,1,945.3175,326.656,731.320
91,0,793.6316,259.606,313.784
92,1,1167.8902,394.686,1199.186
93,0,938.2922,304.123,587.259
94,1,1032.9265,405.515,705.215
95,1,1038.5848,342.915,828.447
96,0,897.6460,313.803,589.995
97,1,887.5477,293.704,650.854
98,0,631.3041,207.250,515.458
99,0,1198.9747,379.237,721.121
100,0,1040.7809,377.124,819.202
101,1,958.7895,332.988,544.804
102,0,657.4866,193.856,426.914
103,0,960.7693,321.946,711.190
104,1,635.5481,206.053,488.931
105,0,663.5532,227.378,268.844
106,1,896.1785,310.805,682.143
107,1,1071.5013,383.070,746.538
108,0,930.0798,335.262,638.434
109,1,995.8941,351.708,749.512
110,0,871.8537,276.053,519.313
111,0,1200.4551,339.432,769.776
112,0,1324.0171,418.415,1001.181
113,0,1187.5362,385.237,786.903
114,1,919.4431,304.241,574.741
115,0,1067.3378,343.117,635.215
116,0,1189.3939,389.585,798.725
117,1,844.2970,312.344,596.188
118,1,838.1310,296.702,508.586
119,1,1055.1102,395.908,752.418
120,1,1119.3452,376.160,951.080
121,0,1041.4264,376.426,622.386
122,0,1088.2389,406.988,745.778
123,0,1062.7528,395.110,885.882
124,0,978.5572,379.822,642.302
125,0,1012.5845,357.598,866.490
126,0,908.4603,306.262,658.688
127,1,877.5911,275.841,572.473
128,0,937.7499,311.160,756.326
129,0,928.2140,331.814,497.070
130,0,1010.8895,373.008,597.612
131,0,1298.6593,368.881,891.097
132,0,844.5562,330.770,707.134
133,1,973.7596,330.518,794.878
134,1,999.0380,313.991,522.917
135,1,859.8018,265.060,711.138
136,0,819.6185,263.757,494.191
137,1,1081.7891,341.382,773.748
138,0,873.6610,283.422,625.356
139,0,434.2478,95.924,95.924
140,0,1148.4677,316.500,886.204
141,0,1033.3903,373.379,694.005
142,0,948.0548,377.488,695.008
143,0,1111.9970,396.084,817.292
144,0,802.3896,252.559,489.949
145,1,879.3187,309.177,572.205
146,0,958.6964,347.556,618.210
147,0,819.2489,284.387,419.703
148,0,894.4980,311.327,521.135
149,1,801.9625,271.363,434.467
150,0,1181.5913,385.032,1023.196
151,1,996.7455,363.364,498.466
152,0,1074.8534,377.338,742.742
153,1,1203.5851,389.786,874.494
154,0,1047.2627,323.811,733.907
155,0,690.9166,225.437,295.649
156,1,906.3729,290.598,579.578
157,1,904.7126,332.380,525.272
158,0,999.9252,300.254,866.452
159,0,512.8262,141.718,141.718
160,0,778.3932,280.251,350.627
161,0,1043.8650,366.702,685.394
162,0,1170.1692,372.319,830.777
163,0,1124.7607,359.242,671.058
164,1,970.2714,340.588,697.712
165,1,1165.1990,381.285,787.273
166,1,871.6546,289.002,836.044
167,0,749.7075,250.075,360.787
168,1,1191.5050,387.210,915.296
169,1,1054.6092,382.260,825.886
170,1,850.3939,307.090,459.268
171,1,1154.1985,351.187,648.207
172,0,1057.4445,372.227,757.653
173,1,788.3398,287.666,463.482
174,0,917.5629,354.700,511.234
175,1,1012.1794,325.093,656.965
176,0,1038.7282,353.489,633.547
177,1,763.4817,235.786,724.158
178,1,1032.7464,284.787,810.231
179,0,895.4658,313.658,643.208
180,0,751.9410,245.491,437.007
181,0,851.6744,221.802,504.132
182,1,770.0328,250.279,381.313
183,0,1131.8813,398.784,867.910
184,0,578.4044,168.150,168.150
185,0,1078.5305,364.166,882.744
186,1,1095.7363,355.846,613.484
187,0,894.8129,329.951,557.227
188,0,1302.3217,385.856,1029.102
189,0,1133.4266,376.462,857.326
190,0,1186.9071,397.954,857.142
191,1,942.3058,369.414,634.676
192,1,766.4294,256.325,478.875
193,1,1018.6667,321.522,588.830
194,1,1070.0159,380.286,794.618
195,0,875.4732,307.514,583.502
196,1,998.2832,364.767,945.495
197,0,780.7052,246.550,779.636
198,1,811.4926,270.897,491.295
199,1,1066.4865,375.545,613.977
200,1,953.2974,342.136,741.932
201,1,953.3270,303.655,702.389
202,0,1110.2405,382.640,846.292
203,1,950.5384,342.830,752.518
204,0,784.8471,274.856,574.734
205,0,937.3357,309.767,573.835
206,0,1094.7490,322.076,772.842
207,0,914.8307,295.356,528.604
208,1,819.9621,224.747,543.523
209,1,653.5125,230.555,398.487
210,1,1098.2872,361.905,881.121
211,0,861.6883,331.472,656.466
212,0,739.1012,247.116,311.048
213,0,790.6410,300.686,639.160
214,0,1188.9401,413.482,880.012
215,0,712.8165,202.709,273.963
216,1,1059.9862,369.159,702.687
217,1,928.1194,345.388,457.066
218,1,900.7946,320.848,782.746
219,1,655.9662,227.340,269.840
220,1,993.5256,323.025,627.595
221,1,1082.1987,410.456,824.800
222,1,1051.4874,321.197,639.965
223,1,1125.5044,348.831,766.431
224,0,995.8043,351.748,679.748
225,1,956.0814,319.833,826.467
226,1,1024.1640,319.063,739.417
227,0,818.1498,270.089,372.447
228,0,1053.5538,369.361,654.809
229,1,1063.4002,383.171,739.329
230,1,1036.7976,381.940,930.984
231,1,881.5401,285.754,595.960
232,1,780.1961,259.710,366.142
233,1,795.1547,291.449,362.695
234,1,1018.3835,360.226,635.298
235,0,982.3393,327.094,791.924
236,0,1097.6696,412.921,756.417
237,1,968.8895,311.835,499.329
238,0,977.5101,333.645,665.365
239,0,870.8995,277.997,413.183
240,1,1127.1926,389.168,837.028
241,0,848.8139,331.102,818.118
242,0,697.2870,199.331,300.579
243,0,1045.4244,398.643,985.233
244,1,1001.5615,351.507,1012.955
245,1,941.9169,357.825,859.771
246,0,1013.0495,322.642,749.200
247,0,809.0643,244.068,443.110
248,0,980.0411,349.567,663.191
249,0,503.1276,148.568,148.568
250,1,1162.0333,414.049,803.703
251,0,973.1404,317.001,774.187
252,1,898.1151,299.764,446.628
253,0,907.5858,278.475,424.221
254,0,1079.2045,359.127,706.691
255,1,843.2301,270.027,571.959
256,1,789.7957,294.551,458.697
257,0,918.7117,323.296,787.106
258,0,1102.3252,356.466,773.112
259,0,755.5598,252.801,867.921
260,1,708.8815,231.593,317.915
261,1,746.2318,252.865,893.491
262,1,898.8545,311.741,661.339
263,0,1046.9578,379.327,620.041
264,1,987.2345,311.423,715.273
265,0,849.5627,282.697,543.887
266,1,1137.0439,419.267,949.041
267,0,812.7866,259.771,430.531
268,0,1090.3636,351.615,839.507
269,0,996.5951,359.644,637.618
270,1,1035.1299,333.994,677.900
271,0,768.7082,242.915,359.025
272,1,984.0046,318.027,896.613
273,1,897.2093,351.639,615.215
274,1,1018.4943,393.430,663.984
275,0,972.1942,352.658,731.762
276,0,961.9081,259.937,492.971
277,1,482.9068,125.798,141.832
278,1,1033.9308,341.127,782.171
279,1,874.8951,317.526,778.446
280,0,689.6529,217.675,338.141
281,1,902.4826,267.737,490.417
282,1,701.8500,246.038,304.572
283,1,798.2554,278.593,402.025
284,1,822.9565,301.498,426.094
285,0,970.6962,352.638,915.568
286,1,1014.4043,379.038,694.314
287,1,967.1704,359.658,649.858
288,0,995.7210,327.981,645.961
289,0,854.7359,216.551,527.561
290,1,970.1436,341.365,605.879
291,1,700.1850,186.949,316.737
292,1,878.8038,311.262,451.686
293,0,980.8523,299.365,635.949
294,1,814.2492,274.487,420.591
295,0,867.3102,322.162,491.956
296,0,904.4764,327.200,754.838
297,0,1197.5133,398.886,838.930
298,1,845.1999,290.454,549.494
299,1,1010.2087,269.220,686.954
300,0,1009.2646,340.067,857.837
301,0,927.8474,335.728,789.314
302,1,811.5357,273.815,362.137
303,0,924.0419,314.950,571.204
304,0,1044.4055,383.878,586.516
305,1,954.1366,323.529,753.667
306,0,989.7711,330.216,604.964
307,1,1062.8790,412.445,980.249
308,1,1140.6849,380.221,1026.375
309,1,945.9208,324.826,588.854
310,0,1150.4045,329.102,765.224
311,1,712.2006,225.462,460.444
312,1,874.7491,289.206,587.010
313,1,1044.0593,317.444,595.190
314,0,855.6296,291.898,437.720
315,1,924.6163,331.244,604.862
316,1,1056.7843,352.938,746.000
317,0,977.2472,339.847,779.739
318,1,853.2601,284.355,1056.561
319,1,864.6838,305.330,621.022
320,0,1295.0624,397.954,1184.240
321,0,1115.8427,390.462,825.360
322,0,1054.8051,394.420,608.584
323,1,914.8367,322.546,505.608
324,1,1023.1681,367.384,670.790
325,0,1047.7858,358.199,643.651
326,0,801.6320,277.712,404.384
327,1,838.4654,291.956,466.684
328,1,1041.8902,326.265,586.053
329,1,1038.6041,326.214,668.722
330,0,923.3478,317.201,975.931
331,1,978.1384,356.761,748.339
332,0,709.8028,224.476,422.272
333,1,980.3601,346.000,530.180
334,1,921.9403,346.315,540.789
335,1,1096.0903,373.552,722.910
336,0,1070.3852,348.787,965.085
337,1,1050.8459,385.133,826.759
338,0,1091.5881,378.978,744.560
339,0,800.7587,270.225,490.917
340,0,715.5205,253.514,278.938
341,0,931.7922,355.556,671.474
342,0,863.4269,275.466,529.522
343,0,999.8024,337.263,607.917
344,1,1093.1475,366.583,758.873
345,0,1053.0318,356.905,792.263
346,0,709.5729,235.542,744.956
347,0,959.4711,329.674,718.210
348,1,754.7213,251.411,345.337
349,0,967.9494,335.258,458.690
350,0,887.6073,328.160,674.674
351,1,795.5048,263.624,353.946
352,0,999.8273,320.850,732.456
353,1,913.8731,308.659,509.853
354,0,948.7506,319.916,692.946
355,0,1173.0521,428.497,894.125
356,1,871.7784,290.870,713.976
357,0,890.8921,318.022,695.016
358,1,837.8423,263.494,607.196
359,1,878.1881,358.629,827.267
360,0,1039.5034,335.036,865.156
361,0,1243.9731,387.754,866.148
362,1,957.2624,341.539,674.861
363,1,1005.1796,340.793,820.775
364,1,925.1071,340.844,805.202
365,1,734.7295,233.726,440.446
366,1,966.2580,332.199,597.431
367,0,1034.5704,279.408,567.868
368,0,1006.9674,371.118,618.598
369,0,1125.0602,372.720,720.892
370,1,899.0989,266.326,613.794
371,1,1071.6823,365.749,915.573
372,0,961.7588,303.342,537.776
373,1,982.6025,353.695,738.607
374,1,776.0631,272.450,359.730
375,0,1051.4260,351.008,720.552
376,1,976.2725,361.768,598.124
377,1,986.9991,336.741,500.673
378,0,1003.2697,339.450,752.992
379,1,1122.6337,371.447,1157.561
380,1,1024.6691,377.511,703.931
381,1,888.4674,262.939,449.433
382,0,1069.7613,353.341,794.583
383,0,793.0366,230.938,359.844
384,1,852.9097,323.262,921.568
385,0,1032.5611,367.338,795.812
386,0,729.2172,220.480,330.082
387,0,1181.7778,388.601,849.851
388,1,892.7795,311.944,503.436
389,0,1127.5630,390.405,823.449
390,1,1078.4558,358.662,782.418
391,1,824.3053,294.024,699.046
392,0,942.9845,342.841,601.827
393,1,1163.7638,378.505,871.879
394,1,918.1686,298.264,513.264
395,0,989.8178,344.769,768.209
396,1,1116.8999,362.767,702.219
397,0,786.0575,250.505,597.479
398,0,763.9867,279.898,751.120
399,1,1184.1464,387.448,921.046
400,1,926.7782,346.570,736.846
401,0,1162.3921,333.474,743.442
402,0,865.7035,310.339,653.075
403,0,795.7291,279.972,413.706
404,1,1021.9083,371.196,568.086
405,1,847.4783,308.714,375.604
406,0,899.6463,310.396,633.326
407,1,803.4595,302.534,581.068
408,1,633.9916,203.158,243.582
409,1,848.4477,314.433,500.699
410,1,789.6077,236.631,413.207
411,0,954.2109,320.066,654.672
412,0,536.8855,155.314,168.026
413,0,1168.4948,416.996,867.472
414,1,1154.7783,389.666,843.108
415,1,790.1631,247.626,329.874
416,1,887.3786,253.829,400.899
417,1,813.2734,265.497,344.217
418,1,794.7730,251.506,413.652
419,0,927.3834,335.621,418.621
420,1,884.6030,302.661,581.971
421,1,995.9161,335.484,621.054
422,0,888.8440,301.246,668.296
423,0,1002.4670,383.174,685.668
424,0,1140.6641,387.454,713.334
425,0,869.1492,344.395,437.161
426,0,936.9603,292.686,725.524
427,1,866.3355,266.034,624.530
428,1,1006.5657,344.629,797.781
429,0,792.9444,277.793,484.593
430,1,1106.8197,367.534,662.518
431,1,736.5941,260.117,493.023
432,1,941.6704,353.330,756.298
433,1,868.3420,301.576,461.076
434,0,1165.4106,376.159,890.307
435,1,701.4711,254.339,306.723
436,0,643.2395,172.432,282.034
437,1,1040.8865,379.889,810.061
438,1,814.7450,273.344,396.700
439,1,916.3047,326.735,572.839
440,0,739.9110,224.329,547.707
441,1,682.4999,234.785,293.319
442,0,1134.2112,322.404,670.728
443,0,775.5901,280.229,420.969
444,1,1016.3808,315.774,651.120
445,0,745.2390,206.686,334.398
446,1,961.2031,317.156,502.802
447,0,865.0505,301.735,501.325
448,1,1244.4616,407.273,820.357
449,0,928.5847,299.146,717.484
450,1,614.6301,202.862,215.574
451,1,1090.4338,342.749,1024.595
452,0,1043.6854,388.794,1126.014
453,0,1005.2730,346.556,746.050
454,1,794.9921,288.134,325.312
455,1,969.2923,356.207,639.667
456,1,1262.3634,427.032,1041.686
457,1,1036.1903,372.499,861.001
458,1,884.4845,301.721,506.679
459,0,975.2558,354.615,768.221
460,1,767.3663,265.625,376.261
461,0,1097.5805,384.630,806.534
462,1,1097.6766,362.159,920.723
463,1,1041.6058,362.607,932.851
464,0,884.9148,277.702,470.312
465,1,1016.9473,372.538,561.142
466,0,886.8932,268.651,542.551
467,1,863.2470,250.518,400.620
468,0,967.2719,333.614,688.028
469,1,1077.3890,377.752,797.246
470,1,1089.0693,389.700,810.106
471,0,1181.9301,342.846,709.280
472,0,1036.9312,369.844,754.422
473,0,953.7101,334.819,548.941
474,1,1060.4400,341.829,926.559
475,1,891.7482,284.211,600.915
476,1,640.1042,185.895,613.547
477,1,939.5493,342.252,698.218
478,0,884.1417,301.723,466.545
479,0,777.8696,252.508,430.954
480,0,1034.0370,341.505,603.423
481,1,962.1461,321.775,661.975
482,1,905.0482,353.159,847.135
483,1,966.1616,320.822,589.118
484,1,1062.0749,403.409,649.445
485,0,1093.2288,381.531,703.863
486,1,865.1488,315.635,404.915
487,1,906.8415,311.292,551.040
488,1,695.8862,200.456,328.168
489,1,1074.9447,392.312,914.204
490,1,1008.9662,349.300,640.192
491,1,1052.1995,364.063,661.159
492,0,1095.9946,375.989,637.853
493,1,1065.5150,349.509,954.993
494,0,1054.2311,330.856,875.516
495,1,965.2154,331.892,730.496
496,0,1074.9312,343.675,666.863
497,0,914.6307,317.327,661.985
498,0,681.7534,248.972,268.040
499,1,907.0304,328.583,475.645
500,1,853.1143,258.191,504.303
501,0,1071.6694,366.465,716.089
502,1,973.0699,317.352,754.614
503,0,770.4043,270.802,620.324
504,1,810.7571,239.313,691.089
505,1,742.9505,269.582,344.150
506,0,807.4391,285.194,425.618
507,1,828.5276,267.042,428.974
508,1,997.8162,303.204,750.412
509,0,1096.6260,356.537,749.983
510,1,933.2218,322.809,650.639
511,0,711.0637,207.518,584.698
512,1,682.6043,199.849,427.227
513,0,996.7708,340.848,874.728
514,0,971.6179,336.237,540.601
515,1,920.6867,321.296,724.036
516,1,1092.6749,318.231,604.691
517,1,1079.9606,318.762,962.498
518,1,930.6660,308.224,745.570
519,1,1003.4612,289.649,681.593
520,0,797.0901,250.600,373.066
521,0,1035.9674,374.861,670.717
522,0,762.2116,263.093,378.717
523,0,1136.0932,360.870,715.854
524,1,1005.2345,315.696,747.652
525,0,957.8225,272.484,698.130
526,0,630.5923,163.144,306.890
527,1,932.1873,351.777,477.277
528,0,1165.5051,352.251,664.499
529,0,776.5195,248.279,442.011
530,1,1024.3876,372.631,743.217
531,0,1110.6501,353.233,654.693
532,0,1185.9699,399.953,796.255
533,1,978.7120,366.500,666.192
534,0,824.9671,293.114,746.068
535,0,1078.4064,344.369,665.939
536,0,929.9155,269.259,565.115
537,0,1020.7777,358.288,670.254
538,0,1136.9560,391.652,999.594
539,1,941.4586,324.285,586.903
540,0,831.6817,310.180,687.306
541,0,927.6777,328.039,410.005
542,0,924.7264,349.686,553.762
543,1,970.7083,280.720,678.524
544,1,885.1789,296.042,795.244
545,1,876.8673,293.987,736.579
546,0,882.7535,316.959,558.015
547,0,817.8570,251.483,389.983
548,0,502.7246,158.102,170.814
549,0,995.3977,361.169,1140.607
550,1,1030.7748,302.570,755.928
551,1,939.0545,301.947,576.373
552,1,1012.8698,332.619,691.379
553,1,1174.4479,368.532,663.582
554,0,969.3622,295.227,585.009
555,1,986.8220,328.535,694.551
556,1,842.8714,298.733,448.083
557,1,1043.8739,345.602,679.002
558,0,1145.9035,375.209,992.173
559,0,760.0062,216.127,452.065
560,1,825.6552,273.114,661.390
561,1,785.7696,252.707,656.223
562,1,1047.0480,375.791,908.867
563,0,1011.5544,382.317,940.019
564,0,987.8027,347.457,895.679
565,0,793.8403,273.904,402.810
566,0,963.1316,275.253,1098.197
567,1,1063.9977,382.018,672.628
568,0,1057.7322,395.516,820.648
569,1,866.9742,245.278,539.210
570,0,1034.2018,334.953,602.421
571,0,790.6968,266.551,372.155
572,0,736.6782,233.635,450.355
573,1,995.2642,295.830,583.248
574,0,978.3939,353.711,622.301
575,1,978.1856,353.946,828.488
576,1,951.4352,316.238,547.402
577,0,905.1495,301.422,488.710
578,0,904.1347,285.607,462.313
579,0,824.3364,303.599,416.525
580,1,981.0066,304.539,571.717
581,1,698.1395,262.015,390.097
582,1,942.9268,343.845,810.681
583,1,932.1193,314.138,737.448
584,0,862.4268,300.768,459.302
585,0,1116.8029,310.625,713.645
586,1,1072.8008,354.056,631.954
587,1,845.8666,244.257,375.087
588,1,1034.6848,360.371,640.551
589,1,811.4244,315.043,570.783
590,1,611.3232,201.054,207.410
591,0,947.9699,324.590,631.756
592,1,875.1128,320.644,490.104
593,0,1085.2713,388.378,784.106
594,0,1151.7338,342.056,831.922
595,1,1203.7343,385.728,845.730
596,1,1090.9195,365.744,680.156
597,1,1004.0235,320.847,810.007
598,1,1014.6322,301.785,667.877
599,1,843.2418,314.716,502.628
600,1,947.0044,359.360,554.328
601,0,1020.4823,334.648,584.964
602,1,943.8726,321.242,668.482
603,1,882.9050,320.310,403.234
604,1,1100.8416,362.398,692.756
605,1,1021.5505,334.555,715.027
606,1,1017.5208,358.806,705.438
607,0,694.2015,216.730,259.306
608,1,1040.7510,321.374,670.972
609,0,763.0231,267.416,457.148
610,0,792.9010,259.169,376.169
611,0,1118.1904,352.929,778.133
612,1,666.4714,186.575,228.041
613,0,1019.0395,364.240,852.972
614,1,886.6169,319.429,469.607
615,0,1079.0642,378.285,727.019
616,0,897.7291,292.559,1076.661
617,0,1124.4445,417.017,754.407
618,0,1056.5437,363.395,737.185
619,1,1179.4795,384.697,757.411
620,0,674.6119,235.364,416.844
621,1,933.0854,308.095,517.781
622,0,1100.0796,393.914,759.436
623,1,835.1236,261.490,448.984
624,0,997.0092,333.594,574.308
625,1,995.4588,304.594,718.884
626,1,578.1683,179.222,422.326
627,1,979.7692,359.551,856.553
628,1,986.3128,322.057,868.491
629,0,1075.6723,343.502,591.852
630,0,592.3421,179.514,192.226
631,0,745.4715,217.288,448.604
632,1,736.3957,214.065,363.135
633,1,968.4475,369.612,642.112
634,1,920.3224,328.854,458.566
635,0,956.7802,298.191,572.981
636,0,925.2660,303.386,593.332
637,1,1122.3691,408.009,1104.067
638,1,1017.2402,361.052,881.912
639,1,1043.2726,359.565,760.767
640,1,1056.8988,320.686,809.024
641,1,907.0629,342.176,711.514
642,1,807.7278,286.367,449.181
643,0,1019.5780,319.516,767.178
644,1,1013.7242,333.569,606.427
645,1,1109.7741,349.594,786.534
646,1,1030.3118,329.311,870.649
647,0,824.2831,271.555,539.015
648,0,806.1567,274.420,850.006
649,1,900.1892,305.826,688.396
650,1,823.1361,285.966,437.350
651,0,1068.3776,306.309,725.749
652,0,714.3962,247.141,354.045
653,0,848.1084,246.602,442.686
654,1,974.9199,344.047,768.543
655,0,1098.6474,370.601,686.903
656,0,1033.2595,363.598,739.422
657,0,1270.6780,391.895,875.549
658,0,1023.9237,351.665,862.481
659,0,786.2423,239.481,445.169
660,0,1091.5390,412.921,750.061
661,1,825.8886,285.936,512.486
662,1,1169.9754,380.023,721.649
663,1,989.9303,347.521,1011.937
664,0,983.1715,353.841,829.151
665,1,1078.6374,391.099,675.483
666,0,1018.6126,339.167,704.689
667,0,1040.8005,366.225,719.453
668,0,1311.5019,415.717,934.481
669,1,1030.4004,360.889,721.595
670,0,1174.7439,360.765,830.749
671,1,860.0345,287.224,651.608
672,0,992.1698,348.176,789.266
673,0,1176.0173,413.692,966.718
674,1,1077.5575,346.090,700.634
675,0,906.0006,294.740,476.836
676,1,850.6490,332.254,490.952
677,0,630.1371,210.452,471.804
678,0,1111.8592,334.695,648.745
679,0,872.2425,269.684,410.116
680,1,946.8972,358.836,557.674
681,1,992.7770,312.268,631.838
682,0,461.0827,99.670,99.670
683,0,1035.5870,294.567,576.745
684,1,1090.5768,337.091,743.667
685,0,952.2533,347.939,828.613
686,0,719.5749,265.107,373.333
687,1,943.2226,337.254,506.508
688,0,970.5747,331.686,545.720
689,1,1212.9819,389.386,1003.026
690,1,854.9129,316.608,723.652
691,0,1094.1949,380.255,562.145
692,0,800.2081,242.525,593.753
693,0,1198.1042,420.336,944.620
694,1,768.9907,290.453,343.589
695,1,1105.8550,400.275,789.291
696,0,1026.9463,352.779,640.067
697,1,846.6917,296.531,463.785
698,1,916.2710,340.627,758.239
699,0,1074.4920,370.889,909.741
700,1,917.8296,323.947,660.911
701,1,958.5407,336.557,609.057
702,0,1058.5618,288.395,738.461
703,0,665.7396,215.540,221.896
704,0,1109.9167,384.276,717.462
705,1,983.7238,353.794,552.974
706,1,990.7449,373.911,684.577
707,0,1077.9079,381.052,685.512
708,1,998.5036,344.700,722.112
709,1,885.2123,345.175,656.723
710,0,1044.4943,320.683,812.187
711,1,996.5638,331.381,582.609
712,1,1012.1826,355.592,718.986
713,1,1107.0756,378.324,701.024
714,1,638.9469,212.607,461.033
715,0,1023.2176,380.300,563.308
716,0,789.3590,262.042,384.356
717,0,931.1640,303.067,483.087
718,1,764.6918,251.350,490.612
719,0,649.4977,172.158,542.250
720,0,797.5990,311.440,565.706
721,0,819.8776,284.991,769.733
722,1,1167.0216,383.087,1035.435
723,1,1038.3567,380.655,998.003
724,0,1122.8812,369.070,736.818
725,0,892.1532,336.980,606.550
726,1,827.5263,238.214,354.248
727,0,818.6808,231.833,402.045
728,1,763.4256,256.017,362.655
729,0,902.0957,298.511,515.587
730,0,752.4101,218.811,479.957
731,0,1168.7457,417.140,754.908
732,0,995.2954,360.819,604.703
733,1,1083.1244,320.860,581.842
734,1,792.5496,237.645,511.257
735,0,1195.0217,379.395,821.439
736,0,1045.7620,375.912,746.090
737,0,1132.0494,400.075,1098.625
738,1,795.8049,282.066,464.246
739,1,921.1465,300.357,460.213
740,0,927.7701,269.387,503.691
741,0,776.4868,257.407,511.079
742,0,1111.8022,364.711,1019.673
743,1,1030.5321,344.239,752.013
744,0,668.0801,240.858,399.836
745,1,979.5359,309.484,637.656
746,0,1014.1340,363.269,624.373
747,0,960.1992,375.931,895.699
748,1,959.4078,325.382,660.936
749,1,1077.3443,397.460,664.714
750,1,871.5296,301.169,615.375
751,1,625.6882,195.743,373.881
752,1,708.1493,252.857,362.817
753,1,984.6735,368.443,960.289
754,0,1057.1170,369.305,815.213
755,0,994.5139,349.378,690.510
756,0,1041.3720,379.661,555.195
757,0,1029.5979,321.446,604.660
758,1,779.8250,261.483,474.561
759,0,1112.5899,348.036,883.238
760,0,946.5627,360.347,823.281
761,1,874.3443,299.734,720.690
762,1,907.2814,328.439,520.289
763,0,961.1547,310.631,470.207
764,1,784.6687,252.990,437.244
765,1,791.3685,270.843,380.727
766,1,921.2254,323.958,815.722
767,0,1057.4979,405.721,768.997
768,1,1068.0897,378.429,822.303
769,0,1172.3746,393.692,695.912
770,0,979.1187,299.251,675.773
771,0,800.3814,280.067,548.807
772,1,898.5951,281.957,650.641
773,1,874.1925,313.632,481.332
774,0,1126.6445,319.084,666.442
775,0,824.0625,274.525,490.355
776,0,1155.1363,379.184,670.106
777,0,1198.5924,427.414,793.928
778,0,1047.4749,358.898,754.004
779,1,919.7300,309.357,583.447
780,0,904.1358,351.699,556.687
781,1,806.8371,275.837,571.147
782,0,808.5667,285.338,397.374
783,1,851.1537,310.128,634.396
784,0,845.8078,316.888,852.146
785,1,1166.0403,436.047,994.643
786,1,980.5336,321.124,514.768
787,0,792.2203,276.293,939.713
788,1,863.2025,268.378,542.598
789,1,732.7097,274.764,333.298
790,1,929.1971,301.130,510.808
791,0,1166.2611,398.778,785.944
792,1,1144.1341,374.992,970.876
793,0,1055.7805,378.241,865.595
794,1,989.3157,322.351,676.175
795,1,985.3677,340.176,765.768
796,0,1029.7544,374.048,617.120
797,0,1061.1644,399.335,858.405
798,1,793.2627,239.353,420.449
799,0,834.2252,272.014,490.414
800,0,1038.8305,315.624,605.276
801,0,1142.9129,418.106,717.160
802,1,980.1676,316.379,713.873
803,0,1003.0681,328.303,651.077
804,0,1000.0146,341.243,559.513
805,1,702.7777,237.267,398.789
806,1,1033.7957,364.415,730.507
807,1,915.4147,306.094,686.752
808,1,781.5683,293.209,647.061
809,0,980.6186,330.746,497.924
810,1,1188.9331,350.125,792.127
811,0,1060.3755,344.763,688.799
812,1,722.3742,251.469,288.647
813,0,758.1616,255.774,607.702
814,0,720.0256,211.192,348.582
815,0,1136.8740,376.514,735.496
816,0,1094.6827,326.347,737.595
817,0,949.8434,309.966,559.392
818,1,986.1786,349.952,564.276
819,1,982.1452,330.967,801.051
820,1,943.5346,294.344,654.524
821,1,943.1709,325.039,833.425
822,1,852.4041,307.199,515.323
823,1,936.7485,301.999,554.391
824,0,779.9992,264.692,805.758
825,0,922.7716,310.573,541.189
826,0,901.8571,248.717,416.861
827,0,1043.3381,346.700,822.846
828,1,661.9527,217.179,308.911
829,1,1031.4680,267.678,694.806
830,1,905.6690,300.681,477.463
831,1,966.5625,310.470,759.810
832,0,1096.8796,360.855,652.713
833,1,1035.5552,358.331,614.037
834,0,769.0519,223.309,469.379
835,1,962.9847,373.167,673.167
836,1,992.0686,332.011,558.895
837,0,1174.5579,376.151,692.407
838,0,754.8432,248.212,305.788
839,0,889.0966,284.228,789.420
840,0,1170.2891,346.686,873.074
841,1,710.0390,243.132,301.872
842,0,855.2531,290.090,459.474
843,1,786.9807,210.196,347.382
844,0,839.3772,268.495,655.663
845,0,974.0745,361.474,749.762
846,1,932.5132,301.542,722.708
847,0,1034.8287,382.745,638.257
848,1,892.2744,321.652,919.834
849,1,824.6945,308.173,442.371
850,0,1034.1338,331.408,860.926
851,1,944.3568,315.218,459.322
852,0,848.1113,249.134,422.958
853,1,1034.2012,382.053,665.233
854,0,832.5346,297.282,756.908
855,0,1144.3735,419.903,1012.093
856,1,1048.8469,366.415,667.875
857,1,934.8652,344.448,526.262
858,1,848.6583,276.973,465.219
859,1,975.0902,283.577,632.133
860,1,909.6644,272.671,534.741
861,1,1006.2272,370.841,667.143
862,0,739.7559,244.563,419.969
863,0,836.7711,256.523,552.197
864,0,938.0014,293.488,440.192
865,0,880.6545,269.932,674.448
866,1,1001.5270,351.318,700.062
867,1,952.4994,319.735,910.909
868,1,1155.8504,385.349,787.121
869,0,1063.0159,403.221,708.543
870,0,1046.8695,383.395,784.199
871,1,931.8059,317.011,638.163
872,0,1097.3542,358.474,666.518
873,1,924.4210,322.429,561.485
874,1,827.9370,251.000,414.856
875,1,819.4605,264.360,474.038
876,0,940.3615,340.215,524.309
877,0,617.2877,187.440,391.394
878,0,1014.1104,322.220,602.248
879,0,937.0915,338.014,667.680
880,0,1128.0766,385.982,1120.964
881,0,834.3244,273.335,420.039
882,1,950.7187,350.256,682.538
883,0,1079.1353,376.270,817.348
884,1,975.5539,391.285,716.663
885,1,1024.7409,336.244,790.328
886,1,1001.2105,344.584,571.544
887,0,813.9350,300.871,359.329
888,0,1122.1364,340.279,791.089
889,1,883.9634,310.867,618.641
890,0,1052.7131,329.042,549.646
891,1,1168.0933,376.778,943.536
892,0,901.3085,309.439,578.489
893,1,977.6691,339.309,635.317
894,0,965.2426,304.354,554.832
895,1,1243.2874,386.865,1067.095
896,1,798.3400,254.350,479.192
897,0,771.6570,275.425,457.399
898,0,1091.5036,396.852,737.642
899,1,1041.3687,390.961,661.311
900,1,1105.0521,375.886,850.094
901,1,982.0120,327.768,677.148
902,0,806.3285,259.103,397.527
903,0,985.8024,316.980,480.836
904,1,909.8562,294.118,455.974
905,0,1013.1211,336.494,611.900
906,0,1264.4632,361.966,863.746
907,0,1008.4986,306.144,556.330
908,0,764.6420,224.989,421.161
909,1,985.0941,346.712,1146.052
910,0,1019.9361,400.134,729.330
911,1,950.0431,336.052,524.170
912,0,1055.5128,317.628,871.802
913,0,1080.5249,374.297,692.705
914,1,1091.5433,396.978,1062.942
915,1,1031.3546,390.447,710.009
916,0,1074.4763,345.277,745.725
917,0,995.2157,378.437,598.991
918,1,1060.4380,310.066,779.096
919,1,1010.8255,333.146,755.374
920,1,1040.4198,323.692,778.382
921,0,897.4695,321.898,640.818
922,1,1088.7568,365.891,591.527
923,1,1001.2929,296.820,632.994
924,0,902.2472,305.065,426.497
925,1,588.5083,176.777,284.619
926,1,1072.4286,371.101,899.069
927,1,1002.2719,342.081,695.677
928,0,920.3785,315.709,589.415
929,0,1093.8239,329.768,740.134
930,1,867.9969,273.255,635.723
931,0,978.6939,375.696,513.970
932,1,1158.7412,375.451,713.945
933,0,615.2996,191.921,415.957
934,1,925.5756,277.449,644.355
935,0,710.4187,225.514,326.762
936,0,925.6805,307.457,572.355
937,1,875.8269,337.551,976.349
938,1,947.7103,360.256,638.996
939,0,1000.3454,335.041,476.431
940,0,951.6791,360.771,559.137
941,0,981.1388,336.971,574.567
942,1,794.3293,288.882,640.480
943,0,993.2907,330.199,545.405
944,1,782.5103,264.991,457.465
945,1,957.6009,304.551,737.959
946,0,1062.0723,351.452,629.556
947,0,1167.5583,368.051,827.163
948,0,1212.8876,373.760,825.224
949,0,1193.3104,404.488,846.532
950,1,974.6072,309.180,683.502
951,1,994.8001,313.713,602.325
952,0,943.3040,329.066,564.304
953,1,1002.2986,322.775,713.257
954,0,921.2712,319.348,879.392
955,1,966.9349,337.269,591.661
956,1,774.3050,246.131,715.641
957,1,965.8893,352.142,573.574
958,1,978.1502,352.480,561.900
959,0,770.9840,270.074,460.266
960,0,836.4796,235.336,400.310
961,1,1017.3143,313.003,515.367
962,1,896.5000,314.333,449.813
963,0,925.5163,269.048,501.330
964,0,1202.7122,374.505,768.233
965,1,972.5773,307.144,571.366
966,0,989.9877,359.042,701.572
967,1,846.3522,256.826,483.950
968,0,1011.7688,364.871,859.813
969,0,954.6858,337.709,650.067
970,0,991.0327,300.576,570.864
971,1,1049.5857,336.835,616.529
972,0,1056.9952,351.419,819.737
973,1,961.5038,344.374,670.246
974,1,1075.7376,372.994,623.592
975,1,801.3779,288.779,486.739
976,0,896.1430,309.634,513.238
977,0,1079.8703,352.251,699.555
978,0,966.4162,368.966,538.220
979,1,1126.0873,346.072,810.734
980,1,759.6076,237.292,405.428
981,1,834.1159,277.032,573.664
982,1,873.3820,330.039,585.883
983,0,832.9250,305.922,445.860
984,1,925.9473,292.730,631.248
985,0,1093.7277,304.882,599.628
986,0,1200.7565,367.660,818.114
987,1,912.6078,276.371,621.167
988,0,1122.4111,344.665,622.413
989,0,882.2849,279.457,524.375
990,0,1232.9401,382.395,877.735
991,1,1143.0107,412.155,842.239
992,1,1030.6597,363.872,795.820
993,0,1029.3768,350.101,756.465
994,1,1154.0700,386.237,752.177
995,1,950.4699,330.855,650.779
996,1,1036.5814,343.690,881.544
997,1,948.7740,359.779,671.867
998,1,913.8626,326.138,528.666
999,1,894.1554,307.467,565.257
1000,1,944.5166,318.765,609.527
1001,1,803.6045,258.822,483.782
1002,1,931.8528,312.638,715.916
1003,1,910.3361,305.857,728.005
1004,0,933.9744,303.218,525.540
1005,0,460.4011,100.472,100.472
1006,1,856.2286,300.423,479.271
1007,1,1083.1435,417.167,806.265
1008,1,1006.5709,372.160,810.730
1009,1,879.8485,312.829,520.433
1010,1,979.3295,314.639,847.943
1011,1,1088.5517,366.607,675.403
1012,1,1082.0631,388.217,733.165
1013,1,1204.3349,412.156,912.316
1014,1,897.0481,326.036,774.894
1015,1,667.1858,221.254,257.604
1016,0,988.2584,343.989,692.705
1017,1,1082.7532,369.267,742.003
1018,0,928.8761,309.038,538.074
1019,0,979.1489,368.827,760.385
1020,0,1169.6180,409.471,724.567
1021,0,1157.5036,396.200,870.218
1022,0,929.9585,302.141,683.019
1023,1,899.9031,307.473,621.387
1024,0,957.6753,356.645,810.477
1025,0,1204.2312,374.144,793.668
1026,1,1043.5477,322.176,730.700
1027,1,904.2376,278.305,476.389
1028,1,888.3357,279.191,518.869
1029,1,913.1825,305.309,734.223
1030,1,875.3816,313.137,512.179
1031,1,1019.1518,381.999,760.431
1032,1,1024.4525,354.871,1047.377
1033,0,882.1027,338.612,674.928
1034,0,1085.6355,358.310,589.550
1035,0,1289.1358,381.415,971.493
1036,1,969.8706,330.769,718.305
1037,0,976.0683,305.922,624.192
1038,1,864.8214,325.296,614.378
1039,1,855.0592,293.775,469.933
1040,0,938.9875,355.498,529.402
1041,0,910.6388,278.878,589.886
1042,1,1007.7887,336.981,604.167
1043,1,1077.1377,361.804,581.084
1044,0,883.4306,343.059,605.285
1045,0,859.6209,313.268,469.898
1046,0,1185.2377,416.539,893.811
1047,1,953.2223,325.676,590.294
1048,0,987.7201,322.245,810.531
1049,0,978.7225,393.107,889.631
1050,1,1095.3838,380.430,889.398
1051,0,880.8162,303.829,526.543
1052,1,799.9051,298.939,365.905
1053,0,1051.6757,343.566,709.328
1054,1,1135.9913,390.537,915.765
1055,0,979.4004,360.983,841.703
1056,0,1042.6721,305.440,633.496
1057,0,803.3576,266.881,433.019
1058,0,755.0504,230.887,472.881
1059,0,744.8993,240.116,276.336
1060,1,888.0120,314.261,523.529
1061,0,957.3339,282.956,556.012
1062,1,1009.8498,350.439,607.947
1063,0,1206.4659,409.015,736.811
1064,1,1130.3725,375.007,723.117
1065,1,745.9119,274.746,345.034
1066,1,949.4080,322.416,550.342
1067,1,962.3168,355.540,624.924
1068,1,948.2658,318.867,591.573
1069,0,1105.4195,362.404,776.458
1070,0,608.4122,211.381,337.641
1071,0,951.3246,325.387,493.751
1072,1,744.3191,247.507,351.787
1073,1,985.9281,361.177,778.147
1074,0,964.8021,360.573,690.985
1075,1,1131.6309,373.709,939.605
1076,0,1054.5105,348.788,582.940
1077,0,996.6799,332.124,558.946
1078,1,878.3949,314.659,471.195
1079,1,713.1591,257.661,305.475
1080,1,941.8825,321.757,484.579
1081,0,1282.4563,409.738,945.796
1082,1,849.4250,270.994,563.476
1083,0,873.4205,281.844,394.762
1084,1,846.6684,311.235,746.517
1085,1,907.5563,296.638,624.880
1086,1,1076.7881,387.775,799.339
1087,1,1023.8155,314.671,647.029
1088,1,844.1170,308.984,496.326
1089,1,983.6107,327.300,847.958
1090,0,866.6555,270.453,627.619
1091,1,1057.4044,352.576,571.934
1092,1,958.0057,357.311,645.043
1093,0,998.0524,337.642,711.260
1094,0,1013.0502,362.514,695.914
1095,0,991.7154,351.601,811.905
1096,0,747.0399,279.946,335.158
1097,0,1222.2739,442.293,1017.159
1098,0,1031.3990,362.889,1049.517
1099,0,1221.1154,347.649,782.851
1100,0,944.2806,330.090,482.420
1101,1,1028.8728,311.196,687.376
1102,1,963.2083,349.078,985.272
1103,0,1070.8827,377.571,782.593
1104,0,952.9779,349.937,743.775
1105,0,604.4801,187.788,348.850
1106,0,974.0938,331.302,614.104
1107,1,903.0046,320.096,659.048
1108,1,1013.1678,337.525,564.485
1109,0,944.5445,343.138,490.124
1110,0,1050.3712,381.751,838.171
1111,1,990.0521,377.091,665.831
1112,1,949.6873,368.081,719.781
1113,0,1038.6991,333.176,596.128
1114,0,522.2933,143.438,143.438
1115,1,1035.0243,375.236,749.300
1116,1,1188.4496,384.263,860.669
1117,0,833.3710,272.083,631.613
1118,0,1321.7420,392.330,872.958
1119,0,1077.8157,306.948,819.572
1120,1,958.6786,263.307,692.727
1121,0,1001.4856,369.793,732.027
1122,1,886.4646,314.473,525.065
1123,0,1093.7227,359.560,609.800
1124,1,1067.4938,338.529,683.759
1125,0,1045.7253,345.995,822.731
1126,0,813.4336,312.124,500.736
1127,1,987.5643,342.779,554.457
1128,1,661.4803,208.600,312.956
1129,1,998.7808,364.869,582.903
1130,0,996.8844,324.515,610.975
1131,1,954.6679,322.584,529.982
1132,0,766.0493,188.799,432.341
1133,1,863.6768,316.145,539.941
1134,0,604.4258,180.174,209.962
1135,1,953.8571,322.722,713.128
1136,0,1039.0575,325.977,564.539
1137,0,1252.7244,414.480,938.840
1138,1,878.9444,291.645,470.501
1139,1,1231.2258,396.405,879.079
1140,1,1060.3470,369.152,596.188
1141,1,1052.7046,404.783,741.013
1142,1,926.3142,340.367,747.157
1143,0,905.3105,285.703,642.117
1144,1,845.0344,260.137,432.637
1145,1,910.9028,317.079,408.647
1146,1,927.6773,303.056,575.872
1147,1,940.4297,292.831,611.317
1148,0,766.6974,270.308,406.452
1149,0,736.2210,182.429,345.327
1150,1,943.4606,314.997,714.047
1151,1,681.0602,218.902,335.012
1152,0,920.9951,285.640,466.778
1153,1,1018.3131,358.011,711.239
1154,0,998.3662,283.291,542.115
1155,1,983.1555,261.038,603.006
1156,1,1078.4784,388.768,765.914
1157,1,857.6881,305.578,424.936
1158,1,1099.1965,350.443,700.843
1159,0,1112.1131,366.954,671.600
1160,1,948.3929,331.892,685.120
1161,1,839.6692,266.278,433.738
1162,0,903.9483,312.521,576.743
1163,0,897.4461,293.211,575.595
1164,0,940.1023,336.398,598.476
1165,0,727.5115,255.853,262.209
1166,0,954.1849,311.034,723.176
1167,0,671.6604,232.793,377.087
1168,1,823.7513,272.579,372.579
1169,0,1324.4446,367.624,1015.602
1170,1,1027.1622,354.161,615.189
1171,0,935.2870,332.525,675.561
1172,1,876.9181,320.387,465.251
1173,1,981.1952,278.257,651.671
1174,0,1158.4297,370.999,818.289
1175,0,592.6959,195.048,207.760
1176,0,809.8337,329.245,517.107
1177,0,966.5870,345.674,722.498
1178,1,728.6603,202.437,314.115
1179,1,892.7836,320.400,490.696
1180,1,959.2592,317.894,509.614
1181,1,879.5994,316.091,737.209
1182,1,847.1602,254.254,412.796
1183,1,793.0604,247.561,486.693
1184,1,1088.7947,401.561,782.579
1185,0,953.5959,336.172,578.832
1186,0,878.3648,314.768,414.016
1187,1,992.6468,359.681,670.113
1188,0,853.8335,234.832,545.842
1189,1,835.9993,263.590,422.124
1190,1,823.0367,285.542,415.330
1191,1,848.9412,308.447,517.247
1192,1,848.7006,331.244,488.820
1193,1,1005.0018,316.810,721.704
1194,0,905.4499,329.466,551.180
1195,1,880.7710,283.807,579.527
1196,0,1086.1884,375.593,911.241
1197,0,1126.4648,407.389,835.273
1198,1,1067.9806,356.552,882.400
1199,0,1008.5562,309.696,873.550
1200,1,986.3887,331.843,740.443
1201,0,1156.6815,363.089,619.769
1202,1,1121.9369,359.771,720.883
1203,0,943.0647,309.607,541.759
1204,1,979.5795,346.887,490.429
1205,0,1094.2352,358.692,923.320
1206,1,937.1085,329.906,756.900
1207,1,813.5551,250.022,519.406
1208,0,1049.5535,338.404,659.030
1209,0,998.8873,369.759,998.899
1210,0,616.4786,213.627,243.621
1211,1,989.8251,336.008,642.858
1212,1,872.3810,295.702,391.498
1213,1,899.7731,295.800,501.488
1214,0,692.1516,201.900,313.936
1215,0,650.6575,229.000,310.480
1216,1,777.8809,254.805,364.407
1217,1,1113.3406,321.038,659.890
1218,1,1064.7250,311.812,734.370
1219,0,663.2398,212.390,230.500
1220,1,936.5394,328.029,515.241
1221,1,736.8842,244.289,334.611
1222,1,904.4286,330.813,482.991
1223,0,959.4530,331.839,689.867
1224,1,890.2376,329.957,706.191
1225,0,1013.3626,327.836,539.590
1226,0,1000.4370,339.192,819.744
1227,1,875.1284,300.216,525.176
1228,0,971.1455,315.953,700.003
1229,0,726.3078,282.226,314.006
1230,1,933.4522,350.530,587.928
1231,1,787.3980,292.545,329.723
1232,1,1054.4646,347.638,644.970
1233,1,1008.9007,374.914,701.798
1234,1,1019.0954,367.214,852.004
1235,0,833.8441,300.401,395.079
1236,1,918.8837,330.162,510.410
1237,1,890.0224,274.911,509.193
1238,0,913.3495,295.607,686.595
1239,0,962.7652,369.081,569.911
1240,1,1078.2401,384.916,781.404
1241,0,1002.3223,372.215,890.045
1242,0,972.3234,351.253,798.809
1243,1,874.4822,336.115,624.095
1244,1,1123.0955,361.128,822.088
1245,1,909.2177,308.001,631.227
1246,0,864.5339,326.274,444.384
1247,1,944.2598,332.637,548.467
1248,1,1128.9077,391.887,1004.023
1249,0,990.6391,342.306,644.746
1250,0,934.2259,334.567,553.205
1251,0,970.2274,286.601,522.807
1252,1,809.2537,268.347,372.841
1253,1,908.4531,299.663,458.045
1254,0,1030.7922,362.584,659.550
1255,1,1002.8433,355.728,702.002
1256,0,913.6977,352.378,527.152
1257,0,1113.8991,357.712,694.586
1258,0,1181.3944,413.606,787.518
1259,0,867.2030,313.016,603.296
1260,1,1109.2294,366.021,925.841
1261,0,735.2394,274.278,495.300
1262,1,914.8346,341.301,458.445
1263,0,1123.8415,351.286,886.180
1264,0,737.5645,214.717,360.471
1265,0,1120.0173,385.378,684.420
1266,1,911.3601,296.048,449.192
1267,0,709.7107,236.980,279.480
1268,0,962.4494,306.734,728.262
1269,0,874.0505,335.479,895.571
1270,0,885.1434,325.042,760.606
1271,0,1126.4832,385.818,911.840
1272,1,839.0200,315.717,461.335
1273,1,961.2936,313.309,557.345
1274,0,1175.2546,401.944,868.454
1275,0,1046.0421,397.726,691.448
1276,1,917.8922,317.587,967.599
1277,0,724.4103,246.804,672.852
1278,0,785.3900,210.577,404.587
1279,1,1161.3602,356.740,792.018
1280,1,1060.6121,350.438,789.912
1281,0,819.4664,240.605,416.215
1282,1,968.9310,313.580,708.350
1283,1,812.0327,297.950,529.902
1284,1,1000.9287,347.474,747.722
1285,1,1085.7149,380.624,719.414
1286,0,890.5623,276.347,635.437
1287,0,828.7690,278.184,413.446
1288,1,855.5639,263.829,698.195
1289,1,1039.1037,381.689,728.411
1290,0,1018.1902,370.456,615.264
1291,1,990.0025,314.120,542.958
1292,1,926.9534,283.771,500.567
1293,1,1233.5540,397.452,905.094
1294,0,1032.2742,396.998,744.862
1295,1,871.4846,293.050,538.078
1296,0,836.9994,290.906,488.078
1297,0,1014.7648,292.126,749.250
1298,0,888.8282,348.931,523.499
1299,0,673.3840,218.076,416.708
1300,0,932.7957,350.276,518.500
1301,0,839.5966,284.489,445.311
1302,1,1035.3141,337.829,581.653
1303,0,923.2031,324.210,654.922
1304,0,1218.0358,358.505,887.427
1305,0,912.3641,350.412,552.768
1306,1,1101.0131,377.547,907.959
1307,0,924.6722,292.649,776.637
1308,1,1042.8093,339.461,810.799
1309,1,903.3792,331.456,425.176
1310,1,1123.9557,346.155,661.315
1311,1,976.4173,323.185,719.701
1312,0,1081.0119,311.583,801.997
1313,0,835.2746,289.963,653.773
1314,0,938.1832,351.200,663.042
1315,1,803.3495,295.731,430.629
1316,1,842.3754,272.538,424.306
1317,1,974.8893,300.457,620.191
1318,0,920.5616,269.385,750.463
1319,1,829.4007,320.139,499.741
1320,1,1106.0971,406.319,852.677
1321,0,893.5727,317.009,706.339
1322,1,959.2772,278.014,585.572
1323,1,870.1511,258.589,565.235
1324,1,795.3928,290.331,607.647
1325,1,1046.1471,348.008,870.018
1326,1,798.0263,264.507,443.363
1327,1,1083.4990,365.963,730.193
1328,1,756.8764,233.238,572.670
1329,0,854.2718,282.909,420.299
1330,0,1001.6339,331.872,671.996
1331,0,943.3180,336.039,518.093
1332,1,873.8226,313.374,426.086
1333,0,1050.3974,371.427,814.491
1334,1,1141.5744,371.392,713.440
1335,0,1175.9611,395.372,864.334
1336,1,1134.8624,390.437,800.617
1337,0,922.9221,306.488,539.674
1338,1,725.7978,235.928,471.558
1339,1,987.6957,350.008,767.996
1340,0,946.7508,337.964,485.786
1341,0,1324.2735,442.627,960.495
1342,0,1242.6932,447.491,948.959
1343,1,1111.4280,375.729,641.273
1344,1,1056.8400,345.457,650.035
1345,0,1073.4320,353.808,692.112
1346,1,986.8116,334.500,568.448
1347,0,1064.7797,322.782,648.502
1348,1,786.8675,259.747,341.713
1349,1,895.3591,321.065,507.387
1350,0,903.3073,351.806,678.520
1351,0,1041.1305,391.158,775.360
1352,0,1055.8646,362.946,723.366
1353,0,1243.2767,425.042,817.188
1354,1,1190.1363,371.752,734.582
1355,1,1030.6149,372.980,810.422
1356,1,968.9859,319.347,659.341
1357,1,925.9760,338.581,459.047
1358,1,909.0986,302.405,656.161
1359,0,964.2396,368.457,639.163
1360,1,887.5324,286.580,502.828
1361,1,616.1332,181.689,212.511
1362,0,830.0959,264.543,402.215
1363,0,1080.9725,377.675,884.555
1364,1,969.3062,321.309,859.997
1365,1,991.0023,344.735,973.149
1366,1,696.5018,210.116,343.302
1367,0,830.8050,299.327,411.081
1368,1,825.7441,278.045,470.731
1369,1,968.5166,332.377,576.337
1370,0,996.9355,318.521,631.887
1371,0,950.1637,330.796,685.586
1372,1,813.4779,267.926,390.240
1373,0,669.2749,193.025,388.003
1374,0,741.6386,188.186,309.466
1375,0,833.2752,302.082,366.014
1376,1,1135.6226,351.491,869.747
1377,0,948.2138,317.025,705.903
1378,0,1102.9485,354.514,686.066
1379,1,932.2172,329.214,671.928
1380,1,1084.2990,343.495,661.667
1381,1,1086.0990,354.335,819.879
1382,0,734.4978,219.939,561.413
1383,0,1052.9690,399.843,777.077
1384,1,1049.7990,364.896,874.316
1385,1,1250.0540,404.432,938.218
1386,0,819.3637,309.142,451.438
1387,0,1087.6333,360.551,674.951
1388,0,988.3967,368.641,619.709
1389,0,954.3640,335.844,573.858
1390,1,1146.7975,405.471,1039.529
1391,1,1011.7953,348.364,693.024
1392,0,966.3876,356.209,535.841
1393,0,1018.2407,307.056,631.970
1394,1,911.1802,316.601,618.213
1395,0,936.2478,332.081,551.005
1396,1,935.5081,358.649,551.703
1397,1,808.4387,260.757,666.315
1398,0,975.7887,336.553,610.369
1399,1,1164.8786,419.156,817.302
1400,1,988.1760,350.237,908.015
1401,0,813.1205,303.854,612.294
1402,0,992.0531,348.093,732.227
1403,1,925.5427,324.381,515.189
1404,1,1006.9673,330.703,622.485
1405,0,862.7938,333.762,468.994
1406,1,1050.7924,382.936,677.034
1407,1,779.2583,265.336,405.912
1408,0,909.1033,261.544,495.848
1409,0,1005.7592,363.143,586.779
1410,0,945.8084,337.709,481.251
1411,0,856.0652,280.533,695.909
1412,0,981.9072,264.068,549.646
1413,0,836.2580,293.415,526.473
1414,0,1029.6289,289.356,619.646
1415,1,1143.1994,361.672,821.846
1416,1,1106.0583,379.334,693.670
1417,1,991.8185,338.009,686.283
1418,0,833.1604,242.189,445.671
1419,1,738.8192,244.799,333.121
1420,1,779.6635,245.928,379.114
1421,1,925.3334,355.634,678.732
1422,1,1018.7058,359.575,747.107
1423,0,984.1954,359.733,605.845
1424,0,1296.9164,431.802,1110.118
1425,1,1158.1702,409.457,707.265
1426,0,1178.2094,350.989,698.295
1427,1,799.0056,289.351,367.995
1428,0,878.9803,209.925,440.959
1429,1,1062.6246,371.117,818.639
1430,1,1115.9849,389.261,760.803
1431,1,914.4974,318.196,508.958
1432,0,881.9173,303.072,560.648
1433,1,722.4872,197.024,452.978
1434,0,753.3169,245.702,320.346
1435,0,1094.4705,385.609,962.851
1436,1,1023.3519,382.215,817.941
1437,1,946.9773,305.391,522.467
1438,1,949.2594,327.995,499.173
1439,1,949.5410,327.885,559.083
1440,0,873.5541,298.644,519.130
1441,1,894.0150,275.025,513.663
1442,0,659.7961,241.282,417.654
1443,0,1114.7388,397.728,918.944
1444,0,1176.1015,411.598,819.574
1445,1,1075.3640,376.480,857.446
1446,0,663.1920,222.755,487.653
1447,1,971.0023,308.129,624.095
1448,1,804.2758,251.312,593.938
1449,0,1116.3336,322.196,623.450
1450,0,1209.9966,393.395,889.617
1451,1,752.3591,238.605,467.879
1452,1,964.5512,309.703,714.443
1453,1,868.4870,286.721,688.923
1454,1,587.9933,186.100,192.456
1455,0,1137.9252,360.834,728.390
1456,1,878.3785,309.365,669.235
1457,1,934.9575,352.669,611.731
1458,0,871.3787,347.464,533.634
1459,0,823.0724,268.022,458.796
1460,0,753.4393,274.107,406.339
1461,1,1056.3263,328.315,582.781
1462,1,1254.9496,410.983,835.821
1463,1,1039.3677,377.618,686.948
1464,0,748.9555,245.897,318.391
1465,0,740.5859,271.437,326.649
1466,1,908.9206,313.750,506.566
1467,0,1267.7409,397.933,1209.715
1468,0,924.4245,345.038,638.122
1469,0,833.5098,282.102,441.002
1470,1,1170.1232,402.046,763.212
1471,1,911.0284,333.177,700.521
1472,0,1051.6988,335.987,744.085
1473,0,991.6885,367.601,815.801
1474,0,946.8672,313.428,705.038
1475,1,803.9247,275.476,404.298
1476,1,1063.3911,385.940,783.984
1477,1,1070.8422,364.967,659.935
1478,0,1009.2086,324.909,594.171
1479,0,1144.2235,369.836,695.640
1480,0,1121.2346,413.979,1089.333
1481,1,953.6696,341.337,607.405
1482,1,1056.6642,352.585,593.299
1483,0,943.0345,369.136,993.038
1484,0,972.3294,334.489,512.311
1485,0,1043.5750,361.590,647.920
1486,0,943.5515,333.974,621.510
1487,0,1103.1629,312.500,691.806
1488,0,929.6223,351.437,615.841
1489,1,973.9368,314.440,588.222
1490,1,865.9189,321.461,563.653
1491,1,915.4668,337.364,608.900
1492,1,928.6554,309.391,461.699
1493,1,1119.3752,358.462,586.334
1494,1,994.0329,345.390,565.842
1495,1,837.6539,261.775,419.823
1496,1,739.7954,229.645,355.359
1497,0,808.9585,281.919,811.437
1498,1,949.3217,298.711,788.741
1499,0,897.2469,324.872,983.514
1500,0,863.5771,330.720,573.510
1501,1,923.5500,288.751,639.767
1502,1,1019.8982,350.460,817.442
1503,0,1301.5675,423.694,871.662
1504,0,920.3887,329.559,656.193
1505,0,1092.6215,348.056,802.250
1506,1,926.8570,361.380,697.148
1507,0,880.0442,288.320,666.672
1508,1,952.4303,334.560,549.560
1509,1,889.0607,302.950,427.340
1510,0,1173.2583,381.349,1049.277
1511,0,891.3636,283.483,486.053
1512,0,1212.2188,413.344,778.530
1513,1,999.3720,334.364,646.700
1514,0,823.6220,266.370,403.838
1515,0,1290.3601,442.556,1006.354
1516,1,1106.0581,395.697,743.971
1517,1,952.1720,305.862,707.000
1518,0,894.0332,311.973,615.251
1519,1,1050.6835,368.816,950.616
1520,1,1011.4371,393.267,772.123
1521,0,959.5078,251.870,507.378
1522,1,972.0353,355.582,618.146
1523,0,834.2747,295.839,409.797
1524,0,698.4325,224.785,387.265
1525,1,969.6321,334.063,800.079
1526,0,1018.6550,359.834,728.816
1527,0,950.4639,351.081,604.849
1528,0,490.0960,130.726,137.082
1529,1,973.2681,352.408,585.594
1530,1,857.2092,299.094,697.794
1531,1,957.5105,333.279,617.773
1532,1,1011.0450,344.093,925.425
1533,0,1004.3291,320.389,1082.503
1534,1,753.1887,262.409,416.717
1535,1,867.5727,288.134,523.168
1536,1,831.9128,255.631,654.845
1537,0,924.8982,337.971,514.463
1538,0,1013.2969,358.056,757.474
1539,1,826.2319,290.599,420.311
1540,0,822.3318,270.652,481.920
1541,0,891.6773,328.717,546.751
1542,1,828.7799,290.431,416.015
1543,0,995.2123,344.382,746.186
1544,0,1038.9409,344.852,573.660
1545,1,931.2664,269.836,439.296
1546,0,794.9153,262.477,381.835
1547,1,992.6401,344.374,621.470
1548,0,1115.7677,367.467,764.537
1549,1,1097.1180,378.090,719.694
1550,0,953.5572,285.359,710.069
1551,0,870.3714,306.398,479.062
1552,0,836.3224,235.813,585.409
1553,1,1124.3484,370.015,893.155
1554,1,965.8574,366.617,715.427
1555,1,1086.1903,387.543,1127.717
1556,0,1078.8536,391.560,803.904
1557,1,1217.6558,407.384,822.758
1558,0,1025.3892,364.065,724.607
1559,1,1129.2713,394.590,852.258
1560,0,1042.9052,353.763,660.689
1561,0,776.4593,252.220,519.270
1562,0,729.2080,267.751,388.689
1563,0,769.7256,243.263,484.677
1564,1,1041.0738,353.281,700.433
1565,0,1003.9376,331.964,736.834
1566,1,1156.9905,363.048,755.894
1567,1,1116.3434,424.011,879.179
1568,0,918.1029,304.508,679.170
1569,0,1026.4039,374.355,560.883
1570,1,948.7352,338.656,655.226
1571,1,967.7063,345.987,659.619
1572,1,833.8954,276.410,672.966
1573,0,1056.9435,387.755,649.023
1574,1,998.6413,355.750,838.586
1575,0,765.8003,278.186,380.262
1576,0,929.3896,307.135,614.233
1577,0,550.1613,154.212,154.212
1578,1,954.9953,301.512,580.574
1579,0,1195.4294,403.622,710.362
1580,0,915.3699,300.937,469.073
1581,0,856.7518,270.059,406.203
1582,0,1141.8304,338.954,788.030
1583,0,705.2792,254.246,376.226
1584,0,846.6361,266.551,651.377
1585,0,714.1896,257.618,649.978
1586,0,847.0868,303.382,472.918
1587,1,1071.0502,348.324,709.394
1588,1,969.2766,308.348,633.328
1589,1,838.8252,261.858,560.748
1590,0,731.1723,238.269,471.627
1591,1,725.6994,245.079,303.537
1592,0,1042.8304,385.147,589.717
1593,0,1037.0085,336.881,848.097
1594,1,1222.0395,431.033,941.227
1595,1,1081.2946,367.311,945.649
1596,1,818.8630,273.339,459.791
1597,0,1122.6692,376.168,913.316
1598,0,1055.8081,316.302,815.718
1599,1,855.7532,278.833,516.923
1600,1,680.3246,229.764,343.798
1601,0,889.9092,263.306,586.300
1602,0,682.8418,193.754,358.932
1603,1,912.6599,325.166,534.996
1604,1,1184.6972,397.590,796.996
1605,0,1264.3882,422.643,954.393
1606,0,996.1493,350.674,702.948
1607,0,1029.6753,349.711,731.925
1608,1,717.8243,234.074,526.018
1609,1,936.3239,371.988,563.708
1610,1,880.7492,284.647,503.725
1611,1,1001.0111,306.402,846.124
1612,0,1121.2702,362.330,864.558
1613,1,1142.2577,345.208,770.498
1614,1,1014.4085,337.344,601.414
1615,0,979.0236,361.445,731.281
1616,1,1033.2049,357.427,581.149
1617,1,1085.7114,397.078,922.840
1618,0,815.0761,264.617,443.473
1619,0,912.2525,345.237,466.875
1620,0,1018.6728,307.709,658.603
1621,0,1094.3505,298.339,605.273
1622,0,698.7874,217.797,289.051
1623,1,961.3940,350.829,562.939
1624,1,1122.3789,364.069,668.571
1625,1,1016.8640,352.645,635.029
1626,0,722.1751,225.114,279.292
1627,0,961.9513,314.853,552.381
1628,1,989.6705,327.301,579.563
1629,1,822.6972,331.748,462.570
1630,1,1033.6075,371.047,602.081
1631,0,1002.2860,344.018,549.416
1632,1,1051.1312,324.507,652.303
1633,0,920.4793,325.111,688.933
1634,0,880.2916,284.700,521.056
1635,1,1099.1778,348.933,740.381
1636,1,740.1794,235.146,755.014
1637,0,865.1909,306.227,419.295
1638,1,990.1250,343.049,552.887
1639,0,966.1345,331.857,618.187
1640,0,1214.7325,384.395,817.643
1641,1,959.7364,330.385,626.489
1642,0,813.3823,256.170,656.946
1643,0,828.5372,232.669,446.841
1644,0,966.9549,300.864,681.128
1645,1,867.5526,331.338,644.962
1646,1,824.5434,305.055,600.913
1647,1,879.0100,295.585,634.999
1648,0,1085.9160,328.001,1029.767
1649,1,1043.3328,365.444,817.512
1650,0,1151.4904,367.896,903.316
1651,0,1117.6090,367.106,811.826
1652,0,1040.8251,339.276,633.004
1653,1,817.6070,314.669,554.007
1654,1,740.3342,231.005,464.953
1655,0,924.0996,277.025,569.991
1656,1,901.3336,315.654,664.518
1657,1,1067.7899,343.949,671.123
1658,0,1013.2160,315.124,461.988
1659,0,944.6146,319.175,545.169
1660,0,990.4634,360.660,575.920
1661,1,832.8216,265.052,430.026
1662,1,822.3773,275.094,428.314
1663,0,1091.8878,374.226,920.592
1664,0,1251.7593,367.542,858.820
1665,0,1043.3332,337.158,721.800
1666,0,811.1216,279.085,384.689
1667,0,866.1953,324.073,598.521
1668,1,711.3370,226.990,343.154
1669,1,899.0859,317.880,596.300
1670,0,1007.5667,294.189,550.861
1671,1,801.8434,288.730,466.860
1672,0,906.3925,305.459,502.597
1673,1,897.4808,304.443,572.911
1674,0,1185.7878,363.250,1011.616
1675,0,694.6203,230.711,416.677
1676,1,913.7673,328.371,665.215
1677,0,805.5399,268.973,519.475
1678,0,1208.8218,430.768,977.210
1679,0,1034.9351,379.762,589.720
1680,0,830.8394,285.776,637.448
1681,0,583.2955,201.627,247.655
1682,1,849.8198,276.453,440.309
1683,1,872.0216,319.090,409.488
1684,0,883.3131,292.798,480.216
1685,0,1157.7236,360.963,830.515
1686,0,938.1977,322.958,513.568
1687,1,874.4670,282.344,516.550
1688,0,764.2954,225.059,309.025
1689,0,683.2104,203.065,274.319
1690,0,1052.6552,330.141,558.895
1691,1,892.9617,275.792,447.198
1692,0,841.8104,250.346,441.914
1693,0,961.7902,308.675,659.979
1694,1,787.5314,284.731,384.731
1695,1,872.2623,273.536,463.192
1696,1,1063.4863,402.993,836.415
1697,0,1044.2231,388.007,803.799
1698,0,1325.3451,392.652,961.384
1699,0,699.7429,196.771,503.211
1700,0,1140.6806,347.686,959.594
1701,0,1034.2549,336.990,763.518
1702,1,934.5635,337.141,521.833
1703,0,1070.0916,355.084,922.526
1704,1,872.6783,322.026,625.144
1705,0,807.5701,279.936,487.916
1706,1,869.5675,305.552,433.416
1707,0,994.3900,334.201,634.619
1708,0,684.3447,197.847,462.677
1709,1,887.1099,315.381,510.629
1710,1,912.8483,298.840,489.518
1711,1,880.2758,312.823,674.559
1712,1,1133.3191,366.922,647.862
1713,1,910.2490,325.237,455.101
1714,1,1227.0502,379.979,775.311
1715,1,1007.4269,303.485,597.265
1716,1,902.5188,323.678,861.836
1717,1,943.9051,326.854,664.124
1718,0,1082.9101,371.525,807.841
1719,0,1206.2491,342.294,750.476
1720,1,1005.9919,322.709,635.793
1721,0,972.8834,335.389,552.313
1722,0,975.6331,383.734,690.660
1723,0,998.2312,380.615,992.343
1724,0,888.3349,330.878,713.180
1725,0,1051.8785,366.107,691.827
1726,1,841.3158,234.346,452.464
1727,0,877.1843,313.860,384.072
1728,1,1242.1875,406.728,1028.758
1729,0,944.4313,296.062,631.332
1730,0,969.3528,321.788,569.966
1731,0,622.8855,174.754,373.078
1732,1,1066.1776,326.775,812.607
1733,1,972.2963,349.503,712.845
1734,1,1030.7826,393.663,804.835
1735,1,827.2788,294.771,562.265
1736,0,1168.0468,345.251,818.049
1737,0,823.1511,285.059,463.155
1738,0,1031.4271,361.624,843.428
1739,1,1035.1254,382.150,1053.456
1740,1,876.4128,260.083,448.695
1741,0,863.8748,295.085,409.045
1742,0,829.8371,303.734,514.044
1743,1,958.8679,332.163,494.985
1744,0,796.6278,286.494,575.344
1745,1,964.6997,319.725,528.369
1746,0,898.4116,299.050,684.996
1747,1,986.1088,309.102,616.918
1748,0,871.4789,298.125,411.879
1749,1,885.0127,268.926,640.428
1750,0,1107.7987,361.550,855.730
1751,0,1175.2595,382.420,887.506
1752,1,980.7489,323.922,577.422
1753,1,890.8515,299.709,469.039
1754,0,1053.2346,343.097,868.553
1755,0,1123.1031,398.533,806.479
1756,1,784.5645,262.934,415.036
1757,0,964.4959,353.084,509.618
1758,1,878.9309,272.717,738.247
1759,0,1029.6897,396.652,705.624
1760,0,1263.0316,422.440,1122.994
1761,1,1216.7572,407.298,778.978
1762,1,960.4055,371.330,681.092
1763,0,992.3233,348.807,603.437
1764,1,762.5289,269.363,363.289
1765,0,793.6891,230.114,480.924
1766,1,979.6609,329.339,573.245
1767,0,959.4097,339.448,704.442
1768,1,840.9426,279.316,464.982
1769,0,1005.3608,294.528,491.418
1770,0,1331.3718,428.937,828.801
1771,0,1182.8333,384.017,911.569
1772,1,898.2378,322.474,660.036
1773,1,924.9314,327.810,947.662
1774,0,922.0783,321.700,483.200
1775,0,927.4756,309.624,465.048
1776,1,980.3458,332.995,752.319
1777,0,875.8996,293.377,416.809
1778,0,1096.5554,387.403,839.083
1779,1,1004.7973,335.002,568.036
1780,0,1059.1607,311.819,586.457
1781,1,900.8745,310.456,434.930
1782,0,1003.8549,288.973,591.551
1783,0,1035.9279,361.005,590.877
1784,0,931.9192,321.618,579.872
1785,0,1095.2481,357.887,813.759
1786,0,1123.6403,379.242,700.964
1787,0,1045.1394,391.912,703.742
1788,1,1117.9374,402.142,833.220
1789,0,1144.7756,355.111,817.717
1790,1,1067.9844,365.323,666.645
1791,1,1074.0699,361.179,805.627
1792,0,1139.8992,376.065,817.295
1793,0,796.6225,270.369,509.479
1794,0,623.0374,204.280,210.636
1795,0,1132.0748,411.245,747.937
1796,1,1068.6997,320.049,603.399
1797,1,1193.6543,393.615,813.193
1798,1,1172.9238,409.852,772.976
1799,1,811.7906,254.765,575.013
1800,0,945.5104,295.134,494.024
1801,1,1094.4289,347.225,732.769
1802,0,867.2638,269.706,402.740
1803,1,1143.5617,393.194,784.018
1804,1,996.2101,324.206,679.996
1805,0,812.6280,257.610,508.166
1806,0,491.5913,142.034,154.746
1807,1,903.0167,277.936,556.230
1808,0,1004.2597,361.676,784.526
1809,0,945.2401,310.347,629.609
1810,1,1085.8439,391.115,833.369
1811,0,915.5895,335.409,854.133
1812,1,1031.4202,360.002,747.666
1813,1,780.8482,290.399,720.641
1814,0,741.8204,272.058,356.230
1815,0,1056.7393,340.039,727.281
1816,1,931.9646,327.274,525.446
1817,1,1187.4121,410.776,992.840
1818,1,882.1732,317.097,629.927
1819,1,798.6202,274.323,470.411
1820,0,1028.8419,358.059,584.813
1821,0,879.6292,272.110,429.610
1822,1,955.2265,324.212,543.570
1823,0,1105.8704,386.135,785.445
1824,0,1114.8605,354.767,799.179
1825,1,910.4066,344.378,654.380
1826,1,910.4363,298.309,600.749
1827,0,801.6559,246.445,411.343
1828,1,1015.4354,336.957,659.733
1829,0,898.4524,297.556,700.682
1830,0,692.2083,203.042,312.644
1831,0,793.1726,281.356,463.946
1832,0,1047.9024,368.039,618.067
1833,1,1104.7036,322.332,846.008
1834,0,893.4054,316.139,448.283
1835,1,900.7443,310.203,561.971
1836,1,831.3501,270.850,475.290
1837,1,916.2211,355.452,591.812
1838,0,814.6302,304.679,404.679
1839,1,847.0086,294.172,364.536
1840,0,1039.8700,335.426,956.936
1841,0,1001.7347,324.143,638.389
1842,0,733.9525,259.101,392.889
1843,1,830.9504,312.368,486.450
1844,1,1154.7891,368.762,879.208
1845,0,964.9225,341.196,542.594
1846,1,1024.0228,335.717,949.393
1847,1,875.4207,291.059,673.863
1848,0,860.0756,298.774,458.404
1849,1,856.6618,316.936,660.274
1850,1,1062.4896,350.009,612.831
1851,0,874.6182,299.505,520.937
1852,1,1101.9015,349.002,772.970
1853,0,870.5164,316.997,671.575
1854,0,859.3215,303.945,917.179
1855,1,960.8918,297.011,665.233
1856,1,914.0105,347.684,605.618
1857,0,1000.7769,343.850,772.456
1858,1,1023.7957,367.291,751.781
1859,1,880.1364,289.246,623.048
1860,1,983.2436,309.238,913.652
1861,0,1029.4732,378.398,731.618
1862,1,992.1439,339.841,740.529
1863,1,1196.0630,393.276,1009.758
1864,1,928.5197,316.076,569.434
1865,0,1168.6129,380.014,1005.110
1866,0,957.9597,324.920,624.242
1867,0,854.2925,314.861,565.059
1868,0,1030.2504,343.446,753.038
1869,1,1000.0368,341.016,716.112
1870,1,1198.8320,388.453,812.235
1871,0,923.6244,330.676,583.486
1872,1,943.0424,279.145,625.093
1873,0,957.4840,258.693,625.599
1874,1,780.4359,282.871,496.625
1875,0,922.8601,342.478,772.426
1876,0,782.4216,256.246,489.228
1877,1,950.3465,348.903,915.425
1878,0,841.3087,288.115,674.225
1879,0,1163.9145,384.411,886.399
1880,0,1131.2064,357.033,890.315
1881,0,525.0327,151.390,151.390
1882,1,851.4635,283.401,528.113
1883,0,1212.1322,403.991,965.713
1884,1,825.2774,293.255,670.463
1885,1,992.7003,368.591,977.773
1886,0,948.1593,313.814,677.754
1887,0,1111.6981,361.678,1079.924
1888,0,804.8495,230.457,413.109
1889,0,896.0176,324.005,593.389
1890,1,709.4486,220.446,651.892
1891,1,1155.9996,348.621,1020.317
1892,0,1119.1374,388.835,790.447
1893,0,1133.5641,388.386,754.888
1894,1,978.2660,352.495,651.257
1895,0,952.7963,321.227,711.557
1896,0,1017.2302,341.955,608.101
1897,1,838.3090,259.757,399.223
1898,0,893.2510,312.675,464.025
1899,0,1001.3323,337.709,684.035
1900,0,1220.2560,410.370,825.690
1901,1,1008.6488,328.241,705.345
1902,1,880.0080,283.357,431.331
1903,1,1090.9779,322.961,625.531
1904,1,807.5663,309.762,563.708
1905,0,1342.6332,408.368,1040.776
1906,1,973.1359,340.984,648.158
1907,0,901.8474,302.820,659.826
1908,1,891.7545,274.593,564.485
1909,0,1028.6492,350.276,710.510
1910,1,980.2500,340.856,630.726
1911,1,817.1073,219.532,479.614
1912,0,899.1359,284.517,471.935
1913,0,879.6031,312.601,462.627
1914,1,992.4031,277.232,850.118
1915,1,896.8512,336.723,573.429
1916,1,734.9119,251.346,422.752
1917,1,933.7489,310.330,419.118
1918,1,1079.8242,369.102,763.340
1919,0,996.0122,360.102,744.304
1920,0,1227.5691,403.887,869.225
1921,0,1228.0076,405.708,876.294
1922,1,947.0337,329.391,588.619
1923,1,1080.7924,357.374,769.870
1924,1,1185.6991,399.714,849.396
1925,0,1027.9375,348.061,673.793
1926,0,988.5721,364.226,602.962
1927,0,975.0670,328.047,693.705
1928,0,858.7498,277.099,443.115
1929,0,461.3502,96.670,96.670
1930,1,1150.1801,343.626,720.620
1931,1,985.5458,292.763,583.503
1932,0,661.3820,204.976,268.832
1933,0,962.1221,349.387,689.227
1934,1,800.2371,282.383,319.561
1935,1,831.5380,281.428,532.162
1936,0,1105.7009,335.975,789.021
1937,0,893.4148,312.785,572.965
1938,1,1158.7215,429.865,755.749
1939,0,1154.5653,406.636,1106.804
1940,1,1103.1042,372.311,714.065
1941,1,1074.4157,373.794,602.678
1942,1,804.8764,277.571,533.085
1943,0,715.1549,204.235,688.943
1944,1,839.2168,308.344,457.406
1945,1,838.6802,323.066,428.464
1946,1,1101.8015,330.439,580.831
1947,1,993.0979,319.040,775.076
1948,1,875.3831,313.679,459.501
1949,1,956.3148,320.168,561.916
1950,1,1053.9601,345.895,638.741
1951,1,891.5139,296.879,471.455
1952,1,895.0789,292.991,446.417
1953,0,1064.5017,374.403,640.623
1954,1,1018.2242,334.630,676.384
1955,1,896.2740,323.456,713.186
1956,1,948.4656,317.282,638.024
1957,0,1060.9984,376.278,791.912
1958,1,823.9654,232.288,388.960
1959,0,788.1565,263.570,542.742
1960,0,1040.6674,354.593,739.411
1961,0,1139.5580,352.703,828.739
1962,0,925.1893,348.624,647.228
1963,0,739.6597,259.016,797.416
1964,0,962.0780,345.965,765.137
1965,0,731.9382,232.339,393.325
1966,1,1082.9647,367.630,687.070
1967,0,1116.3351,385.434,867.546
1968,1,894.6610,275.497,734.747
1969,0,906.6413,310.822,710.914
1970,0,1163.4021,387.555,803.145
1971,0,750.6998,236.887,308.141
1972,1,845.1804,259.733,468.659
1973,0,913.9381,288.713,481.521
1974,1,837.8706,295.921,730.443
1975,0,1006.5443,384.054,905.872
1976,1,839.9154,274.573,388.327
1977,1,971.5986,336.371,708.653
1978,0,897.0601,301.083,518.235
1979,0,547.6706,155.794,155.794
1980,1,1104.9775,371.672,648.462
1981,0,973.3691,339.098,726.892
1982,1,1195.6002,406.927,995.793
1983,1,1161.9041,393.075,1064.031
1984,1,783.9293,311.841,532.787
1985,1,775.3611,234.532,547.534
1986,1,865.6594,263.265,479.437
1987,0,1130.5132,371.528,824.566
1988,0,1120.7245,370.166,841.352
1989,0,1095.6903,395.437,1033.913
1990,1,969.5836,308.004,827.240
1991,0,780.4751,278.374,366.696
1992,0,847.8699,281.135,454.799
1993,1,822.5282,288.119,533.341
1994,1,794.3850,300.305,356.839
1995,1,957.6003,301.148,615.484
1996,1,1027.2211,405.080,729.060
1997,1,978.8797,325.069,749.071
1998,1,812.5618,278.576,388.102
1999,1,973.0486,351.097,548.139
2000,1,1078.4756,374.862,764.180
2001,0,941.4421,339.992,612.288
