ns_after_edge,mean_fixed_uA,mean_random_uA,std_fixed_uA,std_random_uA
-0.195,0.6104,0.6104,0.0620,0.0611
-0.185,0.6073,0.6072,0.0616,0.0607
-0.175,0.6040,0.6040,0.0613,0.0604
-0.165,0.6010,0.6009,0.0609,0.0601
-0.155,0.5978,0.5978,0.0606,0.0597
-0.145,0.5948,0.5948,0.0602,0.0594
-0.135,0.5918,0.5918,0.0599,0.0591
-0.125,0.5889,0.5888,0.0596,0.0588
-0.115,0.5859,0.5859,0.0592,0.0585
-0.105,0.5831,0.5830,0.0589,0.0582
-0.095,0.5802,0.5801,0.0586,0.0579
-0.085,0.5774,0.5774,0.0583,0.0576
-0.075,0.5745,0.5745,0.0580,0.0573
-0.065,0.5718,0.5718,0.0577,0.0570
-0.055,0.5765,0.5765,0.0583,0.0575
-0.045,-745.6658,-745.6461,1.1916,1.2260
-0.035,-842.9792,-842.9430,2.2554,2.3180
-0.025,-862.0292,-861.9878,2.5973,2.6690
-0.015,-790.5679,-790.5278,2.5330,2.6026
-0.005,-474.9348,-474.9111,1.5936,1.6362
0.005,206.6076,206.5700,2.0612,2.1196
0.015,1064.4407,1064.2935,8.2465,8.4728
0.025,1844.6082,1844.3238,15.2335,15.6394
0.035,2846.8522,2846.4400,21.3386,21.8915
0.045,4071.0013,4070.6516,20.0004,20.4659
0.055,4760.3048,4760.2957,46.1241,45.6643
0.065,3588.5518,3588.2937,71.9044,71.7817
0.075,2713.2438,2713.0356,92.1873,91.8676
0.085,2140.6222,2140.6257,115.7473,114.8543
0.095,1870.2734,1870.4028,155.0238,153.5486
0.105,1824.2123,1824.5205,219.6160,217.1641
0.115,1845.9265,1846.6980,274.1855,270.2625
0.125,1766.0850,1767.5381,282.6417,277.3660
0.135,1726.7021,1728.7568,286.1625,280.0012
0.145,2002.2074,2004.8395,339.7946,332.5243
0.155,2513.9841,2517.9511,429.1047,420.4121
0.165,2892.2941,2898.0571,498.2133,489.3011
0.175,2946.2796,2952.3801,514.1868,506.4495
0.185,2806.7324,2811.8237,500.3666,493.8446
0.195,2595.7832,2600.6364,469.9912,464.5739
0.205,2339.0777,2345.0418,421.2939,416.4904
0.215,2117.3334,2124.7824,394.9493,389.2930
0.225,1979.7183,1987.9644,395.9077,389.2122
0.235,1877.2092,1885.1083,388.2649,380.6125
0.245,1786.4633,1793.3056,363.4008,354.3538
0.255,1682.6515,1687.6894,329.4418,318.5226
0.265,1561.4777,1564.0887,295.3012,281.5597
0.275,1493.5360,1494.3194,286.1957,269.6088
0.285,1498.1027,1497.7013,298.2159,279.3537
0.295,1506.1038,1504.8809,309.0951,288.4165
0.305,1460.1459,1458.6933,305.1839,282.3657
0.315,1369.1736,1367.7857,296.4148,271.1142
0.325,1278.6799,1277.6932,293.6285,265.6600
0.335,1210.5490,1210.3214,295.0907,263.7172
0.345,1161.2789,1161.4830,291.8100,257.7421
0.355,1123.7986,1123.5235,280.2627,246.6984
0.365,1089.1512,1087.9707,266.3988,237.3972
0.375,1050.3718,1048.8210,253.4917,230.5754
0.385,1015.9016,1014.5468,243.0455,225.5415
0.395,994.2331,993.6139,235.2722,222.1998
0.405,969.9541,970.7537,226.1726,216.6840
0.415,931.5001,933.5737,216.5350,208.5754
0.425,887.4162,890.0260,210.2631,200.3716
0.435,844.6332,847.2822,207.5258,194.3923
0.445,799.4911,801.8138,206.8762,191.0345
0.455,751.9337,753.9843,207.8162,190.7057
0.465,710.0940,712.2148,210.7778,194.4862
0.475,677.1011,679.2154,214.4378,200.6750
0.485,650.5555,651.9981,217.3078,206.7827
0.495,628.8329,629.2367,218.7183,211.7822
0.505,606.9721,606.9244,216.4821,212.4551
0.515,580.7060,581.4966,212.5193,209.9175
0.525,550.2249,552.3733,208.6299,206.4547
0.535,518.5217,520.6689,205.5605,202.0996
0.545,488.0545,489.2455,203.8088,198.1837
0.555,455.9253,456.9156,199.9792,194.1316
0.565,420.5241,421.8688,192.5292,188.7894
0.575,384.7651,385.8796,184.2572,183.0274
0.585,349.7586,350.0271,175.3972,176.0875
0.595,314.7787,314.1030,162.9049,164.9025
0.605,281.0320,280.0165,149.5216,152.0088
0.615,249.8035,249.7440,138.8877,141.6296
0.625,220.4518,222.0260,128.9694,131.6501
0.635,193.3191,195.6076,118.7510,120.7009
0.645,167.5283,169.8305,106.5947,108.5186
0.655,142.6942,144.8514,92.8250,94.9268
0.665,120.9294,122.6557,80.8649,82.3471
0.675,102.7634,104.4558,70.8229,72.3983
0.685,87.8597,89.5966,63.0104,64.8785
0.695,75.7121,77.0717,57.5341,58.9235
0.705,65.0315,66.0223,52.1759,53.1458
0.715,54.8803,55.8869,45.0002,46.5851
0.725,45.4111,46.4614,36.7932,38.9280
0.735,37.3754,38.1558,29.5920,31.1653
0.745,30.9903,31.5038,24.0858,25.0089
0.755,25.8435,26.2536,19.7197,20.4026
0.765,21.6124,21.9505,16.0923,16.6209
0.775,18.1738,18.4423,13.1282,13.5265
0.785,15.3685,15.5846,10.7005,11.0104
0.795,13.0797,13.2510,8.7340,8.9676
0.805,11.2094,11.3458,7.1491,7.3232
0.815,9.6815,9.7894,5.8800,6.0058
0.825,8.4296,8.5155,4.8646,4.9534
0.835,7.4011,7.4697,4.0523,4.1126
0.845,6.5521,6.6072,3.4000,3.4392
0.855,5.8482,5.8929,2.8740,2.8977
0.865,5.2610,5.2977,2.4471,2.4597
0.875,4.7688,4.7994,2.0983,2.1031
0.885,4.3534,4.3791,1.8113,1.8107
0.895,4.0011,4.0232,1.5736,1.5694
0.905,3.7001,3.7193,1.3752,1.3688
0.915,3.4420,3.4589,1.2089,1.2012
0.925,3.2189,3.2340,1.0685,1.0601
0.935,3.0254,3.0391,0.9497,0.9410
0.945,2.8564,2.8690,0.8485,0.8399
0.955,2.7084,2.7201,0.7623,0.7538
0.965,2.5778,2.5887,0.6885,0.6803
0.975,2.4624,2.4727,0.6253,0.6175
0.985,2.3595,2.3693,0.5710,0.5635
0.995,2.2677,2.2771,0.5243,0.5173
1.005,2.1852,2.1942,0.4842,0.4775
1.015,2.1111,2.1198,0.4496,0.4432
1.025,2.0439,2.0523,0.4197,0.4137
1.035,1.9830,1.9911,0.3940,0.3882
1.045,1.9273,1.9352,0.3716,0.3661
1.055,1.8765,1.8842,0.3523,0.3469
1.065,1.8298,1.8373,0.3354,0.3302
1.075,1.7868,1.7941,0.3207,0.3157
1.085,1.7469,1.7541,0.3078,0.3029
1.095,1.7100,1.7171,0.2965,0.2917
1.105,1.6755,1.6824,0.2864,0.2817
1.115,1.6434,1.6502,0.2775,0.2729
1.125,1.6132,1.6199,0.2695,0.2650
1.135,1.5850,1.5915,0.2623,0.2579
1.145,1.5582,1.5646,0.2557,0.2514
1.155,1.5330,1.5394,0.2498,0.2456
1.165,1.5091,1.5153,0.2444,0.2402
1.175,1.4864,1.4926,0.2394,0.2353
1.185,1.4648,1.4708,0.2348,0.2307
1.195,1.4442,1.4502,0.2305,0.2264
1.205,1.4244,1.4303,0.2264,0.2224
1.215,1.4056,1.4114,0.2227,0.2187
1.225,1.3874,1.3931,0.2191,0.2152
1.235,1.3700,1.3757,0.2158,0.2119
1.245,1.3532,1.3588,0.2125,0.2087
1.255,1.3371,1.3426,0.2095,0.2057
1.265,1.3214,1.3268,0.2066,0.2028
1.275,1.3063,1.3116,0.2038,0.2001
1.285,1.2916,1.2969,0.2011,0.1974
1.295,1.2774,1.2827,0.1985,0.1949
1.305,1.2636,1.2688,0.1960,0.1925
1.315,1.2503,1.2554,0.1936,0.1901
1.325,1.2372,1.2422,0.1913,0.1878
1.335,1.2246,1.2296,0.1891,0.1856
1.345,1.2122,1.2171,0.1869,0.1835
1.355,1.2002,1.2051,0.1848,0.1814
1.365,1.1884,1.1932,0.1827,0.1794
1.375,1.1770,1.1818,0.1807,0.1774
1.385,1.1658,1.1705,0.1787,0.1755
1.395,1.1549,1.1596,0.1769,0.1736
1.405,1.1442,1.1488,0.1750,0.1718
1.415,1.1338,1.1383,0.1732,0.1700
1.425,1.1235,1.1280,0.1714,0.1683
1.435,1.1135,1.1180,0.1697,0.1666
1.445,1.1037,1.1081,0.1680,0.1649
1.455,1.0941,1.0985,0.1664,0.1633
1.465,1.0846,1.0889,0.1647,0.1617
1.475,1.0755,1.0797,0.1632,0.1602
1.485,1.0663,1.0706,0.1616,0.1587
1.495,1.0575,1.0617,0.1601,0.1572
1.505,1.0487,1.0529,0.1586,0.1557
1.515,1.0402,1.0443,0.1571,0.1543
1.525,1.0318,1.0358,0.1557,0.1529
1.535,1.0236,1.0276,0.1543,0.1515
1.545,1.0154,1.0194,0.1529,0.1502
1.555,1.0075,1.0114,0.1516,0.1489
1.565,0.9996,1.0035,0.1502,0.1476
1.575,0.9919,0.9958,0.1490,0.1463
1.585,0.9843,0.9881,0.1477,0.1450
1.595,0.9769,0.9807,0.1464,0.1438
1.605,0.9695,0.9733,0.1452,0.1426
1.615,0.9624,0.9661,0.1440,0.1414
1.625,0.9552,0.9589,0.1428,0.1402
1.635,0.9483,0.9519,0.1416,0.1391
1.645,0.9413,0.9450,0.1404,0.1380
1.655,0.9346,0.9382,0.1393,0.1369
1.665,0.9279,0.9315,0.1382,0.1358
1.675,0.9214,0.9250,0.1371,0.1347
1.685,0.9149,0.9184,0.1360,0.1336
1.695,0.9086,0.9121,0.1350,0.1326
1.705,0.9023,0.9057,0.1339,0.1316
1.715,0.8961,0.8996,0.1329,0.1306
1.725,0.8900,0.8934,0.1319,0.1296
1.735,0.8840,0.8874,0.1309,0.1286
1.745,0.8781,0.8814,0.1299,0.1276
1.755,0.8723,0.8756,0.1289,0.1267
1.765,0.8665,0.8698,0.1279,0.1257
1.775,0.8609,0.8641,0.1270,0.1248
1.785,0.8552,0.8585,0.1261,0.1239
1.795,0.8498,0.8530,0.1252,0.1230
1.805,0.8443,0.8475,0.1243,0.1221
1.815,0.8390,0.8421,0.1234,0.1213
1.825,0.8336,0.8368,0.1225,0.1204
1.835,0.8284,0.8316,0.1216,0.1196
1.845,0.8232,0.8263,0.1208,0.1187
1.855,0.8182,0.8213,0.1200,0.1179
1.865,0.8131,0.8162,0.1191,0.1171
1.875,0.8082,0.8112,0.1183,0.1163
1.885,0.8033,0.8063,0.1175,0.1155
1.895,0.7985,0.8015,0.1167,0.1147
1.905,0.7937,0.7966,0.1159,0.1140
1.915,0.7890,0.7919,0.1151,0.1132
1.925,0.7843,0.7872,0.1144,0.1125
1.935,0.7797,0.7827,0.1136,0.1117
1.945,0.7846,0.7873,0.1163,0.1143
1.955,446.4653,446.4668,1.4114,1.4322
1.965,418.5821,418.5877,0.2026,0.2234
1.975,434.3205,434.3266,0.2045,0.2207
1.985,509.2452,509.2527,0.2580,0.2850
1.995,663.1217,663.1294,0.2825,0.3175
2.005,922.4830,922.4863,0.1273,0.1267
2.015,1271.6248,1271.6178,0.8983,1.0883
2.025,1673.7341,1673.7107,2.6086,3.1626
2.035,2125.5375,2125.4876,5.0289,6.0722
2.045,2551.7435,2551.6570,7.7522,9.2986
2.055,2329.7593,2329.6618,13.9338,16.2113
2.065,3109.9986,3110.8413,29.8978,28.2599
2.075,4076.0796,4078.7501,70.7896,64.2692
2.085,4611.3366,4615.4650,107.5594,97.7265
2.095,4306.9939,4311.0837,117.5433,107.0391
2.105,3219.8180,3223.3130,130.0706,121.1229
2.115,2020.0036,2023.2322,158.6467,151.6367
2.125,1392.8382,1395.9790,173.8767,168.0679
2.135,1186.9110,1190.3320,175.5884,168.5226
2.145,1058.6515,1062.7357,171.5968,161.2586
2.155,892.2813,896.9564,148.5121,135.4561
2.165,731.6796,736.9428,132.6884,121.2469
2.175,663.3444,669.4836,144.4214,137.3295
2.185,589.9730,596.2394,146.8112,143.2386
2.195,428.9492,433.6889,111.3359,109.6849
2.205,257.3740,260.1464,65.1650,64.3162
2.215,164.2283,165.9599,40.7988,40.3872
2.225,130.4890,131.8982,33.3192,33.1310
2.235,109.6743,110.8921,28.8774,28.8191
2.245,93.2119,94.2648,25.0015,24.9904
2.255,78.8316,79.7318,21.4004,21.4143
2.265,66.5481,67.3115,18.1528,18.1679
2.275,55.9314,56.5740,15.2832,15.2973
2.285,46.9368,47.4747,12.7917,12.7986
2.295,39.2921,39.7402,10.6577,10.6591
2.305,32.8816,33.2538,8.8478,8.8424
2.315,27.4986,27.8069,7.3255,7.3152
2.325,23.0187,23.2735,6.0527,6.0378
2.335,19.2836,19.4940,4.9944,4.9761
2.345,16.1909,16.3644,4.1174,4.0961
2.355,13.6342,13.7772,3.3926,3.3693
2.365,11.5257,11.6437,2.7957,2.7708
2.375,9.7786,9.8759,2.3053,2.2793
2.385,8.3379,8.4183,1.9031,1.8764
2.395,7.1471,7.2135,1.5740,1.5468
2.405,6.1651,6.2201,1.3050,1.2776
2.415,5.3530,5.3986,1.0856,1.0583
2.425,4.6825,4.7206,0.9070,0.8799
2.435,4.1269,4.1587,0.7619,0.7351
2.445,3.6668,3.6934,0.6443,0.6180
2.455,3.2838,3.3062,0.5492,0.5236
2.465,2.9655,2.9846,0.4727,0.4479
2.475,2.7030,2.7192,0.4111,0.3873
2.485,2.4819,2.4958,0.3618,0.3391
2.495,2.2912,2.3032,0.3225,0.3009
2.505,2.1338,2.1443,0.2909,0.2706
2.515,1.9963,2.0055,0.2659,0.2468
2.525,1.8839,1.8921,0.2457,0.2279
2.535,1.7923,1.7996,0.2288,0.2122
2.545,1.7126,1.7191,0.2150,0.1997
2.555,1.6428,1.6488,0.2038,0.1895
2.565,1.5821,1.5877,0.1945,0.1812
2.575,1.5279,1.5330,0.1866,0.1741
2.585,1.4813,1.4861,0.1797,0.1680
2.595,1.4390,1.4435,0.1739,0.1628
2.605,1.4015,1.4058,0.1689,0.1584
2.615,1.3673,1.3714,0.1643,0.1543
2.625,1.3377,1.3416,0.1602,0.1506
2.635,1.3096,1.3133,0.1564,0.1472
2.645,1.2839,1.2876,0.1531,0.1443
2.655,1.2598,1.2633,0.1500,0.1414
2.665,1.2388,1.2422,0.1470,0.1387
2.675,1.2178,1.2212,0.1443,0.1362
2.685,1.1985,1.2019,0.1419,0.1340
2.695,1.1800,1.1832,0.1395,0.1318
2.705,1.1638,1.1670,0.1372,0.1296
2.715,1.1474,1.1505,0.1350,0.1276
2.725,1.1318,1.1349,0.1331,0.1258
2.735,1.1163,1.1194,0.1311,0.1240
2.745,1.1031,1.1061,0.1292,0.1222
2.755,1.0893,1.0923,0.1274,0.1204
2.765,1.0761,1.0791,0.1257,0.1189
2.775,1.0631,1.0660,0.1241,0.1173
2.785,1.0518,1.0547,0.1224,0.1158
2.795,1.0396,1.0425,0.1208,0.1143
2.805,1.0282,1.0310,0.1194,0.1130
2.815,1.0166,1.0194,0.1180,0.1116
2.825,1.0067,1.0096,0.1165,0.1102
2.835,0.9960,0.9988,0.1151,0.1088
2.845,0.9858,0.9885,0.1138,0.1077
2.855,0.9754,0.9781,0.1126,0.1065
2.865,0.9667,0.9694,0.1113,0.1053
2.875,0.9572,0.9599,0.1100,0.1041
2.885,0.9480,0.9507,0.1090,0.1031
2.895,0.9386,0.9413,0.1078,0.1020
2.905,0.9308,0.9335,0.1066,0.1009
2.915,0.9219,0.9245,0.1055,0.0998
2.925,0.9135,0.9161,0.1045,0.0989
2.935,0.9050,0.9076,0.1035,0.0979
2.945,0.8393,0.8419,0.1015,0.0960
2.955,-17.0233,-17.0993,19.4998,19.7278
2.965,-18.7853,-18.8282,21.4698,21.6276
2.975,-18.5075,-18.5528,21.5930,21.7624
2.985,-11.4362,-11.5144,20.8054,21.1104
2.995,15.2826,15.1016,16.7328,16.9753
3.005,70.8423,70.4587,21.4778,18.8889
3.015,132.9808,132.3567,39.3638,34.0496
3.025,184.8142,183.9667,55.2443,47.8912
3.035,229.8599,228.7993,68.6616,59.4951
3.045,267.1873,265.9414,79.6008,68.9126
3.055,321.5813,320.3230,106.3293,94.9509
3.065,323.4036,322.1810,109.8666,98.8272
3.075,308.3789,307.1898,103.1133,92.3630
3.085,300.6572,299.4608,98.1164,87.2957
3.095,274.0307,272.8494,84.6439,74.0862
3.105,224.9274,223.8000,66.4394,57.4895
3.115,193.8798,192.7530,62.3166,55.8220
3.125,188.6645,187.4397,70.1044,65.3054
3.135,199.4802,198.0941,82.8176,78.7891
3.145,186.0994,184.7728,80.7523,77.3584
3.155,127.9129,126.9961,56.2993,54.0598
3.165,73.2574,72.7364,32.1357,30.8631
3.175,49.3856,49.0341,21.7591,20.9246
3.185,41.2080,40.9140,18.2414,17.5601
3.195,35.5487,35.2952,15.8120,15.2374
3.205,30.6522,30.4344,13.6171,13.1259
3.215,26.1568,25.9718,11.6015,11.1869
3.225,22.2040,22.0481,9.7961,9.4459
3.235,18.7268,18.5965,8.2145,7.9213
3.245,15.7508,15.6424,6.8490,6.6035
3.255,13.2058,13.1161,5.6859,5.4816
3.265,11.0655,10.9917,4.7034,4.5332
3.275,9.2665,9.2059,3.8804,3.7392
3.285,7.7701,7.7205,3.1943,3.0770
3.295,6.5255,6.4851,2.6254,2.5281
3.305,5.4972,5.4643,2.1552,2.0742
3.315,4.6475,4.6209,1.7678,1.7005
3.325,3.9483,3.9268,1.4494,1.3931
3.335,3.3728,3.3555,1.1882,1.1412
3.345,2.9002,2.8863,0.9744,0.9348
3.355,2.5120,2.5010,0.7996,0.7662
3.365,2.1935,2.1848,0.6570,0.6286
3.375,1.9321,1.9252,0.5408,0.5166
3.385,1.7175,1.7122,0.4464,0.4254
3.395,1.5413,1.5372,0.3698,0.3516
3.405,1.3964,1.3933,0.3078,0.2918
3.415,1.2772,1.2750,0.2579,0.2437
3.425,1.1789,1.1774,0.2179,0.2051
3.435,1.0979,1.0969,0.1861,0.1744
3.445,1.0307,1.0302,0.1608,0.1500
3.455,0.9751,0.9749,0.1411,0.1310
3.465,0.9287,0.9288,0.1256,0.1162
3.475,0.8900,0.8904,0.1138,0.1049
3.485,0.8575,0.8581,0.1046,0.0962
3.495,0.8302,0.8310,0.0977,0.0896
3.505,0.8070,0.8079,0.0923,0.0846
3.515,0.7874,0.7884,0.0882,0.0808
3.525,0.7704,0.7715,0.0850,0.0778
3.535,0.7558,0.7569,0.0825,0.0756
3.545,0.7430,0.7442,0.0804,0.0737
3.555,0.7311,0.7324,0.0786,0.0722
3.565,0.7214,0.7227,0.0773,0.0709
3.575,0.7148,0.7161,0.0765,0.0702
3.585,0.7073,0.7086,0.0756,0.0694
3.595,0.6982,0.6996,0.0743,0.0683
3.605,0.6912,0.6926,0.0734,0.0676
3.615,0.6871,0.6884,0.0731,0.0672
3.625,0.6816,0.6830,0.0725,0.0667
3.635,0.6745,0.6758,0.0714,0.0658
3.645,0.6690,0.6704,0.0707,0.0652
3.655,0.6661,0.6675,0.0705,0.0650
3.665,0.6617,0.6631,0.0701,0.0646
3.675,0.6556,0.6570,0.0692,0.0638
3.685,0.6510,0.6524,0.0686,0.0634
3.695,0.6486,0.6500,0.0685,0.0632
3.705,0.6449,0.6463,0.0680,0.0628
3.715,0.6394,0.6408,0.0672,0.0621
3.725,0.6354,0.6368,0.0666,0.0617
3.735,0.6328,0.6341,0.0664,0.0614
3.745,0.6295,0.6309,0.0661,0.0611
3.755,0.6263,0.6277,0.0657,0.0608
3.765,0.6229,0.6243,0.0654,0.0605
3.775,0.6196,0.6210,0.0650,0.0601
3.785,0.6163,0.6176,0.0646,0.0598
3.795,0.6130,0.6144,0.0642,0.0595
3.805,0.6097,0.6111,0.0638,0.0591
3.815,0.6066,0.6079,0.0635,0.0588
3.825,0.6033,0.6047,0.0631,0.0585
3.835,0.6003,0.6016,0.0627,0.0582
3.845,0.5972,0.5985,0.0624,0.0578
3.855,0.5942,0.5955,0.0620,0.0575
3.865,0.5911,0.5925,0.0617,0.0572
3.875,0.5882,0.5895,0.0613,0.0569
3.885,0.5852,0.5866,0.0610,0.0566
3.895,0.5824,0.5837,0.0607,0.0563
3.905,0.5795,0.5808,0.0603,0.0560
3.915,0.5767,0.5781,0.0600,0.0558
3.925,0.5739,0.5752,0.0597,0.0555
3.935,0.5712,0.5725,0.0594,0.0552
3.945,0.5759,0.5772,0.0599,0.0558
3.955,-745.6468,-745.6648,1.1964,1.2214
3.965,-842.9399,-842.9817,2.2619,2.3118
3.975,-861.9838,-862.0325,2.6059,2.6608
3.985,-790.5236,-790.5714,2.5421,2.5938
3.995,-474.9074,-474.9380,1.6038,1.6264
4.005,206.5701,206.6072,2.0495,2.1307
4.015,1064.2913,1064.4411,8.2221,8.4964
4.025,1844.3346,1844.5942,15.1624,15.7080
4.035,2846.4729,2846.8151,21.2156,22.0102
4.045,4070.6220,4071.0241,19.9654,20.5002
4.055,4759.7228,4760.8546,48.0275,43.6750
4.065,3587.4124,3589.4030,74.2861,69.3303
4.075,2711.7800,2714.4650,95.2142,88.7425
4.085,2138.8809,2142.3248,119.7868,110.6543
4.095,1868.0274,1872.5906,160.6690,147.6610
4.105,1821.1469,1827.5021,227.8776,208.5249
4.115,1842.3955,1850.1255,284.9627,258.9383
4.125,1763.0079,1770.5134,294.2960,265.0429
4.135,1724.1790,1731.1831,298.2305,267.1932
4.145,1999.5103,2007.4239,354.4996,316.9061
4.155,2511.3841,2520.4181,448.0840,400.2734
4.165,2890.5929,2899.6245,519.7801,466.5227
4.175,2944.7737,2953.7511,536.5110,482.9593
4.185,2804.6894,2813.7257,522.7553,470.3134
4.195,2594.2120,2602.0814,491.7796,441.6791
4.205,2339.3823,2344.6487,441.2273,395.5307
4.215,2119.8588,2122.2056,409.7371,373.8476
4.225,1983.6520,1983.9982,404.9141,379.8957
4.235,1881.4038,1880.8861,394.6192,374.0333
4.245,1790.1379,1789.6009,370.8993,346.5137
4.255,1684.9056,1685.3912,338.2627,309.1630
4.265,1561.7174,1563.7794,302.6096,273.6793
4.275,1492.3543,1495.4079,290.9434,264.4147
4.285,1495.7223,1499.9683,301.0986,276.1386
4.295,1502.7893,1508.0722,311.5777,285.6227
4.305,1457.0528,1461.6692,308.3951,278.7662
4.315,1366.7032,1370.1456,300.5953,266.4002
4.325,1276.7254,1279.5453,299.3138,259.1949
4.335,1208.9952,1211.7865,301.8792,255.9105
4.345,1159.6694,1163.0156,297.7933,250.8049
4.355,1121.7292,1125.5243,284.1876,242.1542
4.365,1086.7266,1090.3375,268.9563,234.4868
4.375,1048.4042,1050.7499,256.3082,227.4600
4.385,1015.0092,1015.4244,247.0892,221.1571
4.395,994.3619,993.4944,240.4699,216.6458
4.405,970.9509,969.7847,232.4765,210.0162
4.415,932.8262,932.2794,223.5201,201.1992
4.425,888.5158,888.9554,216.4870,193.7515
4.435,845.5932,846.3523,212.1550,189.4296
4.445,800.4661,800.8728,210.4835,187.1369
4.455,752.9734,752.9879,211.2262,187.0055
4.465,711.3163,711.0491,214.3960,190.5812
4.475,678.2651,678.1150,218.7455,196.0692
4.485,651.1863,651.4281,222.4217,201.3720
4.495,629.0296,629.0982,224.8243,205.3953
4.505,606.9649,606.9878,223.1975,205.5004
4.515,580.8302,581.4267,219.3227,202.9070
4.525,551.0178,551.6382,215.5075,199.3715
4.535,519.7465,519.5024,211.8998,195.5316
4.545,489.2244,488.1301,208.9779,192.7842
4.555,457.0759,455.8165,204.1966,189.7305
4.565,421.7987,420.6410,196.2952,184.9026
4.575,386.0764,384.6098,187.6875,179.5331
4.585,351.1078,348.7178,178.5346,172.9208
4.595,315.9911,312.9280,165.9375,161.8600
4.605,281.6805,279.3969,151.8936,149.6479
4.615,250.2610,249.3111,140.3777,140.1579
4.625,221.4764,221.0305,129.9366,130.7013
4.635,194.6807,194.2755,119.0621,120.3994
4.645,168.8218,168.5622,106.3645,108.7461
4.655,143.8604,143.7071,92.1653,95.5656
4.665,121.8786,121.7243,79.7711,83.3981
4.675,103.6573,103.5781,69.8489,73.3326
4.685,88.7263,88.7448,62.3103,65.5513
4.695,76.3949,76.4005,56.8724,59.5599
4.705,65.5215,65.5410,51.5692,53.7303
4.715,55.3155,55.4593,44.7506,46.8260
4.725,45.8335,46.0460,36.8298,38.8994
4.735,37.6874,37.8489,29.4788,31.2748
4.745,31.2035,31.2942,23.8115,25.2687
4.755,26.0248,26.0753,19.4482,20.6598
4.765,21.7653,21.8001,15.8295,16.8694
4.775,18.2934,18.3247,12.8689,13.7713
4.785,15.4621,15.4926,10.4559,11.2408
4.795,13.1508,13.1810,8.5016,9.1861
4.805,11.2635,11.2927,6.9308,7.5281
4.815,9.7219,9.7497,5.6756,6.1973
4.825,8.4597,8.4858,4.6750,5.1308
4.835,7.4235,7.4477,3.8777,4.2759
4.845,6.5687,6.5909,3.2405,3.5882
4.855,5.8605,5.8808,2.7294,3.0327
4.865,5.2702,5.2886,2.3169,2.5812
4.875,4.7758,4.7924,1.9819,2.2119
4.885,4.3588,4.3738,1.7077,1.9076
4.895,4.0055,4.0189,1.4819,1.6552
4.905,3.7037,3.7157,1.2945,1.4445
4.915,3.4451,3.4558,1.1381,1.2677
4.925,3.2217,3.2312,1.0067,1.1183
4.935,3.0281,3.0365,0.8959,0.9918
4.945,2.8590,2.8665,0.8020,0.8840
4.955,2.7109,2.7176,0.7221,0.7920
4.965,2.5803,2.5862,0.6539,0.7133
4.975,2.4649,2.4701,0.5957,0.6458
4.985,2.3621,2.3667,0.5457,0.5878
4.995,2.2704,2.2745,0.5029,0.5380
5.005,2.1879,2.1916,0.4660,0.4950
5.015,2.1138,2.1170,0.4343,0.4581
5.025,2.0466,2.0495,0.4069,0.4262
5.035,1.9858,1.9883,0.3832,0.3987
5.045,1.9301,1.9324,0.3626,0.3749
5.055,1.8794,1.8814,0.3448,0.3543
5.065,1.8326,1.8344,0.3292,0.3364
5.075,1.7897,1.7913,0.3156,0.3209
5.085,1.7498,1.7512,0.3035,0.3072
5.095,1.7129,1.7142,0.2929,0.2953
5.105,1.6784,1.6796,0.2834,0.2847
5.115,1.6463,1.6474,0.2750,0.2754
5.125,1.6161,1.6170,0.2674,0.2671
5.135,1.5878,1.5887,0.2605,0.2597
5.145,1.5610,1.5618,0.2543,0.2529
5.155,1.5358,1.5366,0.2486,0.2469
5.165,1.5118,1.5126,0.2433,0.2413
5.175,1.4892,1.4899,0.2384,0.2362
5.185,1.4675,1.4681,0.2339,0.2315
5.195,1.4469,1.4475,0.2297,0.2272
5.205,1.4271,1.4276,0.2257,0.2232
5.215,1.4082,1.4088,0.2220,0.2194
5.225,1.3900,1.3905,0.2185,0.2158
5.235,1.3726,1.3731,0.2152,0.2125
5.245,1.3557,1.3562,0.2120,0.2093
5.255,1.3396,1.3400,0.2090,0.2063
5.265,1.3238,1.3243,0.2061,0.2034
5.275,1.3088,1.3092,0.2033,0.2006
5.285,1.2940,1.2944,0.2006,0.1980
5.295,1.2799,1.2803,0.1980,0.1955
5.305,1.2660,1.2664,0.1955,0.1930
5.315,1.2526,1.2530,0.1931,0.1907
5.325,1.2395,1.2399,0.1908,0.1884
5.335,1.2269,1.2273,0.1885,0.1862
5.345,1.2144,1.2148,0.1863,0.1840
5.355,1.2025,1.2028,0.1842,0.1820
5.365,1.1906,1.1910,0.1821,0.1799
5.375,1.1792,1.1796,0.1801,0.1780
5.385,1.1679,1.1683,0.1782,0.1761
5.395,1.1570,1.1574,0.1763,0.1742
5.405,1.1463,1.1467,0.1744,0.1724
5.415,1.1359,1.1362,0.1726,0.1707
5.425,1.1255,1.1259,0.1708,0.1689
5.435,1.1156,1.1159,0.1691,0.1672
5.445,1.1057,1.1061,0.1674,0.1656
5.455,1.0961,1.0965,0.1657,0.1640
5.465,1.0866,1.0870,0.1641,0.1624
5.475,1.0774,1.0778,0.1625,0.1609
5.485,1.0683,1.0686,0.1609,0.1593
5.495,1.0594,1.0598,0.1594,0.1579
5.505,1.0506,1.0510,0.1579,0.1564
5.515,1.0421,1.0425,0.1564,0.1550
5.525,1.0336,1.0340,0.1550,0.1536
5.535,1.0254,1.0258,0.1536,0.1523
5.545,1.0172,1.0176,0.1522,0.1509
5.555,1.0092,1.0096,0.1509,0.1496
5.565,1.0013,1.0017,0.1495,0.1483
5.575,0.9937,0.9941,0.1482,0.1470
5.585,0.9860,0.9864,0.1469,0.1458
5.595,0.9786,0.9790,0.1457,0.1446
5.605,0.9712,0.9716,0.1444,0.1434
5.615,0.9640,0.9644,0.1432,0.1422
5.625,0.9569,0.9572,0.1420,0.1410
5.635,0.9499,0.9503,0.1408,0.1399
5.645,0.9430,0.9434,0.1397,0.1388
5.655,0.9362,0.9366,0.1385,0.1377
5.665,0.9295,0.9299,0.1374,0.1366
5.675,0.9230,0.9234,0.1363,0.1355
5.685,0.9165,0.9169,0.1352,0.1344
5.695,0.9101,0.9105,0.1341,0.1334
5.705,0.9038,0.9042,0.1331,0.1324
5.715,0.8977,0.8980,0.1321,0.1314
5.725,0.8915,0.8919,0.1310,0.1304
5.735,0.8855,0.8859,0.1300,0.1294
5.745,0.8796,0.8799,0.1290,0.1285
5.755,0.8738,0.8742,0.1281,0.1275
5.765,0.8679,0.8683,0.1271,0.1266
5.775,0.8623,0.8627,0.1262,0.1257
5.785,0.8567,0.8570,0.1252,0.1248
5.795,0.8512,0.8516,0.1243,0.1239
5.805,0.8457,0.8461,0.1234,0.1230
5.815,0.8404,0.8407,0.1225,0.1221
5.825,0.8350,0.8354,0.1216,0.1213
5.835,0.8298,0.8302,0.1208,0.1205
5.845,0.8246,0.8250,0.1199,0.1196
5.855,0.8195,0.8199,0.1191,0.1188
5.865,0.8145,0.8148,0.1182,0.1180
5.875,0.8095,0.8099,0.1174,0.1172
5.885,0.8046,0.8050,0.1166,0.1164
5.895,0.7998,0.8002,0.1158,0.1156
5.905,0.7950,0.7953,0.1150,0.1149
5.915,0.7903,0.7907,0.1142,0.1141
5.925,0.7856,0.7859,0.1135,0.1134
5.935,0.7810,0.7814,0.1127,0.1126
5.945,0.7858,0.7861,0.1150,0.1155
5.955,446.4687,446.4641,1.4530,1.3906
5.965,418.5849,418.5849,0.2098,0.2167
5.975,434.3235,434.3236,0.2070,0.2184
5.985,509.2490,509.2490,0.2644,0.2791
5.995,663.1256,663.1255,0.2937,0.3073
6.005,922.4844,922.4849,0.1268,0.1273
6.015,1271.6196,1271.6229,1.0072,0.9896
6.025,1673.7181,1673.7266,2.9234,2.8779
6.035,2125.5051,2125.5197,5.6172,5.5396
6.045,2551.6903,2551.7094,8.6141,8.5168
6.055,2329.6850,2329.7348,15.1930,15.0528
6.065,3110.3048,3110.5391,31.0066,27.0605
6.075,4077.1394,4077.7052,71.8426,63.1335
6.085,4612.9378,4613.8867,109.0043,96.1772
6.095,4308.3867,4309.7110,120.1209,104.2119
6.105,3220.8038,3222.3426,134.5404,116.2223
6.115,2020.8617,2022.3872,164.9687,144.8356
6.125,1393.6780,1395.1500,181.0651,160.4084
6.135,1187.8885,1189.3669,182.6995,160.8990
6.145,1059.9683,1061.4366,177.9939,154.2832
6.155,893.9863,895.2747,152.6933,130.8252
6.165,733.7890,734.8625,134.1815,119.6718
6.175,665.9358,666.9285,144.5040,137.3147
6.185,592.6769,593.5733,146.4375,143.6871
6.195,431.0069,431.6600,110.9539,110.1197
6.205,258.5761,258.9610,64.9043,64.6069
6.215,164.9792,165.2194,40.6056,40.5981
6.225,131.1020,131.2936,33.1486,33.3150
6.235,110.2055,110.3682,28.7238,28.9834
6.245,93.6717,93.8113,24.8660,25.1350
6.255,79.2249,79.3439,21.2823,21.5399
6.265,66.8815,66.9826,18.0511,18.2760
6.275,56.2119,56.2974,15.1961,15.3897
6.285,47.1713,47.2434,12.7176,12.8771
6.295,39.4871,39.5479,10.5948,10.7256
6.305,33.0432,33.0944,8.7946,8.8986
6.315,27.6321,27.6752,7.2806,7.3626
6.325,23.1287,23.1651,6.0150,6.0776
6.335,19.3740,19.4048,4.9627,5.0096
6.345,16.2651,16.2912,4.0907,4.1243
6.355,13.6950,13.7172,3.3702,3.3930
6.365,11.5755,11.5946,2.7769,2.7906
6.375,9.8193,9.8358,2.2896,2.2960
6.385,8.3712,8.3854,1.8900,1.8903
6.395,7.1743,7.1867,1.5630,1.5584
6.405,6.1873,6.1981,1.2960,1.2872
6.415,5.3711,5.3807,1.0782,1.0661
6.425,4.6974,4.7059,0.9011,0.8862
6.435,4.1391,4.1467,0.7573,0.7401
6.445,3.6767,3.6836,0.6408,0.6218
6.455,3.2919,3.2982,0.5467,0.5263
6.465,2.9722,2.9780,0.4711,0.4496
6.475,2.7085,2.7138,0.4104,0.3881
6.485,2.4864,2.4914,0.3619,0.3391
6.495,2.2949,2.2996,0.3232,0.3002
6.505,2.1369,2.1412,0.2923,0.2691
6.515,1.9988,2.0029,0.2678,0.2448
6.525,1.8861,1.8900,0.2480,0.2254
6.535,1.7941,1.7978,0.2315,0.2093
6.545,1.7141,1.7176,0.2180,0.1964
6.555,1.6441,1.6475,0.2070,0.1860
6.565,1.5833,1.5865,0.1979,0.1775
6.575,1.5289,1.5321,0.1900,0.1703
6.585,1.4822,1.4852,0.1833,0.1642
6.595,1.4398,1.4427,0.1775,0.1589
6.605,1.4023,1.4051,0.1725,0.1545
6.615,1.3679,1.3707,0.1679,0.1504
6.625,1.3383,1.3410,0.1637,0.1467
6.635,1.3102,1.3128,0.1600,0.1434
6.645,1.2845,1.2870,0.1566,0.1405
6.655,1.2603,1.2628,0.1535,0.1377
6.665,1.2393,1.2417,0.1504,0.1350
6.675,1.2183,1.2207,0.1477,0.1326
6.685,1.1990,1.2014,0.1452,0.1305
6.695,1.1805,1.1828,0.1427,0.1283
6.705,1.1643,1.1665,0.1403,0.1262
6.715,1.1479,1.1500,0.1381,0.1243
6.725,1.1323,1.1345,0.1361,0.1225
6.735,1.1168,1.1189,0.1341,0.1208
6.745,1.1036,1.1056,0.1321,0.1190
6.755,1.0898,1.0918,0.1302,0.1174
6.765,1.0767,1.0786,0.1285,0.1159
6.775,1.0636,1.0655,0.1268,0.1144
6.785,1.0523,1.0542,0.1250,0.1129
6.795,1.0401,1.0420,0.1234,0.1115
6.805,1.0287,1.0305,0.1220,0.1103
6.815,1.0171,1.0189,0.1204,0.1089
6.825,1.0073,1.0090,0.1189,0.1076
6.835,0.9965,0.9983,0.1174,0.1063
6.845,0.9863,0.9880,0.1161,0.1052
6.855,0.9759,0.9776,0.1149,0.1041
6.865,0.9672,0.9689,0.1135,0.1029
6.875,0.9577,0.9593,0.1122,0.1018
6.885,0.9486,0.9501,0.1111,0.1008
6.895,0.9392,0.9408,0.1098,0.0998
6.905,0.9314,0.9329,0.1086,0.0987
6.915,0.9225,0.9240,0.1075,0.0977
6.925,0.9141,0.9156,0.1065,0.0969
6.935,0.9056,0.9071,0.1054,0.0959
6.945,0.8399,0.8414,0.1031,0.0942
6.955,-16.9861,-17.1346,19.8045,19.4255
6.965,-18.7171,-18.8940,21.7619,21.3371
6.975,-18.4411,-18.6168,21.8920,21.4651
6.985,-11.4071,-11.5415,21.1619,20.7575
6.995,15.1763,15.2079,16.9775,16.7341
7.005,70.4574,70.8393,20.2325,20.2011
7.015,132.2806,133.0479,36.8757,36.6962
7.025,183.8450,184.9232,51.8257,51.5252
7.035,228.6520,229.9915,64.3946,64.0317
7.045,265.7791,267.3313,74.6121,74.2181
7.055,319.9497,321.9309,101.3404,100.1890
7.065,321.7738,323.7865,105.1044,103.8110
7.075,306.8188,308.7269,98.4311,97.2725
7.085,299.1262,300.9696,93.3360,92.3231
7.095,272.6114,274.2493,79.8327,79.1815
7.105,223.7213,224.9913,62.1897,62.0057
7.115,192.7996,193.8215,59.1893,59.0883
7.125,187.5796,188.5143,67.8616,67.6063
7.135,198.3090,199.2551,81.0403,80.5961
7.145,184.9981,185.8648,79.3089,78.8218
7.155,127.1557,127.7470,55.3617,55.0095
7.165,72.8262,73.1640,31.6032,31.4024
7.175,49.0957,49.3216,21.4140,21.2740
7.185,40.9663,41.1537,17.9624,17.8424
7.195,35.3407,35.5016,15.5789,15.4732
7.205,30.4734,30.6118,13.4184,13.3269
7.215,26.0049,26.1225,11.4344,11.3559
7.225,22.0757,22.1753,9.6550,9.5886
7.235,18.6194,18.7030,8.0965,8.0407
7.245,15.6612,15.7312,6.7500,6.7035
7.255,13.1314,13.1899,5.6036,5.5649
7.265,11.0040,11.0527,4.6347,4.6027
7.275,9.2158,9.2562,3.8233,3.7969
7.285,7.7284,7.7620,3.1468,3.1250
7.295,6.4912,6.5191,2.5860,2.5680
7.305,5.4690,5.4923,2.1223,2.1075
7.315,4.6244,4.6438,1.7404,1.7282
7.325,3.9294,3.9456,1.4264,1.4163
7.335,3.3573,3.3708,1.1690,1.1606
7.345,2.8875,2.8989,0.9582,0.9512
7.355,2.5016,2.5113,0.7860,0.7801
7.365,2.1850,2.1932,0.6454,0.6404
7.375,1.9251,1.9321,0.5309,0.5266
7.385,1.7118,1.7178,0.4379,0.4341
7.395,1.5366,1.5418,0.3625,0.3590
7.405,1.3926,1.3971,0.3014,0.2983
7.415,1.2741,1.2781,0.2524,0.2494
7.425,1.1763,1.1799,0.2130,0.2101
7.435,1.0958,1.0990,0.1817,0.1788
7.445,1.0290,1.0319,0.1570,0.1540
7.455,0.9737,0.9763,0.1376,0.1346
7.465,0.9275,0.9300,0.1226,0.1194
7.475,0.8891,0.8914,0.1110,0.1077
7.485,0.8568,0.8589,0.1021,0.0988
7.495,0.8296,0.8316,0.0954,0.0920
7.505,0.8065,0.8084,0.0903,0.0867
7.515,0.7869,0.7888,0.0863,0.0828
7.525,0.7700,0.7718,0.0832,0.0797
7.535,0.7555,0.7572,0.0809,0.0773
7.545,0.7428,0.7444,0.0789,0.0753
7.555,0.7310,0.7325,0.0772,0.0736
7.565,0.7212,0.7228,0.0759,0.0724
7.575,0.7147,0.7163,0.0752,0.0717
7.585,0.7072,0.7087,0.0743,0.0708
7.595,0.6982,0.6996,0.0731,0.0696
7.605,0.6912,0.6926,0.0722,0.0688
7.615,0.6870,0.6885,0.0719,0.0685
7.625,0.6816,0.6830,0.0713,0.0679
7.635,0.6745,0.6758,0.0703,0.0670
7.645,0.6691,0.6704,0.0696,0.0664
7.655,0.6661,0.6674,0.0694,0.0662
7.665,0.6618,0.6631,0.0689,0.0657
7.675,0.6556,0.6569,0.0681,0.0649
7.685,0.6511,0.6523,0.0676,0.0644
7.695,0.6487,0.6500,0.0674,0.0643
7.705,0.6449,0.6462,0.0670,0.0639
7.715,0.6395,0.6407,0.0662,0.0631
7.725,0.6355,0.6367,0.0657,0.0627
7.735,0.6329,0.6341,0.0654,0.0625
7.745,0.6297,0.6309,0.0651,0.0622
7.755,0.6264,0.6276,0.0647,0.0619
7.765,0.6230,0.6242,0.0644,0.0615
7.775,0.6197,0.6209,0.0640,0.0612
7.785,0.6164,0.6175,0.0636,0.0608
7.795,0.6131,0.6143,0.0632,0.0605
