file,bytes,sha256,source,description
campaigns.csv,1787,a7f584b4c8f55a655e11e6ad4d557ce7192fe52f2d36ae5a9cc3bbebe5de4c95,"results/kill_test/summary.json, runs/kt/<c>/manifest.json","one row per SPICE campaign: stimulus, hashes, simulator and headline TVLA result"
charge_models_DA_tvla.csv,65711,6c8e6403f91801969a1014c7d5d474b5bbd825ce7186acd40f2b96b91a6516e1,"runs/kt/DA_tvla/traces.npy (rows 3-19999), model/toggle.py, model/glitch.py","charge per window, SPICE vs the zero-delay (level 1) and timing-aware (level 2) models, first 2000 analysed rows"
charge_models_D_tvla.csv,66109,6793bfada6d954ea0db1fbcf00204e64a27d3531a87bfc393f252ba17b32f620,"runs/kt/D_tvla/traces.npy (rows 3-19999), model/toggle.py, model/glitch.py","charge per window, SPICE vs the zero-delay (level 1) and timing-aware (level 2) models, first 2000 analysed rows"
charge_models_N_masksoff.csv,29676,aafd6dd8db3446803940ffe02852226244f34d1ee6a5bb60962f7b31881f99de,"runs/kt/N_masksoff/traces.npy (rows 2-999), model/toggle.py, model/glitch.py","charge per window, SPICE vs the zero-delay (level 1) and timing-aware (level 2) models, first 998 analysed rows"
charge_models_N_rvr.csv,63669,3b4bd6b61b38051e1efbf8a96506b712ac51158d321187f2496566f8adcbdda9,"runs/kt/N_rvr/traces.npy (rows 2-9999), model/toggle.py, model/glitch.py","charge per window, SPICE vs the zero-delay (level 1) and timing-aware (level 2) models, first 2000 analysed rows"
charge_models_N_tvla.csv,63761,8f139a9b0af565bca136759cd9e7ad2e0341f9d7be79ca131c3fab153322e354,"runs/kt/N_tvla/traces.npy (rows 2-9999), model/toggle.py, model/glitch.py","charge per window, SPICE vs the zero-delay (level 1) and timing-aware (level 2) models, first 2000 analysed rows"
charge_models_U_tvla.csv,59650,7e8bc8f2d0a7583d18d557aff4443074e2da0039c69b7701acc1f27b31744717,"runs/kt/U_tvla/traces.npy (rows 2-1999), model/toggle.py, model/glitch.py","charge per window, SPICE vs the zero-delay (level 1) and timing-aware (level 2) models, first 1998 analysed rows"
class_stats_DA_tvla.csv,29408,b9c9180b4b08775766a1e6c92bb94971d0bcf247cbf8501de4b3072dfd49f138,runs/kt/DA_tvla/traces.npy (rows 3-19999),"supply current per class over 19997 traces (9936 fixed, 10061 random); label 0 = fixed"
class_stats_D_tvla.csv,29439,ff472f38d0541f602d1cbd033b6bbd85ee451c31c1621967d0bc2ec3f21b3cb4,runs/kt/D_tvla/traces.npy (rows 3-19999),"supply current per class over 19997 traces (9936 fixed, 10061 random); label 0 = fixed"
class_stats_N_masksoff.csv,14670,9ec67c3c7aa4df27752c38eaa20eb29696b951430dcbc119474807529dfa86fc,runs/kt/N_masksoff/traces.npy (rows 2-999),"supply current per class over 998 traces (508 fixed, 490 random); label 0 = fixed"
class_stats_N_rvr.csv,14954,f3b4380f6db33635fbb599a1fdde8ad32764b5af457f046ba06519ffcda49163,runs/kt/N_rvr/traces.npy (rows 2-9999),"supply current per class over 9998 traces (5005 fixed, 4993 random); label 0 = fixed"
class_stats_N_tvla.csv,14971,f100ff1636a814c62ac5a02b613466b7b6bcacdee823517a470030eb5ee945db,runs/kt/N_tvla/traces.npy (rows 2-9999),"supply current per class over 9998 traces (5010 fixed, 4988 random); label 0 = fixed"
class_stats_U_tvla.csv,14497,43d681df29e37088cd3f25c0e87d74f52c9d26cd2987ed82c78ee28f080cd7eb,runs/kt/U_tvla/traces.npy (rows 2-1999),"supply current per class over 1998 traces (1063 fixed, 935 random); label 0 = fixed"
cost__cost.csv,2760,00e87178971bebb0e3da28fbb0de9da2f85ac5e22f28a68a754719e927a2fa29,results/cost/cost.csv,copy of a later step's result
cpa_rank_vs_traces.csv,22485,3cb60a77615d3bd552d5c83e04e3015885b4835f8b478a0cf71b812c9f8e7c74,results/kill_test/cpa_rank_vs_traces.csv,copy of the committed kill-test result
demo_reference_N_masksoff.csv,186557,428055b9d917de4319ec3d5a7953e78dc50bf18cec7d8d7e8f5043566313d8e6,"runs/demo/N_masksoff (ngspice-42, pdk 0fe599b2af)","reference for the live SPICE demo: same rows (60), chunking (30) and settings; y_registered = the registered S-box output (shares XORed), 5-bit value, y0 = MSB"
key_recovery__ge_vs_traces.csv,239820,75393e87b11e3320ebd4df35c8ddfd6dc6fddf26a35c733e43663e366423f6a3,results/key_recovery/ge_vs_traces.csv,copy of a later step's result
key_recovery__summary.json,388581,cdb3bfbed7176decf0332aba3f1db9dfe8411971a68f662c0b9b89aed1d7c7b2,results/key_recovery/summary.json,copy of a later step's result
kill_test_summary.json,159907,998620e776f8cdb0c06501274918e932a3678dee60d1dcf668efa6ae4b5c43a1,results/kill_test/summary.json,every number of docs/KILL_TEST.md (written by analysis/kill_test.py)
layout__negative_controls.json,7266,a826f06d7c371d3a11fc7fbbc3e9005d479385dc1ca7738498d0868042cbad1a,results/layout/negative_controls.json,copy of a later step's result
layout__placement_DA.csv,28447,65f96039c08c2562e749d59d46ba025935c08efb6cb36f59cd656ea9e2f0ae2a,results/layout/placement_DA.csv,copy of a later step's result
layout__placement_N.csv,19399,3cdabc03e018811aa6d194a7d25f5385914482f4db1a8ee657ab1eb2cc7d192f,results/layout/placement_N.csv,copy of a later step's result
layout__placement_U.csv,6310,6faed4bf2bc4cee07835b97a3b9352a977f58f5f9c1f416c69c81cfec26955be,results/layout/placement_U.csv,copy of a later step's result
layout__summary.json,10521,0c2e9934bf4ef95f09894244720b34f7979004d7033fff4a3b2a30beab4f5de8,results/layout/summary.json,copy of a later step's result
maxt_vs_traces_DA_tvla.csv,5377,d0fdd11792bbb8240b139793a3180bc71668f30324bea76eed6d3dcd972e933e,results/kill_test/maxt_vs_traces_DA_tvla.csv,copy of the committed kill-test result
maxt_vs_traces_D_tvla.csv,5460,a49872e6b136a7f7a90bb79ff33223b87a5b75973fe9f09f81002a40c41e324a,results/kill_test/maxt_vs_traces_D_tvla.csv,copy of the committed kill-test result
maxt_vs_traces_N_masksoff.csv,3010,4eb212dd6ad4bc9c59c206fd45a5b7c5b6799e729751b314a555be1c2ed90cbc,results/kill_test/maxt_vs_traces_N_masksoff.csv,copy of the committed kill-test result
maxt_vs_traces_N_rvr.csv,4094,c9993305ef952c73163b1cbceadd68d0a6276a1f38d67462567f9f6deb641952,results/kill_test/maxt_vs_traces_N_rvr.csv,copy of the committed kill-test result
maxt_vs_traces_N_tvla.csv,4118,b0a8b8f5a5806e8383c5aecdb53ee0ce98bed8f40a4ac0c0f2860da137ea1e63,results/kill_test/maxt_vs_traces_N_tvla.csv,copy of the committed kill-test result
maxt_vs_traces_U_tvla.csv,3215,b8eb621f1029e950cf306f40eb15f13aa5d3af8fbc905365a9b177eeba80b4ee,results/kill_test/maxt_vs_traces_U_tvla.csv,copy of the committed kill-test result
node_events_D.csv,123051,c19057bcd32c06d208ceabcd40650c5e4cd5db5024a2c966cffc7f3ea6b72180,runs/kt/D_nodes/events.npz,"SPICE VDD/2 crossings of every net, cycles 0-99 of the node re-run on the shared stimulus (rows_M_tvla.csv); window starts 0.2 ns before the capturing edge, period 4.0 ns, latency 2"
node_events_N.csv,246778,8a5cbe14c3fffe186996268ce5e16d1aab95f035f5cd61b585a316ef0b6a3691,runs/kt/N_nodes/events.npz,"SPICE VDD/2 crossings of every net, cycles 0-199 of the node re-run on the shared stimulus (rows_M_tvla.csv); window starts 0.2 ns before the capturing edge, period 4.0 ns, latency 1"
pernet_t_DA_level2_nets.csv,240223,a83346832cb064172e21cbf189597ee944b79c10af9e2148cccd6cc94dedb77d,results/kill_test/pernet_t_DA_level2_nets.csv,copy of the committed kill-test result
pernet_t_D_level2_nets.csv,240421,ef389c28d72fb0fc873bc1bad351ab6b9c659f6e2805f7d427dda11145593d06,results/kill_test/pernet_t_D_level2_nets.csv,copy of the committed kill-test result
pernet_t_D_spice_nodes.csv,240496,ca61c3b8961144298f299e7f99303bfe3558dfd0243f4db97fcf8dd1ecf2dcf7,results/kill_test/pernet_t_D_spice_nodes.csv,copy of the committed kill-test result
pernet_t_N_level2_nets.csv,90783,2334b2e75ee3b745cf477baae2c5d9216c0af7cdf6367bb3c6a045e4e39a89b1,results/kill_test/pernet_t_N_level2_nets.csv,copy of the committed kill-test result
pernet_t_N_spice_nodes.csv,90668,fac95e3459b46aa8243319430625a0eb3b4e8c5d137c68e17b3ce04e40c46c14,results/kill_test/pernet_t_N_spice_nodes.csv,copy of the committed kill-test result
pex__bench.json,2185,2520ec030d58c3e9d76ee4b01c4e770b95644d8f5bdfb9f6a544d9716a2f2d0b,results/pex/bench.json,copy of a later step's result
pex__maxt_vs_traces_DA_pex.csv,2168,6f5ad4198bce28a4f5ddc6e40e8ad82c32d5d24daaba58c0ff2c7602db77f0d9,results/pex/maxt_vs_traces_DA_pex.csv,copy of a later step's result
pex__maxt_vs_traces_N_pex.csv,1814,52f937335b03b1d044abb8bd9ce382b23651a586f22ca9f9475ee97700574a78,results/pex/maxt_vs_traces_N_pex.csv,copy of a later step's result
pex__netcap_DA.csv,4706,9fc5cab6d294279266814dd1136cb3e738fd2c6681ecde9c04239f4f8b3ad980,results/pex/netcap_DA.csv,copy of a later step's result
pex__netcap_N.csv,3606,a1dd83ccea02005da52fe9e7a03a805907a5a9dd4a208d93454cba1e9be47f37,results/pex/netcap_N.csv,copy of a later step's result
pex__netcap_U.csv,1111,d6072f497efc3f05129afc8d787a10f9d73e2a75c2bfe9eaece0df35776508a6,results/pex/netcap_U.csv,copy of a later step's result
pex__node_timing_N.json,1337,f569fe6a5002a9270da54cb8985669fa59c1160dbdc900f9e24902a0c5a378bd,results/pex/node_timing_N.json,copy of a later step's result
pex__rc_check.json,5619,780e5e0e444207f814934a68d090d7feb83484119981f4b3407e12bfbe76e264,results/pex/rc_check.json,copy of a later step's result
pex__sanity_DA.json,1459,2bf2213238f569cc1ec21d7ed5cb19454d718f1361a961393b74471d9d54b537,results/pex/sanity_DA.json,copy of a later step's result
pex__sanity_N.json,953,0f83d4e54ad3d05cd9ed35fe5e3a9e967295b67d6c195fae0893dd40783242df,results/pex/sanity_N.json,copy of a later step's result
pex__summary_postlayout.json,31317,3521a61817d74db530fa1d626a9e462719d52d74eb20a7fa3c8eee13cec9fd56,results/pex/summary_postlayout.json,copy of a later step's result
pex__tcurve_DA_pex.csv,41463,a78218ecf9e34d745dd4e5d4beb5d76921ba300121b0e28c297ac9e45c31c3bf,results/pex/tcurve_DA_pex.csv,copy of a later step's result
pex__tcurve_N_pex.csv,20243,75b14d20fccf5701e47af61c092528d8d5d532106ccd979fa2f4ddbc759bb9dc,results/pex/tcurve_N_pex.csv,copy of a later step's result
probing_nets.csv,8719,e8ed938cfcffc708f391b7e2c625f4fbaf7e56ed5f133cbb91c0c45232e5eb93,results/probing/<V>.json,exact first-order probing per net: 1 = the net's (glitch-extended) observation depends on the unshared input
rows_M_tvla.csv,29309,07224a67fb014fa2bcf0f3b3604f28c0d70796a8f4f9654747b436ec8039d915,"runs/kt/stim/M_tvla.meta.npz (model/stimulus.py, tvla, seed 202)","first 2000 rows of the stimulus shared by N_tvla, D_tvla and DA_tvla; label 0 = fixed x = 0x0B; mask = share 1, r = fresh bits"
tcurve_DA_tvla.csv,48173,ca7573fe07792b25fe50666a6f9a6701563230cd726c10477d40cb495c7d6591,results/kill_test/tcurve_DA_tvla.csv,copy of the committed kill-test result
tcurve_D_tvla.csv,48040,67f0f87762fe6180ed6a641de0fd86285b2668eb5ebb1f45c5a9c8f5e89cfd59,results/kill_test/tcurve_D_tvla.csv,copy of the committed kill-test result
tcurve_N_masksoff.csv,24689,edcdcb808f25f7ce99eca0b8b2681947dd35c9ada02f855eb8f375333877def8,results/kill_test/tcurve_N_masksoff.csv,copy of the committed kill-test result
tcurve_N_rvr.csv,23888,d74bc876660696fcbc567c821f71bba65b7c74936d8de02ddc54c860be218917,results/kill_test/tcurve_N_rvr.csv,copy of the committed kill-test result
tcurve_N_tvla.csv,23737,9094075bbcdd57057da4c4edcfea0720fb608b890f9cd2bc9228d0472270aa37,results/kill_test/tcurve_N_tvla.csv,copy of the committed kill-test result
tcurve_U_tvla.csv,24646,362eed48a2f81dfdf00912fbfb7e7807ed91585ad938b22304c3ee56681b5935,results/kill_test/tcurve_U_tvla.csv,copy of the committed kill-test result
traces_first50_DA_tvla.csv,239347,882aa6cf7e2bc21f7f1f9b005e4d45c122755cfd24a9cc5a9387395958007cef,runs/kt/DA_tvla/traces.npy (rows 3-19999),the first 50 analysed supply-current traces (uA per 10 ps bin)
traces_first50_D_tvla.csv,239167,30ad025e737d543cb2c2c4e88f365ff8e4c3767097ff9e13e0747a9c0770a67d,runs/kt/D_tvla/traces.npy (rows 3-19999),the first 50 analysed supply-current traces (uA per 10 ps bin)
traces_first50_N_masksoff.csv,115802,ed43f8018584270bd012b327c4bee028d4458276c3ecf9b1cfda50c28ebae79f,runs/kt/N_masksoff/traces.npy (rows 2-999),the first 50 analysed supply-current traces (uA per 10 ps bin)
traces_first50_N_rvr.csv,122030,b3899d29d5f766c2c9ae527798478b1afdea7211605da43f8826e93d5639222c,runs/kt/N_rvr/traces.npy (rows 2-9999),the first 50 analysed supply-current traces (uA per 10 ps bin)
traces_first50_N_tvla.csv,122430,9d57faa40db20b9adb2478d9e504b8aa2db2ac98599a8eff9e628d3348dcb8e3,runs/kt/N_tvla/traces.npy (rows 2-9999),the first 50 analysed supply-current traces (uA per 10 ps bin)
traces_first50_U_tvla.csv,113264,2a8bb9658ce5d9658c5658598ad95569768ca44509c450906d960d8ea6258e5a,runs/kt/U_tvla/traces.npy (rows 2-1999),the first 50 analysed supply-current traces (uA per 10 ps bin)
tvla_t_checkpoints_DA_tvla.csv,116044,e58997a1b3c3f6847d3757083f5dc807355c28a5a5344da6c301afc7dce21eed,runs/kt/DA_tvla/traces.npy (rows 3-19999),first-order Welch t per 10 ps sample after `traces` traces (TVLA slider)
tvla_t_checkpoints_D_tvla.csv,115997,1674a63fd97997d7ba37822b3707105b4b7239fe59687e02b1a7688a3b3a2415,runs/kt/D_tvla/traces.npy (rows 3-19999),first-order Welch t per 10 ps sample after `traces` traces (TVLA slider)
tvla_t_checkpoints_N_masksoff.csv,62991,a0bd20d5dbd5c3d0e2bf68aa938f13406f302d3a9e44658d2e180aba4881184a,runs/kt/N_masksoff/traces.npy (rows 2-999),first-order Welch t per 10 ps sample after `traces` traces (TVLA slider)
tvla_t_checkpoints_N_rvr.csv,56669,6c702875c33e969b2bde9c200e0649bcff16ce0c5c16ad6fd87a361be21fbdc7,runs/kt/N_rvr/traces.npy (rows 2-9999),first-order Welch t per 10 ps sample after `traces` traces (TVLA slider)
tvla_t_checkpoints_N_tvla.csv,54233,3197576651b16cfe18d61d5a2a32b5e3eecb074510adc6f269eeb971f0c5398d,runs/kt/N_tvla/traces.npy (rows 2-9999),first-order Welch t per 10 ps sample after `traces` traces (TVLA slider)
tvla_t_checkpoints_U_tvla.csv,63471,a63ad3ccdc860544e8604a4849a6bf6ef6da285216031a502a8a6c4f9a2b54e5,runs/kt/U_tvla/traces.npy (rows 2-1999),first-order Welch t per 10 ps sample after `traces` traces (TVLA slider)
variants.csv,763,a41236c54dd14adbb246bacd0b2b4bcf402b3e3289dbe190991be0806a36f8c4,"results/kill_test/summary.json (setup), build/<V>/ports.json",the four netlist variants (pre-layout cell area; dut_sp_sha256 checks a rebuild)
