traces,spice,level1_unweighted,level1_weighted,level1_weighted_rise,level2_unweighted,level2_weighted,level2_weighted_rise,spice_noise_0.5,spice_noise_1.0,spice_noise_2.0
20,2.417,0.465,0.561,0.706,2.530,2.618,2.825,3.986,4.544,4.501
23,2.130,0.153,0.342,0.572,3.317,2.858,2.415,3.647,4.160,4.749
27,2.419,0.427,0.304,0.449,2.728,2.632,2.394,3.274,3.847,3.836
32,2.896,0.309,0.366,1.504,2.800,2.822,2.282,3.905,3.643,3.626
37,2.517,0.225,0.375,0.810,2.646,2.649,2.643,3.231,4.107,3.461
43,2.357,0.070,0.090,0.824,3.170,3.159,2.819,2.500,4.253,2.668
51,2.323,0.482,0.724,0.413,3.168,3.330,2.945,3.036,4.737,2.782
59,2.565,0.915,1.290,0.775,3.228,3.372,3.023,3.167,4.234,2.858
69,1.959,0.682,0.953,0.525,3.095,3.378,2.931,2.575,4.219,2.869
81,2.050,0.270,0.789,0.592,3.065,3.203,2.747,2.895,4.180,2.919
95,1.786,0.521,1.087,0.540,3.199,3.254,3.217,3.130,3.734,3.631
110,1.809,0.402,0.810,0.436,3.408,3.477,3.436,3.388,3.833,2.898
129,1.576,0.867,1.077,0.801,2.832,2.753,2.383,3.116,3.111,3.244
151,2.098,1.640,1.925,1.042,2.862,2.748,2.466,3.068,3.523,3.062
176,1.986,2.036,2.478,1.397,2.716,2.607,2.211,3.421,3.054,3.232
206,2.829,2.767,2.979,0.630,3.147,3.148,2.795,3.226,2.844,3.181
240,2.429,2.600,2.821,0.320,2.521,2.346,2.097,2.737,3.041,3.303
281,2.163,1.928,2.495,0.416,2.807,2.619,2.272,2.863,3.019,3.827
328,2.071,1.425,1.822,0.010,2.907,2.688,2.291,2.800,2.994,3.300
383,2.178,1.122,1.527,0.015,3.229,3.027,2.146,3.192,2.806,3.140
447,2.151,1.231,1.761,0.545,2.991,2.946,2.142,3.226,3.306,3.132
500,2.057,1.281,1.773,0.501,2.763,2.814,2.005,2.729,3.219,3.221
522,2.061,1.277,1.758,0.366,2.662,2.788,2.178,3.106,3.053,3.126
610,2.405,1.029,1.523,0.209,2.449,2.671,2.426,3.644,3.210,3.186
713,1.921,1.400,1.627,0.964,2.467,2.471,2.269,3.237,3.096,2.792
832,1.906,1.507,1.581,1.068,2.331,2.800,2.382,2.850,2.942,2.722
972,2.152,1.055,1.494,1.060,3.260,3.552,2.987,2.810,3.257,2.652
1000,1.873,0.873,1.278,1.007,3.548,3.675,3.044,2.708,3.078,2.906
1136,1.602,0.447,0.597,0.203,3.605,3.739,2.928,2.683,3.085,2.816
1327,1.669,0.185,0.484,0.085,4.045,4.212,2.707,2.827,2.727,2.999
1500,2.203,0.398,0.898,0.247,3.503,3.576,2.649,3.142,2.817,3.162
1550,2.358,0.348,0.897,0.400,3.522,3.555,2.737,2.987,2.814,3.178
1810,2.301,0.413,0.882,0.474,3.219,3.198,2.721,2.784,3.246,3.308
2000,2.521,0.402,1.023,0.513,3.399,3.526,2.928,3.007,3.443,3.670
2114,2.291,0.030,0.578,0.407,3.058,3.321,2.936,2.695,3.232,3.854
2470,2.106,0.085,0.362,0.686,3.325,3.663,2.521,2.662,3.198,4.015
2500,2.093,0.032,0.375,0.615,3.386,3.725,2.403,2.517,2.855,3.799
2885,1.897,0.386,0.013,0.318,3.199,3.592,2.180,2.649,2.824,3.117
3000,1.755,0.179,0.138,0.424,3.496,3.789,2.137,2.617,2.709,3.310
3370,1.594,0.129,0.319,0.677,2.807,3.153,1.900,2.664,3.467,2.776
3500,1.525,0.234,0.517,0.815,2.771,3.216,1.980,2.617,3.485,3.163
3936,1.662,0.189,0.201,0.158,3.092,3.683,1.955,2.459,3.420,2.974
4000,1.576,0.292,0.066,0.117,2.930,3.659,1.924,2.548,3.520,2.867
4500,1.586,0.175,0.581,0.536,2.448,3.106,2.086,2.854,3.416,2.910
4598,1.497,0.060,0.397,0.774,2.576,3.269,2.183,2.810,3.386,2.893
5000,1.232,0.225,0.046,0.568,2.516,3.131,2.186,3.034,3.282,3.424
5371,1.255,0.355,0.028,0.536,2.718,3.352,1.981,2.887,3.094,3.278
5500,1.111,0.105,0.252,0.797,2.544,3.184,1.978,3.279,3.080,3.259
6000,1.424,0.003,0.311,0.632,2.614,3.077,2.076,3.061,2.997,3.411
6273,1.387,0.173,0.453,0.749,2.546,2.947,2.223,3.207,2.829,3.013
6500,1.464,0.084,0.278,0.452,2.739,2.975,2.396,2.979,2.664,3.162
7000,1.295,0.083,0.235,0.545,2.714,3.171,2.478,2.959,2.819,2.963
7328,1.472,0.149,0.210,0.426,2.881,3.270,2.544,2.817,2.985,2.897
7500,1.438,0.180,0.192,0.478,2.934,3.330,2.846,2.941,2.660,2.941
8000,1.342,0.397,0.011,0.535,2.893,3.193,2.722,3.017,2.788,3.116
8500,1.633,0.032,0.186,1.141,3.193,3.428,3.206,3.390,3.094,3.238
8559,1.544,0.016,0.206,1.160,3.288,3.516,3.308,3.462,3.059,3.304
9000,1.644,0.072,0.239,0.958,3.168,3.403,3.139,3.337,2.992,3.212
9500,1.868,0.104,0.330,1.014,3.115,3.333,2.878,3.046,3.059,3.599
9998,1.869,0.174,0.147,0.597,2.893,3.117,2.853,2.736,2.984,3.710
