ns_after_edge,t_post_layout,t_pre_layout_same_rows,mean_post_uA,mean_pre_uA,mean_fixed_minus_random_post_uA,mean_fixed_minus_random_pre_uA
-0.195,-0.4767,-0.0574,1.179,0.720,-0.0015,-0.0001
-0.185,-0.3887,-0.0599,1.153,0.715,-0.0012,-0.0001
-0.175,-0.3030,-0.0646,1.130,0.710,-0.0009,-0.0001
-0.165,-0.2237,-0.0695,1.109,0.705,-0.0006,-0.0001
-0.155,-0.1530,-0.0770,1.090,0.700,-0.0004,-0.0001
-0.145,-0.0870,-0.0923,1.072,0.695,-0.0002,-0.0002
-0.135,-0.0266,-0.1005,1.055,0.691,-0.0001,-0.0002
-0.125,0.0282,-0.1069,1.040,0.686,0.0001,-0.0002
-0.115,0.0765,-0.1122,1.026,0.681,0.0002,-0.0002
-0.105,0.1204,-0.1152,1.013,0.677,0.0003,-0.0002
-0.095,0.1592,-0.1218,1.001,0.673,0.0004,-0.0002
-0.085,0.1931,-0.1382,0.990,0.668,0.0005,-0.0002
-0.075,0.2230,-0.1443,0.979,0.664,0.0005,-0.0002
-0.065,0.2498,-0.1428,0.969,0.660,0.0006,-0.0002
-0.055,0.2909,-0.2056,0.959,0.663,0.0007,-0.0003
-0.045,-0.6654,-0.6660,-127.526,-745.432,-0.0200,-0.0149
-0.035,-0.5645,-0.7357,-132.506,-842.934,-0.0411,-0.0308
-0.025,-0.5047,-0.7299,-133.004,-861.956,-0.0530,-0.0352
-0.015,-0.4617,-0.7218,-127.249,-790.466,-0.0606,-0.0340
-0.005,-0.4337,-0.6093,-100.750,-474.768,-0.0658,-0.0181
0.005,-0.4163,0.9365,-45.181,206.932,-0.0697,0.0358
0.015,-0.4058,0.8791,26.692,1064.984,-0.0729,0.1346
0.025,-0.3990,0.9871,94.403,1845.279,-0.0755,0.2798
0.035,-0.3947,1.0830,153.169,2847.262,-0.0776,0.4306
0.045,-0.3927,0.6405,203.873,4070.860,-0.0793,0.2424
0.055,-0.3345,-1.1632,351.644,4759.987,-0.0605,-1.0607
0.065,-0.2812,-0.9227,411.929,3588.349,-0.0399,-1.3003
0.075,-0.2233,-1.0473,524.874,2713.084,-0.0251,-1.8908
0.085,-0.1004,-1.2470,664.979,2140.057,-0.0089,-2.8350
0.095,0.1372,-1.3116,779.452,1868.976,0.0111,-3.9992
0.105,0.3258,-1.3541,843.082,1823.243,0.0340,-5.8597
0.115,0.3771,-1.4588,883.993,1847.162,0.0560,-7.9080
0.125,0.3728,-1.6145,1005.392,1769.549,0.0723,-9.0485
0.135,0.3387,-1.7286,1255.749,1729.089,0.0782,-9.7972
0.145,0.2822,-1.7405,1478.654,1995.403,0.0719,-11.6559
0.155,0.2156,-1.7930,1548.649,2493.284,0.0554,-15.0840
0.165,0.1412,-1.8777,1525.759,2864.747,0.0334,-18.3055
0.175,0.0460,-1.8683,1504.693,2914.546,0.0093,-18.8238
0.185,-0.0779,-1.7790,1585.239,2775.399,-0.0127,-17.4567
0.195,-0.1367,-1.8133,1881.207,2594.957,-0.0176,-16.8484
0.205,0.2177,-2.0366,2402.189,2386.386,0.0235,-17.3913
0.215,0.9764,-2.1908,2986.346,2178.182,0.1352,-17.7663
0.225,1.2945,-2.1120,3439.910,2024.151,0.3116,-16.8868
0.235,1.3591,-1.8904,3685.057,1932.044,0.5143,-14.8287
0.245,1.3618,-1.6512,3906.118,1880.163,0.6916,-12.5102
0.255,1.3364,-1.3516,4425.381,1807.308,0.8008,-9.6709
0.265,1.2836,-0.9505,5104.914,1706.861,0.8346,-6.3335
0.275,1.2315,-0.6199,5413.028,1648.311,0.8170,-3.9962
0.285,1.1899,-0.3574,5276.693,1651.134,0.7561,-2.3143
0.295,1.1502,-0.0813,5024.605,1665.925,0.6682,-0.5364
0.305,1.1044,0.0885,4922.759,1628.440,0.5740,0.5789
0.315,0.8227,0.1612,5163.284,1519.050,0.3720,1.0113
0.325,-0.2310,0.1845,5616.869,1374.709,-0.1011,1.0889
0.335,-1.1184,0.1584,5801.151,1237.377,-0.7127,0.8833
0.345,-1.1250,0.1091,5483.341,1129.172,-1.0642,0.5725
0.355,-0.8908,0.0615,4914.353,1056.766,-1.0760,0.2989
0.365,-0.7268,0.0225,4370.599,1009.178,-0.9931,0.1025
0.375,-0.6703,-0.1052,3928.095,961.960,-0.9604,-0.4543
0.385,-0.6603,-0.2732,3566.280,907.175,-0.9632,-1.1178
0.395,-0.6461,-0.4760,3261.724,850.118,-0.9711,-1.8346
0.405,-0.6959,-0.7410,3038.267,787.196,-1.1193,-2.6468
0.415,-0.9065,-0.9539,2919.749,718.291,-1.6553,-3.1312
0.425,-1.1905,-1.2715,2866.681,646.506,-2.6306,-3.8190
0.435,-1.4213,-1.6649,2815.721,575.855,-3.9201,-4.6035
0.445,-1.5620,-1.8141,2751.244,513.660,-5.3590,-4.7175
0.455,-1.6215,-1.7207,2708.631,463.486,-6.8777,-4.3005
0.465,-1.6276,-1.6230,2701.579,421.493,-8.4102,-3.9005
0.475,-1.6321,-1.5564,2681.262,381.358,-9.7370,-3.5173
0.485,-1.6887,-1.4956,2617.815,342.411,-10.9096,-3.1110
0.495,-1.8126,-1.4383,2567.487,309.360,-12.4455,-2.7842
0.505,-1.9510,-1.2818,2608.035,283.122,-14.7077,-2.3797
0.515,-2.0378,-1.0828,2732.727,259.837,-17.0472,-1.9476
0.525,-2.0394,-0.8515,2854.935,237.760,-18.2344,-1.4894
0.535,-1.9318,-0.5470,2890.158,218.027,-17.8487,-0.9411
0.545,-1.7802,-0.3039,2841.790,200.495,-16.7224,-0.5158
0.555,-1.6530,-0.2397,2796.051,183.977,-15.7662,-0.3978
0.565,-1.5515,-0.2689,2807.685,167.739,-15.2738,-0.4327
0.575,-1.4821,-0.2121,2831.830,152.077,-15.1043,-0.3306
0.585,-1.4676,-0.1352,2767.591,137.817,-14.8850,-0.2038
0.595,-1.5792,-0.1268,2578.230,124.861,-15.1537,-0.1845
0.605,-1.8356,-0.1316,2336.601,112.679,-16.4510,-0.1837
0.615,-2.1161,-0.1255,2138.010,101.311,-18.1284,-0.1668
0.625,-2.2869,-0.0786,1995.434,91.107,-18.9579,-0.0998
0.635,-2.2836,0.0148,1856.192,81.832,-17.7569,0.0180
0.645,-2.1280,0.0843,1716.639,72.766,-15.1497,0.0967
0.655,-1.9155,0.0957,1617.196,64.104,-12.7046,0.1022
0.665,-1.6861,0.0499,1562.473,56.195,-10.7359,0.0490
0.675,-1.3900,-0.0456,1536.561,48.605,-8.7617,-0.0400
0.685,-1.0062,-0.1178,1530.557,41.709,-6.4467,-0.0913
0.695,-0.6127,-0.1500,1533.609,36.101,-4.0147,-0.1055
0.705,-0.2897,-0.2226,1537.658,31.299,-1.9234,-0.1426
0.715,-0.0953,-0.3278,1543.384,26.712,-0.6350,-0.1809
0.725,-0.0154,-0.3985,1553.603,22.521,-0.1021,-0.1801
0.735,0.0620,-0.4185,1567.491,19.106,0.4067,-0.1560
0.745,0.1794,-0.4333,1579.982,16.360,1.1646,-0.1361
0.755,0.2040,-0.4565,1581.716,14.051,1.3132,-0.1205
0.765,0.0205,-0.4778,1564.811,12.103,0.1304,-0.1052
0.775,-0.2788,-0.4994,1531.730,10.473,-1.7467,-0.0916
0.785,-0.5219,-0.5218,1486.217,9.113,-3.2089,-0.0797
0.795,-0.5812,-0.5456,1426.481,7.980,-3.4619,-0.0696
0.805,-0.4067,-0.5709,1355.126,7.036,-2.3110,-0.0610
0.815,-0.1482,-0.5982,1282.512,6.248,-0.7993,-0.0538
0.825,-0.0131,-0.6277,1217.308,5.588,-0.0672,-0.0477
0.835,0.0791,-0.6596,1160.510,5.034,0.3891,-0.0426
0.845,0.2455,-0.6943,1108.930,4.566,1.1591,-0.0384
0.855,0.2844,-0.7322,1060.457,4.170,1.2983,-0.0348
0.865,-0.0012,-0.7732,1014.033,3.832,-0.0055,-0.0318
0.875,-0.4252,-0.8182,967.373,3.543,-1.8428,-0.0292
0.885,-0.5784,-0.8668,918.435,3.295,-2.4388,-0.0270
0.895,-0.3350,-0.9198,867.507,3.080,-1.3680,-0.0252
0.905,0.0779,-0.9767,815.182,2.894,0.3055,-0.0236
0.915,0.4565,-1.0379,761.239,2.731,1.6991,-0.0222
0.925,0.7101,-1.1027,706.933,2.588,2.4936,-0.0209
0.935,0.8623,-1.1721,655.060,2.463,2.8584,-0.0199
0.945,0.9035,-1.2442,606.932,2.351,2.8247,-0.0189
0.955,0.6887,-1.3201,561.092,2.253,2.0202,-0.0181
0.965,0.1995,-1.3977,516.379,2.164,0.5465,-0.0174
0.975,-0.4036,-1.4779,474.509,2.086,-1.0354,-0.0168
0.985,-0.9444,-1.5574,437.691,2.015,-2.2909,-0.0162
0.995,-1.3592,-1.6376,405.452,1.951,-3.1471,-0.0156
1.005,-1.6519,-1.7149,376.616,1.892,-3.6735,-0.0152
1.015,-1.8624,-1.7917,351.346,1.839,-4.0123,-0.0147
1.025,-2.0987,-1.8637,329.685,1.791,-4.4314,-0.0143
1.035,-2.3195,-1.9335,310.779,1.747,-4.8494,-0.0140
1.045,-2.3714,-1.9969,292.861,1.706,-4.9152,-0.0136
1.055,-2.2330,-2.0571,274.330,1.668,-4.5620,-0.0133
1.065,-1.9555,-2.1105,254.719,1.633,-3.9116,-0.0130
1.075,-1.5598,-2.1602,233.831,1.601,-3.0219,-0.0128
1.085,-1.1246,-2.2034,212.253,1.570,-2.0830,-0.0125
1.095,-0.7896,-2.2432,191.583,1.542,-1.3852,-0.0123
1.105,-0.6256,-2.2766,172.766,1.515,-1.0360,-0.0120
1.115,-0.5931,-2.3075,155.979,1.490,-0.9297,-0.0118
1.125,-0.5592,-2.3330,141.280,1.466,-0.8361,-0.0116
1.135,-0.4184,-2.3569,128.551,1.444,-0.6033,-0.0114
1.145,-0.1973,-2.3757,117.343,1.422,-0.2761,-0.0113
1.155,-0.0031,-2.3935,107.040,1.402,-0.0042,-0.0111
1.165,0.1122,-2.4070,97.357,1.382,0.1444,-0.0109
1.175,0.1768,-2.4204,88.282,1.364,0.2146,-0.0108
1.185,0.2272,-2.4303,79.914,1.346,0.2586,-0.0106
1.195,0.3165,-2.4407,72.403,1.329,0.3386,-0.0105
1.205,0.4937,-2.4474,65.691,1.313,0.4984,-0.0103
1.215,0.6922,-2.4552,59.627,1.297,0.6614,-0.0102
1.225,0.7674,-2.4595,54.182,1.282,0.6959,-0.0100
1.235,0.6662,-2.4652,49.359,1.267,0.5747,-0.0099
1.245,0.4709,-2.4677,45.106,1.253,0.3869,-0.0098
1.255,0.2973,-2.4722,41.271,1.239,0.2323,-0.0097
1.265,0.1808,-2.4734,37.681,1.226,0.1337,-0.0095
1.275,0.0889,-2.4767,34.228,1.213,0.0616,-0.0094
1.285,0.0440,-2.4770,30.896,1.200,0.0283,-0.0093
1.295,0.1089,-2.4795,27.774,1.188,0.0643,-0.0092
1.305,0.2197,-2.4790,24.999,1.176,0.1197,-0.0091
1.315,0.2567,-2.4809,22.605,1.165,0.1300,-0.0090
1.325,0.2384,-2.4801,20.476,1.153,0.1123,-0.0089
1.335,0.2033,-2.4814,18.486,1.142,0.0875,-0.0088
1.345,0.1060,-2.4796,16.579,1.131,0.0404,-0.0087
1.355,-0.0481,-2.4807,14.785,1.121,-0.0157,-0.0086
1.365,-0.1306,-2.4790,13.202,1.111,-0.0356,-0.0085
1.375,-0.0822,-2.4799,11.883,1.101,-0.0190,-0.0084
1.385,-0.0262,-2.4778,10.778,1.091,-0.0053,-0.0083
1.395,-0.0341,-2.4785,9.815,1.081,-0.0061,-0.0082
1.405,-0.0631,-2.4763,8.961,1.072,-0.0099,-0.0081
1.415,-0.0869,-2.4769,8.204,1.062,-0.0119,-0.0081
1.425,-0.1089,-2.4745,7.533,1.053,-0.0131,-0.0080
1.435,-0.1303,-2.4749,6.939,1.045,-0.0139,-0.0079
1.445,-0.1516,-2.4724,6.413,1.036,-0.0142,-0.0078
1.455,-0.1736,-2.4729,5.946,1.027,-0.0144,-0.0077
1.465,-0.1967,-2.4704,5.530,1.019,-0.0145,-0.0077
1.475,-0.2211,-2.4709,5.160,1.011,-0.0146,-0.0076
1.485,-0.2469,-2.4683,4.830,1.002,-0.0146,-0.0075
1.495,-0.2751,-2.4686,4.535,0.995,-0.0145,-0.0074
1.505,-0.3049,-2.4659,4.270,0.987,-0.0145,-0.0074
1.515,-0.3366,-2.4663,4.031,0.979,-0.0145,-0.0073
1.525,-0.3707,-2.4635,3.816,0.972,-0.0144,-0.0072
1.535,-0.4078,-2.4638,3.621,0.964,-0.0144,-0.0072
1.545,-0.4475,-2.4611,3.445,0.957,-0.0144,-0.0071
1.555,-0.4895,-2.4615,3.285,0.950,-0.0144,-0.0070
1.565,-0.5339,-2.4588,3.139,0.943,-0.0143,-0.0070
1.575,-0.5809,-2.4591,3.006,0.936,-0.0143,-0.0069
1.585,-0.6298,-2.4563,2.885,0.929,-0.0143,-0.0069
1.595,-0.6813,-2.4567,2.773,0.922,-0.0142,-0.0068
1.605,-0.7345,-2.4539,2.671,0.916,-0.0141,-0.0067
1.615,-0.7907,-2.4542,2.577,0.909,-0.0141,-0.0067
1.625,-0.8488,-2.4514,2.490,0.903,-0.0140,-0.0066
1.635,-0.9099,-2.4519,2.410,0.897,-0.0139,-0.0066
1.645,-0.9724,-2.4491,2.336,0.890,-0.0138,-0.0065
1.655,-1.0368,-2.4495,2.267,0.884,-0.0138,-0.0065
1.665,-1.1023,-2.4467,2.204,0.878,-0.0137,-0.0064
1.675,-1.1698,-2.4471,2.144,0.872,-0.0136,-0.0064
1.685,-1.2382,-2.4445,2.089,0.866,-0.0135,-0.0063
1.695,-1.3071,-2.4450,2.038,0.861,-0.0134,-0.0063
1.705,-1.3756,-2.4422,1.990,0.855,-0.0133,-0.0062
1.715,-1.4431,-2.4426,1.945,0.849,-0.0132,-0.0062
1.725,-1.5078,-2.4399,1.903,0.844,-0.0131,-0.0061
1.735,-1.5732,-2.4405,1.863,0.838,-0.0130,-0.0061
1.745,-1.6378,-2.4377,1.826,0.833,-0.0129,-0.0060
1.755,-1.7024,-2.4382,1.791,0.828,-0.0128,-0.0060
1.765,-1.7642,-2.4354,1.758,0.822,-0.0127,-0.0059
1.775,-1.8217,-2.4354,1.726,0.817,-0.0126,-0.0059
1.785,-1.8770,-2.4325,1.697,0.812,-0.0125,-0.0058
1.795,-1.9322,-2.4342,1.669,0.807,-0.0124,-0.0058
1.805,-1.9828,-2.4318,1.643,0.802,-0.0123,-0.0057
1.815,-2.0305,-2.4314,1.617,0.797,-0.0122,-0.0057
1.825,-2.0728,-2.4284,1.593,0.792,-0.0120,-0.0057
1.835,-2.1127,-2.4296,1.571,0.788,-0.0119,-0.0056
1.845,-2.1508,-2.4272,1.549,0.783,-0.0118,-0.0056
1.855,-2.1886,-2.4280,1.528,0.778,-0.0117,-0.0055
1.865,-2.2234,-2.4253,1.508,0.774,-0.0116,-0.0055
1.875,-2.2563,-2.4259,1.489,0.769,-0.0115,-0.0055
1.885,-2.2868,-2.4233,1.471,0.765,-0.0114,-0.0054
1.895,-2.3146,-2.4240,1.453,0.760,-0.0113,-0.0054
1.905,-2.3379,-2.4214,1.436,0.756,-0.0112,-0.0053
1.915,-2.3608,-2.4221,1.420,0.752,-0.0111,-0.0053
1.925,-2.3812,-2.4195,1.404,0.747,-0.0110,-0.0053
1.935,-2.4015,-2.4203,1.389,0.743,-0.0109,-0.0052
1.945,-2.4195,-2.5539,1.368,0.750,-0.0109,-0.0057
1.955,-0.4052,-0.1180,108.373,446.651,-0.0131,-0.0034
1.965,-0.2523,-2.9659,105.330,418.550,-0.0190,-0.0133
1.975,-0.1928,-3.1467,106.742,434.290,-0.0207,-0.0138
1.985,-0.1627,-3.0551,116.088,509.216,-0.0216,-0.0172
1.995,-0.1430,-2.9252,133.361,663.092,-0.0218,-0.0184
2.005,-0.1306,-2.4768,157.828,922.444,-0.0219,-0.0061
2.015,-0.1262,1.4012,187.215,1271.558,-0.0227,0.0299
2.025,-0.1320,1.5098,219.374,1673.619,-0.0249,0.0943
2.035,-0.1475,1.5512,255.165,2125.357,-0.0289,0.1864
2.045,-0.1656,1.5927,289.511,2551.476,-0.0334,0.2933
2.055,-0.1926,1.4901,175.879,2329.196,-0.0344,0.4811
2.065,-0.2601,-0.9528,166.786,3109.416,-0.0365,-0.5652
2.075,-0.3354,-2.1142,183.534,4076.281,-0.0376,-2.8617
2.085,-0.3967,-2.2239,248.852,4612.606,-0.0355,-4.5873
2.095,-0.3144,-1.8380,377.219,4308.679,-0.0225,-4.1877
2.105,0.2031,-1.0255,540.563,3221.454,0.0119,-2.6179
2.115,1.1341,-0.3415,694.322,2021.898,0.0749,-1.0700
2.125,1.5982,-0.0940,821.903,1395.271,0.1649,-0.3239
2.135,1.7271,-0.2116,936.291,1189.700,0.2691,-0.7337
2.145,1.7723,-0.6091,1071.191,1061.626,0.3696,-2.0403
2.155,1.7987,-1.4090,1244.537,895.324,0.4539,-4.0223
2.165,1.8277,-2.4575,1342.993,734.755,0.5088,-6.2710
2.175,1.8560,-2.9991,1231.950,666.708,0.5133,-8.4958
2.185,1.8660,-3.1528,995.680,593.433,0.4612,-9.2032
2.195,1.8532,-3.1915,810.634,431.680,0.3769,-7.1051
2.205,1.8293,-3.2052,729.805,258.994,0.2933,-4.1828
2.215,1.8020,-3.2333,760.757,165.191,0.2283,-2.6466
2.225,1.7775,-3.2540,984.556,131.236,0.1838,-2.1805
2.235,1.7191,-3.2657,1449.459,110.289,0.1544,-1.9003
2.245,1.2205,-3.2708,2051.469,93.711,0.1348,-1.6491
2.255,0.6569,-3.2751,2619.373,79.225,0.1281,-1.4142
2.265,0.4234,-3.2777,3092.999,66.851,0.1385,-1.2006
2.275,0.3437,-3.2807,3497.739,56.158,0.1641,-1.0117
2.285,0.3243,-3.2831,3929.571,47.102,0.2021,-0.8472
2.295,0.3518,-3.2862,4486.810,39.408,0.2643,-0.7064
2.305,0.4355,-3.2892,4836.568,32.960,0.3606,-0.5868
2.315,0.5569,-3.2927,4516.505,27.547,0.4553,-0.4862
2.325,0.6762,-3.2964,3756.830,23.045,0.4951,-0.4021
2.335,0.7658,-3.2979,3119.364,19.296,0.4704,-0.3318
2.345,0.8169,-3.3014,2752.635,16.192,0.4097,-0.2737
2.355,0.8331,-3.3127,2555.403,13.622,0.3483,-0.2263
2.365,0.7675,-3.3227,2503.764,11.504,0.2885,-0.1870
2.375,0.2477,-3.3294,2661.478,9.752,0.0979,-0.1545
2.385,-0.8329,-3.3354,3045.189,8.308,-0.4550,-0.1277
2.395,-1.6651,-3.3395,3536.385,7.115,-1.4421,-0.1057
2.405,-2.1255,-3.3419,3990.545,6.131,-2.7116,-0.0877
2.415,-2.3711,-3.3472,4328.274,5.319,-4.0213,-0.0730
2.425,-2.4784,-3.3439,4539.905,4.648,-5.1348,-0.0609
2.435,-2.4866,-3.3291,4647.466,4.093,-5.8223,-0.0510
2.445,-2.3513,-3.3054,4665.656,3.634,-5.7407,-0.0428
2.455,-1.9312,-3.2703,4623.499,3.252,-4.7207,-0.0361
2.465,-1.2302,-3.2451,4565.793,2.935,-3.2625,-0.0308
2.475,-0.6280,-3.1986,4469.851,2.672,-1.9808,-0.0264
2.485,-0.2638,-3.0947,4158.013,2.450,-0.9670,-0.0225
2.495,-0.0559,-2.9816,3529.946,2.262,-0.2189,-0.0193
2.505,0.0468,-2.8594,2799.789,2.106,0.1815,-0.0167
2.515,0.0725,-2.7243,2228.057,1.970,0.2697,-0.0145
2.525,0.0173,-2.6018,1866.810,1.858,0.0627,-0.0128
2.535,-0.1637,-2.4960,1637.370,1.766,-0.5819,-0.0114
2.545,-0.5642,-2.3852,1438.327,1.685,-1.8350,-0.0103
2.555,-1.2351,-2.2917,1233.717,1.615,-3.4400,-0.0094
2.565,-1.9657,-2.1964,1061.782,1.555,-4.9123,-0.0086
2.575,-2.5266,-2.0978,931.819,1.500,-6.1819,-0.0079
2.585,-2.8894,-1.9892,831.011,1.453,-7.3260,-0.0072
2.595,-3.0773,-1.9295,760.672,1.411,-8.3526,-0.0067
2.605,-3.1657,-1.9565,713.091,1.375,-9.2435,-0.0066
2.615,-3.2005,-1.9317,668.207,1.341,-9.6985,-0.0064
2.625,-3.1978,-1.8513,588.577,1.311,-9.0339,-0.0060
2.635,-3.1625,-1.7997,455.788,1.283,-6.9553,-0.0057
2.645,-3.1342,-1.7843,318.272,1.258,-4.6090,-0.0055
2.655,-3.1665,-1.7873,230.368,1.234,-3.2105,-0.0054
2.665,-3.2104,-1.7586,185.742,1.213,-2.6250,-0.0052
2.675,-3.2328,-1.7198,159.414,1.192,-2.3351,-0.0050
2.685,-3.2429,-1.7351,139.694,1.174,-2.1201,-0.0049
2.695,-3.2489,-1.7510,123.188,1.155,-1.9275,-0.0049
2.705,-3.2531,-1.7246,108.882,1.139,-1.7476,-0.0047
2.715,-3.2566,-1.6993,96.341,1.123,-1.5791,-0.0046
2.725,-3.2595,-1.7032,85.304,1.108,-1.4224,-0.0045
2.735,-3.2623,-1.7128,75.557,1.092,-1.2776,-0.0045
2.745,-3.2649,-1.7002,66.944,1.079,-1.1448,-0.0044
2.755,-3.2675,-1.6998,59.325,1.065,-1.0235,-0.0043
2.765,-3.2701,-1.7071,52.585,1.052,-0.9135,-0.0043
2.775,-3.2729,-1.6935,46.622,1.040,-0.8140,-0.0042
2.785,-3.2758,-1.6823,41.349,1.028,-0.7243,-0.0041
2.795,-3.2789,-1.6950,36.685,1.016,-0.6439,-0.0041
2.805,-3.2824,-1.7050,32.566,1.005,-0.5718,-0.0041
2.815,-3.2867,-1.7079,28.924,0.993,-0.5075,-0.0040
2.825,-3.2908,-1.6995,25.711,0.984,-0.4500,-0.0040
2.835,-3.2952,-1.6995,22.871,0.973,-0.3989,-0.0039
2.845,-3.2997,-1.7180,20.367,0.963,-0.3534,-0.0039
2.855,-3.3036,-1.7227,18.155,0.953,-0.3130,-0.0039
2.865,-3.3083,-1.7059,16.205,0.944,-0.2773,-0.0038
2.875,-3.3140,-1.7043,14.482,0.935,-0.2457,-0.0038
2.885,-3.3202,-1.7231,12.963,0.926,-0.2177,-0.0038
2.895,-3.3270,-1.7311,11.620,0.917,-0.1930,-0.0037
2.905,-3.3342,-1.7187,10.437,0.909,-0.1712,-0.0037
2.915,-3.3419,-1.7175,9.390,0.900,-0.1519,-0.0036
2.925,-3.3498,-1.7337,8.468,0.892,-0.1348,-0.0036
2.935,-3.3581,-1.7417,7.652,0.883,-0.1198,-0.0036
2.945,-3.3629,-1.9616,6.886,0.820,-0.1076,-0.0040
2.955,-0.6663,-0.8390,-45.745,-54.507,-1.7092,-1.4311
2.965,-0.6988,-0.8535,-64.551,-69.089,-1.8847,-1.6219
2.975,-0.6984,-0.8472,-63.247,-67.347,-1.8958,-1.6268
2.985,-0.7010,-0.8578,-43.135,-47.885,-1.9043,-1.6370
2.995,-0.7526,-0.9369,12.410,5.518,-1.9492,-1.6667
3.005,-0.8321,-1.0582,110.097,97.926,-1.9598,-1.7160
3.015,-0.8257,-1.0206,227.882,205.907,-1.8720,-1.7446
3.025,-0.7131,-0.9797,339.821,300.731,-1.7839,-2.0472
3.035,-0.7387,-1.0393,428.680,368.986,-2.1707,-2.7050
3.045,-0.8534,-1.0624,481.638,408.017,-2.9071,-3.1304
3.055,-0.7366,-0.9770,422.161,386.838,-1.6999,-2.1225
3.065,-0.7170,-1.0364,376.785,361.223,-1.4758,-2.1486
3.075,-0.7935,-1.1154,368.551,343.132,-1.6251,-2.2009
3.085,-0.8978,-1.1874,367.164,337.717,-1.8767,-2.2996
3.095,-0.9913,-1.2285,362.596,327.551,-2.0726,-2.2976
3.105,-1.0775,-1.1884,358.577,308.825,-2.2291,-2.1986
3.115,-1.1522,-1.0951,358.573,298.459,-2.3791,-2.1079
3.125,-1.2097,-0.9383,362.741,294.570,-2.5302,-1.8558
3.135,-1.2635,-0.6890,367.121,292.976,-2.6826,-1.3851
3.145,-1.3114,-0.5808,361.756,278.327,-2.7659,-1.1334
3.155,-1.3289,-0.7516,346.523,246.016,-2.7638,-1.3681
3.165,-1.3025,-0.9312,332.104,220.566,-2.6898,-1.6573
3.175,-1.1954,-0.9877,317.474,206.378,-2.4105,-1.7198
3.185,-1.0024,-1.0731,300.555,190.036,-1.9442,-1.7493
3.195,-0.7970,-1.2276,287.667,163.589,-1.5073,-1.7604
3.205,-0.6267,-1.3814,281.980,132.680,-1.1919,-1.6409
3.215,-0.5060,-1.4678,281.553,107.243,-0.9867,-1.4415
3.225,-0.4860,-1.4382,277.803,88.454,-0.9567,-1.2432
3.235,-0.6334,-1.3689,261.089,73.220,-1.2036,-1.0809
3.245,-0.8606,-1.2966,235.842,56.900,-1.5523,-0.8453
3.255,-0.9978,-1.1891,216.317,40.501,-1.7389,-0.5383
3.265,-1.0356,-1.0819,205.189,28.598,-1.7550,-0.3062
3.275,-1.0290,-0.9676,195.681,21.752,-1.6764,-0.1958
3.285,-1.0402,-0.9318,182.252,17.876,-1.5849,-0.1569
3.295,-1.1544,-0.9174,163.189,14.936,-1.5893,-0.1316
3.305,-1.3330,-0.9172,141.736,12.549,-1.6182,-0.1119
3.315,-1.4315,-0.9158,121.977,10.545,-1.5183,-0.0942
3.325,-1.4675,-0.9199,105.323,8.882,-1.3693,-0.0794
3.335,-1.4654,-0.9226,92.027,7.492,-1.2482,-0.0664
3.345,-1.4009,-0.9290,81.982,6.342,-1.1493,-0.0555
3.355,-1.3396,-0.9351,74.072,5.387,-1.0869,-0.0462
3.365,-1.2899,-0.9445,66.246,4.600,-1.0055,-0.0385
3.375,-1.2149,-0.9548,56.490,3.949,-0.8349,-0.0321
3.385,-1.0946,-0.9687,45.048,3.414,-0.5908,-0.0268
3.395,-0.9811,-0.9846,34.547,2.973,-0.3763,-0.0224
3.405,-0.9088,-1.0044,27.198,2.610,-0.2502,-0.0188
3.415,-0.8605,-1.0272,22.810,2.311,-0.1916,-0.0158
3.425,-0.8330,-1.0543,19.938,2.065,-0.1623,-0.0133
3.435,-0.8185,-1.0845,17.707,1.862,-0.1430,-0.0114
3.445,-0.8106,-1.1184,15.809,1.695,-0.1275,-0.0097
3.455,-0.8066,-1.1537,14.145,1.556,-0.1140,-0.0084
3.465,-0.8050,-1.1898,12.672,1.441,-0.1021,-0.0073
3.475,-0.8050,-1.2230,11.363,1.346,-0.0914,-0.0064
3.485,-0.8061,-1.2518,10.198,1.266,-0.0817,-0.0057
3.495,-0.8080,-1.2720,9.162,1.199,-0.0730,-0.0051
3.505,-0.8106,-1.2835,8.239,1.143,-0.0652,-0.0046
3.515,-0.8138,-1.2839,7.419,1.095,-0.0581,-0.0042
3.525,-0.8174,-1.2766,6.690,1.055,-0.0518,-0.0039
3.535,-0.8217,-1.2617,6.043,1.020,-0.0461,-0.0036
3.545,-0.8267,-1.2436,5.468,0.991,-0.0410,-0.0034
3.555,-0.8323,-1.2217,4.959,0.965,-0.0365,-0.0032
3.565,-0.8387,-1.2026,4.508,0.942,-0.0325,-0.0030
3.575,-0.8460,-1.1845,4.108,0.923,-0.0289,-0.0029
3.585,-0.8541,-1.1688,3.755,0.905,-0.0258,-0.0028
3.595,-0.8635,-1.1523,3.441,0.889,-0.0230,-0.0027
3.605,-0.8741,-1.1424,3.164,0.875,-0.0205,-0.0026
3.615,-0.8858,-1.1352,2.919,0.862,-0.0184,-0.0026
3.625,-0.8991,-1.1300,2.702,0.851,-0.0164,-0.0025
3.635,-0.9138,-1.1234,2.509,0.840,-0.0147,-0.0025
3.645,-0.9299,-1.1225,2.339,0.830,-0.0132,-0.0024
3.655,-0.9476,-1.1236,2.188,0.820,-0.0119,-0.0024
3.665,-0.9675,-1.1253,2.054,0.812,-0.0108,-0.0024
3.675,-0.9889,-1.1253,1.936,0.803,-0.0098,-0.0023
3.685,-1.0106,-1.1291,1.830,0.795,-0.0089,-0.0023
3.695,-1.0334,-1.1326,1.737,0.788,-0.0081,-0.0023
3.705,-1.0574,-1.1373,1.653,0.781,-0.0074,-0.0023
3.715,-1.0810,-1.1412,1.579,0.774,-0.0068,-0.0022
3.725,-1.1038,-1.1472,1.513,0.767,-0.0062,-0.0022
3.735,-1.1256,-1.1516,1.454,0.760,-0.0058,-0.0022
3.745,-1.1459,-1.1577,1.401,0.754,-0.0054,-0.0022
3.755,-1.1629,-1.1626,1.354,0.748,-0.0050,-0.0022
3.765,-1.1762,-1.1694,1.311,0.742,-0.0047,-0.0022
3.775,-1.1854,-1.1745,1.273,0.737,-0.0044,-0.0021
3.785,-1.1906,-1.1816,1.238,0.731,-0.0042,-0.0021
3.795,-1.1913,-1.1880,1.207,0.726,-0.0039,-0.0021
3.805,-1.1888,-1.1949,1.179,0.720,-0.0037,-0.0021
3.815,-1.1826,-1.1982,1.154,0.715,-0.0036,-0.0021
3.825,-1.1747,-1.2051,1.130,0.710,-0.0034,-0.0021
3.835,-1.1641,-1.2118,1.109,0.705,-0.0033,-0.0021
3.845,-1.1520,-1.2196,1.090,0.700,-0.0032,-0.0021
3.855,-1.1400,-1.2250,1.072,0.695,-0.0031,-0.0021
3.865,-1.1286,-1.2320,1.056,0.691,-0.0030,-0.0021
3.875,-1.1166,-1.2387,1.041,0.686,-0.0029,-0.0020
3.885,-1.1062,-1.2460,1.027,0.681,-0.0028,-0.0020
3.895,-1.0964,-1.2500,1.014,0.677,-0.0028,-0.0020
3.905,-1.0879,-1.2567,1.001,0.673,-0.0027,-0.0020
3.915,-1.0803,-1.2636,0.990,0.668,-0.0027,-0.0020
3.925,-1.0738,-1.2704,0.979,0.664,-0.0026,-0.0020
3.935,-1.0673,-1.2723,0.969,0.660,-0.0026,-0.0020
3.945,-1.0426,-1.1904,0.959,0.663,-0.0025,-0.0019
3.955,0.0477,1.9479,-127.526,-745.432,0.0014,0.0435
3.965,0.0909,2.1537,-132.506,-842.934,0.0066,0.0901
3.975,0.0810,2.1790,-133.005,-861.956,0.0085,0.1051
3.985,0.0731,2.1900,-127.250,-790.466,0.0096,0.1031
3.995,0.0660,2.2023,-100.751,-474.768,0.0100,0.0655
4.005,0.0623,-2.1282,-45.182,206.932,0.0104,-0.0812
4.015,0.0636,-2.1618,26.690,1064.985,0.0114,-0.3310
4.025,0.0693,-2.0935,94.401,1845.280,0.0131,-0.5933
4.035,0.0787,-2.0271,153.167,2847.263,0.0155,-0.8058
4.045,0.0908,-2.3684,203.872,4070.860,0.0184,-0.8961
4.055,0.1091,-2.2566,351.643,4759.978,0.0197,-2.0570
4.065,0.1538,-2.6197,411.927,3588.341,0.0218,-3.6896
4.075,0.1260,-2.7058,524.873,2713.075,0.0142,-4.8825
4.085,-0.1668,-2.6851,664.978,2140.045,-0.0148,-6.1015
4.095,-0.9180,-2.6310,779.452,1868.957,-0.0746,-8.0183
4.105,-1.5462,-2.5727,843.082,1823.215,-0.1616,-11.1278
4.115,-1.7505,-2.4698,883.993,1847.125,-0.2602,-13.3831
4.125,-1.8145,-2.2717,1005.392,1769.508,-0.3522,-12.7281
4.135,-1.8427,-2.0500,1255.749,1729.046,-0.4258,-11.6162
4.145,-1.8552,-1.9530,1478.655,1995.348,-0.4726,-13.0760
4.155,-1.8533,-1.7546,1548.649,2493.211,-0.4766,-14.7588
4.165,-1.8398,-1.4689,1525.760,2864.665,-0.4349,-14.3184
4.175,-1.8330,-1.4264,1504.693,2914.464,-0.3699,-14.3707
4.185,-1.8464,-1.5626,1585.239,2775.319,-0.3017,-15.3307
4.195,-1.8190,-1.4941,1881.207,2594.880,-0.2336,-13.8807
4.205,-1.4971,-1.0523,2402.189,2386.312,-0.1616,-8.9860
4.215,-0.5871,-0.3889,2986.346,2178.105,-0.0813,-3.1543
4.225,0.0319,0.0700,3439.911,2024.067,0.0077,0.5595
4.235,0.2544,0.1540,3685.059,1931.959,0.0963,1.2082
4.245,0.3122,-0.0512,3906.121,1880.081,0.1586,-0.3878
4.255,0.2741,-0.4140,4425.385,1807.228,0.1643,-2.9619
4.265,0.1512,-0.8871,5104.919,1706.780,0.0983,-5.9097
4.275,-0.0592,-1.2270,5413.033,1648.231,-0.0393,-7.9078
4.285,-0.3353,-1.4429,5276.699,1651.055,-0.2131,-9.3415
4.295,-0.6111,-1.6437,5024.610,1665.845,-0.3550,-10.8428
4.305,-0.8561,-1.6658,4922.764,1628.356,-0.4449,-10.8972
4.315,-1.2083,-1.5957,5163.289,1518.966,-0.5462,-10.0076
4.325,-1.8106,-1.5345,5616.870,1374.628,-0.7917,-9.0546
4.335,-2.1017,-1.4735,5801.143,1237.303,-1.3389,-8.2119
4.345,-2.2633,-1.4500,5483.326,1129.110,-2.1404,-7.6063
4.355,-2.3967,-1.4906,4914.336,1056.717,-2.8937,-7.2463
4.365,-2.4595,-1.5916,4370.585,1009.136,-3.3590,-7.2596
4.375,-2.4616,-1.5935,3928.086,961.918,-3.5252,-6.8830
4.385,-2.4074,-1.3612,3566.273,907.132,-3.5101,-5.5691
4.395,-2.2998,-0.9805,3261.719,850.079,-3.4551,-3.7782
4.405,-2.1769,-0.7067,3038.264,787.162,-3.4999,-2.5241
4.415,-2.0650,-0.7260,2919.747,718.258,-3.7693,-2.3828
4.425,-1.9303,-0.8352,2866.679,646.470,-4.2642,-2.5084
4.435,-1.7926,-0.8069,2815.715,575.817,-4.9431,-2.2310
4.445,-1.7498,-0.7080,2751.232,513.621,-6.0021,-1.8413
4.455,-1.8426,-0.5458,2708.611,463.449,-7.8140,-1.3641
4.465,-1.9764,-0.2972,2701.551,421.460,-10.2099,-0.7142
4.475,-2.0305,-0.0980,2681.227,381.329,-12.1113,-0.2215
4.485,-1.9464,0.0066,2617.775,342.388,-12.5719,0.0138
4.495,-1.7137,0.1055,2567.448,309.343,-11.7644,0.2042
4.505,-1.4225,0.2277,2607.993,283.109,-10.7234,0.4227
4.515,-1.2910,0.3092,2732.677,259.823,-10.8000,0.5562
4.525,-1.4439,0.3091,2854.865,237.744,-12.9100,0.5407
4.535,-1.7419,0.2922,2890.073,218.013,-16.0916,0.5027
4.545,-1.9567,0.3089,2841.707,200.482,-18.3759,0.5243
4.555,-2.0372,0.3202,2795.972,183.966,-19.4253,0.5314
4.565,-2.0221,0.3106,2807.598,167.729,-19.9006,0.4998
4.575,-1.9025,0.3257,2831.728,152.068,-19.3831,0.5076
4.585,-1.6769,0.3042,2767.475,137.809,-17.0031,0.4589
4.595,-1.3443,0.0690,2578.109,124.854,-12.8976,0.1004
4.605,-0.9830,-0.3503,2336.486,112.674,-8.8093,-0.4890
4.615,-0.7316,-0.7466,2137.905,101.307,-6.2686,-0.9924
4.625,-0.5960,-0.9728,1995.340,91.103,-4.9422,-1.2343
4.635,-0.6510,-0.9911,1856.111,81.828,-5.0635,-1.2053
4.645,-0.9217,-0.8996,1716.574,72.763,-6.5628,-1.0318
4.655,-1.2274,-0.8363,1617.144,64.102,-8.1414,-0.8934
4.665,-1.5170,-0.9111,1562.430,56.193,-9.6586,-0.8950
4.675,-1.7073,-1.1149,1536.522,48.603,-10.7605,-0.9785
4.685,-1.6126,-1.2776,1530.519,41.708,-10.3296,-0.9914
4.695,-1.4541,-1.3064,1533.569,36.100,-9.5260,-0.9195
4.705,-1.5066,-1.3136,1537.616,31.297,-10.0007,-0.8415
4.715,-1.5747,-1.3928,1543.340,26.711,-10.4911,-0.7689
4.725,-1.5252,-1.4918,1553.552,22.520,-10.1106,-0.6743
4.735,-1.5762,-1.5124,1567.431,19.106,-10.3348,-0.5639
4.745,-1.7849,-1.4969,1579.914,16.360,-11.5852,-0.4703
4.755,-1.8796,-1.5101,1581.641,14.050,-12.0936,-0.3985
4.765,-1.7282,-1.5227,1564.728,12.102,-10.9864,-0.3354
4.775,-1.4212,-1.5267,1531.641,10.473,-8.9010,-0.2802
4.785,-1.0541,-1.5289,1486.123,9.112,-6.4781,-0.2337
4.795,-0.7269,-1.5267,1426.386,7.980,-4.3278,-0.1948
4.805,-0.5693,-1.5223,1355.036,7.035,-3.2334,-0.1627
4.815,-0.6558,-1.5151,1282.433,6.247,-3.5366,-0.1362
4.825,-0.8547,-1.5063,1217.243,5.587,-4.3930,-0.1145
4.835,-0.9325,-1.4955,1160.460,5.033,-4.5841,-0.0967
4.845,-0.7449,-1.4839,1108.891,4.566,-3.5159,-0.0821
4.855,-0.3608,-1.4710,1060.421,4.169,-1.6463,-0.0699
4.865,0.0169,-1.4578,1013.995,3.832,0.0750,-0.0599
4.875,0.2921,-1.4434,967.331,3.543,1.2658,-0.0516
4.885,0.3946,-1.4289,918.390,3.295,1.6633,-0.0446
4.895,0.3073,-1.4130,867.463,3.080,1.2544,-0.0387
4.905,0.1715,-1.3970,815.141,2.893,0.6723,-0.0337
4.915,0.0436,-1.3785,761.203,2.731,0.1623,-0.0294
4.925,-0.1094,-1.3596,706.902,2.588,-0.3840,-0.0258
4.935,-0.1521,-1.3375,655.029,2.463,-0.5042,-0.0227
4.945,-0.0132,-1.3145,606.899,2.351,-0.0413,-0.0200
4.955,0.0840,-1.2874,561.059,2.253,0.2465,-0.0177
4.965,-0.0018,-1.2594,516.344,2.164,-0.0048,-0.0157
4.975,-0.1246,-1.2266,474.474,2.086,-0.3196,-0.0139
4.985,-0.0853,-1.1932,437.657,2.014,-0.2069,-0.0124
4.995,0.0804,-1.1551,405.422,1.950,0.1862,-0.0110
5.005,0.2311,-1.1170,376.591,1.892,0.5141,-0.0099
5.015,0.3587,-1.0739,351.326,1.839,0.7729,-0.0088
5.025,0.4391,-1.0319,329.668,1.791,0.9273,-0.0079
5.035,0.4020,-0.9858,310.763,1.747,0.8405,-0.0071
5.045,0.2733,-0.9416,292.844,1.706,0.5665,-0.0064
5.055,0.1637,-0.8944,274.311,1.668,0.3346,-0.0058
5.065,0.1367,-0.8505,254.701,1.633,0.2735,-0.0053
5.075,0.2194,-0.8043,233.815,1.600,0.4251,-0.0048
5.085,0.3902,-0.7627,212.239,1.570,0.7226,-0.0043
5.095,0.5297,-0.7194,191.572,1.542,0.9292,-0.0039
5.105,0.6075,-0.6810,172.757,1.515,1.0060,-0.0036
5.115,0.6870,-0.6415,155.971,1.490,1.0768,-0.0033
5.125,0.7813,-0.6078,141.271,1.466,1.1680,-0.0030
5.135,0.8624,-0.5729,128.543,1.444,1.2432,-0.0028
5.145,0.9024,-0.5439,117.336,1.422,1.2624,-0.0026
5.155,0.8870,-0.5131,107.034,1.402,1.1975,-0.0024
5.165,0.8455,-0.4884,97.351,1.382,1.0882,-0.0022
5.175,0.8301,-0.4621,88.276,1.364,1.0074,-0.0021
5.185,0.8167,-0.4416,79.909,1.346,0.9297,-0.0019
5.195,0.7581,-0.4192,72.399,1.329,0.8111,-0.0018
5.205,0.6806,-0.4023,65.687,1.313,0.6871,-0.0017
5.215,0.6048,-0.3831,59.623,1.297,0.5779,-0.0016
5.225,0.5265,-0.3695,54.178,1.282,0.4775,-0.0015
5.235,0.4616,-0.3530,49.356,1.267,0.3983,-0.0014
5.245,0.4036,-0.3420,45.103,1.253,0.3317,-0.0014
5.255,0.3217,-0.3282,41.268,1.239,0.2514,-0.0013
5.265,0.1981,-0.3196,37.679,1.226,0.1466,-0.0012
5.275,0.0187,-0.3076,34.225,1.213,0.0130,-0.0012
5.285,-0.1930,-0.3007,30.894,1.200,-0.1240,-0.0011
5.295,-0.3812,-0.2904,27.772,1.188,-0.2252,-0.0011
5.305,-0.5138,-0.2852,24.997,1.176,-0.2799,-0.0010
5.315,-0.6057,-0.2762,22.603,1.165,-0.3069,-0.0010
5.325,-0.7004,-0.2722,20.475,1.153,-0.3299,-0.0010
5.335,-0.7906,-0.2643,18.485,1.142,-0.3404,-0.0009
5.345,-0.8253,-0.2612,16.578,1.131,-0.3148,-0.0009
5.355,-0.7792,-0.2542,14.784,1.121,-0.2537,-0.0009
5.365,-0.6875,-0.2521,13.201,1.110,-0.1873,-0.0009
5.375,-0.6357,-0.2459,11.882,1.101,-0.1471,-0.0008
5.385,-0.6377,-0.2444,10.777,1.091,-0.1287,-0.0008
5.395,-0.6352,-0.2387,9.814,1.081,-0.1128,-0.0008
5.405,-0.6128,-0.2379,8.961,1.072,-0.0957,-0.0008
5.415,-0.5843,-0.2326,8.203,1.062,-0.0802,-0.0008
5.425,-0.5531,-0.2322,7.533,1.053,-0.0668,-0.0007
5.435,-0.5203,-0.2274,6.939,1.044,-0.0553,-0.0007
5.445,-0.4868,-0.2273,6.412,1.036,-0.0457,-0.0007
5.455,-0.4531,-0.2228,5.945,1.027,-0.0377,-0.0007
5.465,-0.4199,-0.2231,5.530,1.019,-0.0310,-0.0007
5.475,-0.3881,-0.2188,5.160,1.011,-0.0256,-0.0007
5.485,-0.3576,-0.2194,4.830,1.002,-0.0211,-0.0007
5.495,-0.3289,-0.2153,4.534,0.995,-0.0174,-0.0006
5.505,-0.3019,-0.2161,4.269,0.987,-0.0144,-0.0006
5.515,-0.2771,-0.2122,4.031,0.979,-0.0119,-0.0006
5.525,-0.2537,-0.2131,3.816,0.972,-0.0099,-0.0006
5.535,-0.2326,-0.2093,3.621,0.964,-0.0082,-0.0006
5.545,-0.2129,-0.2104,3.445,0.957,-0.0069,-0.0006
5.555,-0.1949,-0.2066,3.285,0.950,-0.0057,-0.0006
5.565,-0.1770,-0.2077,3.139,0.943,-0.0048,-0.0006
5.575,-0.1608,-0.2041,3.006,0.936,-0.0040,-0.0006
5.585,-0.1456,-0.2054,2.885,0.929,-0.0033,-0.0006
5.595,-0.1323,-0.2018,2.773,0.922,-0.0028,-0.0006
5.605,-0.1193,-0.2032,2.671,0.916,-0.0023,-0.0006
5.615,-0.1072,-0.1996,2.577,0.909,-0.0019,-0.0005
5.625,-0.0948,-0.2010,2.490,0.903,-0.0016,-0.0005
5.635,-0.0833,-0.1975,2.410,0.896,-0.0013,-0.0005
5.645,-0.0703,-0.1991,2.336,0.890,-0.0010,-0.0005
5.655,-0.0572,-0.1957,2.267,0.884,-0.0008,-0.0005
5.665,-0.0439,-0.1973,2.204,0.878,-0.0005,-0.0005
5.675,-0.0320,-0.1938,2.144,0.872,-0.0004,-0.0005
5.685,-0.0183,-0.1954,2.089,0.866,-0.0002,-0.0005
5.695,-0.0063,-0.1920,2.038,0.861,-0.0001,-0.0005
5.705,0.0065,-0.1937,1.990,0.855,0.0001,-0.0005
5.715,0.0205,-0.1903,1.945,0.849,0.0002,-0.0005
5.725,0.0365,-0.1920,1.903,0.844,0.0003,-0.0005
5.735,0.0504,-0.1885,1.863,0.838,0.0004,-0.0005
5.745,0.0661,-0.1903,1.826,0.833,0.0005,-0.0005
5.755,0.0800,-0.1869,1.791,0.828,0.0006,-0.0005
5.765,0.0966,-0.1888,1.758,0.822,0.0007,-0.0005
5.775,0.1087,-0.1860,1.726,0.817,0.0008,-0.0004
5.785,0.1199,-0.1880,1.697,0.812,0.0008,-0.0005
5.795,0.1325,-0.1835,1.669,0.807,0.0009,-0.0004
5.805,0.1475,-0.1850,1.642,0.802,0.0009,-0.0004
5.815,0.1584,-0.1825,1.617,0.797,0.0009,-0.0004
5.825,0.1708,-0.1846,1.593,0.792,0.0010,-0.0004
5.835,0.1832,-0.1806,1.570,0.788,0.0010,-0.0004
5.845,0.1969,-0.1824,1.549,0.783,0.0011,-0.0004
5.855,0.2062,-0.1799,1.528,0.778,0.0011,-0.0004
5.865,0.2176,-0.1821,1.508,0.774,0.0011,-0.0004
5.875,0.2274,-0.1774,1.489,0.769,0.0012,-0.0004
5.885,0.2402,-0.1788,1.471,0.765,0.0012,-0.0004
5.895,0.2500,-0.1761,1.453,0.760,0.0012,-0.0004
5.905,0.2614,-0.1781,1.436,0.756,0.0013,-0.0004
5.915,0.2715,-0.1733,1.420,0.751,0.0013,-0.0004
5.925,0.2823,-0.1747,1.404,0.747,0.0013,-0.0004
5.935,0.2890,-0.1730,1.389,0.743,0.0013,-0.0004
5.945,0.2182,0.0821,1.368,0.750,0.0010,0.0002
5.955,-1.1900,0.4401,108.372,446.651,-0.0385,0.0128
5.965,-0.7719,0.4529,105.330,418.550,-0.0580,0.0020
5.975,-0.6589,0.4630,106.742,434.290,-0.0707,0.0020
5.985,-0.5817,0.5299,116.088,509.216,-0.0773,0.0030
5.995,-0.5336,0.5387,133.361,663.092,-0.0814,0.0034
6.005,-0.4999,-0.1533,157.828,922.444,-0.0838,-0.0004
6.015,-0.4716,-0.5321,187.215,1271.558,-0.0847,-0.0114
6.025,-0.4450,-0.4871,219.374,1673.620,-0.0841,-0.0304
6.035,-0.4195,-0.4721,255.165,2125.357,-0.0823,-0.0567
6.045,-0.3975,-0.4672,289.511,2551.477,-0.0801,-0.0860
6.055,-0.2638,-0.6182,175.879,2329.198,-0.0472,-0.1996
6.065,-0.1156,-0.5542,166.786,3109.418,-0.0162,-0.3288
6.075,-0.0309,-0.3060,183.534,4076.281,-0.0035,-0.4143
6.085,0.0166,-0.3403,248.852,4612.606,0.0015,-0.7020
6.095,-0.0015,-0.6459,377.219,4308.681,-0.0001,-1.4717
6.105,-0.1617,-0.9042,540.563,3221.462,-0.0095,-2.3079
6.115,-0.4129,-0.8887,694.323,2021.912,-0.0272,-2.7845
6.125,-0.5016,-0.8458,821.904,1395.286,-0.0517,-2.9150
6.135,-0.5060,-0.8130,936.293,1189.715,-0.0788,-2.8188
6.145,-0.4947,-0.7368,1071.194,1061.638,-0.1031,-2.4678
6.155,-0.4796,-0.5598,1244.540,895.329,-0.1210,-1.5979
6.165,-0.4580,-0.2261,1342.996,734.752,-0.1274,-0.5771
6.175,-0.4214,0.0576,1231.953,666.699,-0.1165,0.1632
6.185,-0.3659,0.1828,995.683,593.421,-0.0904,0.5340
6.195,-0.2939,0.2150,810.636,431.670,-0.0598,0.4789
6.205,-0.2081,0.2118,729.807,258.988,-0.0334,0.2765
6.215,-0.1147,0.2302,760.759,165.187,-0.0145,0.1885
6.225,-0.0190,0.2562,984.558,131.233,-0.0020,0.1718
6.235,0.0872,0.2729,1449.460,110.286,0.0078,0.1589
6.245,0.1569,0.2795,2051.470,93.709,0.0173,0.1410
6.255,0.1300,0.2830,2619.374,79.223,0.0253,0.1223
6.265,0.0920,0.2819,3093.000,66.849,0.0301,0.1033
6.275,0.0618,0.2795,3497.740,56.156,0.0295,0.0862
6.285,0.0366,0.2743,3929.573,47.100,0.0228,0.0708
6.295,0.0088,0.2679,4486.812,39.407,0.0066,0.0576
6.305,-0.0369,0.2590,4836.571,32.959,-0.0306,0.0462
6.315,-0.0999,0.2484,4516.509,27.546,-0.0817,0.0367
6.325,-0.1698,0.2351,3756.835,23.045,-0.1243,0.0287
6.335,-0.2376,0.2191,3119.369,19.296,-0.1459,0.0221
6.345,-0.3033,0.1997,2752.639,16.191,-0.1521,0.0166
6.355,-0.3811,0.1785,2555.407,13.621,-0.1593,0.0122
6.365,-0.4892,0.1538,2503.767,11.504,-0.1839,0.0087
6.375,-0.5908,0.1240,2661.482,9.751,-0.2336,0.0058
6.385,-0.5298,0.0885,3045.193,8.307,-0.2894,0.0034
6.395,-0.3719,0.0456,3536.388,7.114,-0.3221,0.0014
6.405,-0.2408,-0.0034,3990.546,6.131,-0.3072,-0.0001
6.415,-0.1555,-0.0564,4328.274,5.318,-0.2637,-0.0012
6.425,-0.1178,-0.1188,4539.904,4.648,-0.2442,-0.0022
6.435,-0.1282,-0.1951,4647.465,4.093,-0.3003,-0.0030
6.445,-0.2179,-0.2765,4665.656,3.633,-0.5322,-0.0036
6.455,-0.4206,-0.3557,4623.503,3.252,-1.0284,-0.0039
6.465,-0.6583,-0.4380,4565.802,2.935,-1.7458,-0.0042
6.475,-0.8037,-0.5370,4469.864,2.672,-2.5345,-0.0044
6.485,-0.8705,-0.6482,4158.030,2.450,-3.1904,-0.0047
6.495,-0.8897,-0.7484,3529.967,2.262,-3.4854,-0.0048
6.505,-0.8734,-0.8426,2799.810,2.106,-3.3854,-0.0049
6.515,-0.8417,-0.9419,2228.077,1.970,-3.1312,-0.0050
6.525,-0.8064,-1.0181,1866.828,1.858,-2.9270,-0.0050
6.535,-0.7546,-1.0646,1637.386,1.765,-2.6813,-0.0049
6.545,-0.6684,-1.1138,1438.338,1.685,-2.1736,-0.0048
6.555,-0.5283,-1.1632,1233.721,1.615,-1.4713,-0.0048
6.565,-0.3363,-1.2045,1061.782,1.555,-0.8404,-0.0047
6.575,-0.1357,-1.2325,931.815,1.500,-0.3321,-0.0046
6.585,0.0366,-1.2525,831.003,1.453,0.0928,-0.0045
6.595,0.1566,-1.2649,760.662,1.411,0.4252,-0.0044
6.605,0.2285,-1.2620,713.078,1.375,0.6675,-0.0043
6.615,0.2552,-1.2692,668.193,1.341,0.7737,-0.0042
6.625,0.2405,-1.2767,588.564,1.311,0.6796,-0.0041
6.635,0.2007,-1.2654,455.778,1.283,0.4416,-0.0040
6.645,0.1850,-1.2829,318.265,1.258,0.2722,-0.0039
6.655,0.2307,-1.3146,230.364,1.234,0.2341,-0.0040
6.665,0.2755,-1.2946,185.738,1.213,0.2254,-0.0038
6.675,0.2942,-1.2593,159.411,1.192,0.2126,-0.0036
6.685,0.3006,-1.2444,139.691,1.174,0.1966,-0.0035
6.695,0.3028,-1.2550,123.185,1.155,0.1797,-0.0035
6.705,0.3036,-1.2763,108.880,1.139,0.1632,-0.0035
6.715,0.3034,-1.2580,96.339,1.123,0.1472,-0.0034
6.725,0.3024,-1.2311,85.302,1.108,0.1320,-0.0033
6.735,0.3009,-1.2378,75.555,1.092,0.1179,-0.0033
6.745,0.2989,-1.2330,66.942,1.079,0.1049,-0.0032
6.755,0.2964,-1.2120,59.323,1.065,0.0929,-0.0031
6.765,0.2936,-1.2009,52.584,1.052,0.0820,-0.0030
6.775,0.2906,-1.1878,46.621,1.040,0.0723,-0.0029
6.785,0.2866,-1.1807,41.348,1.028,0.0634,-0.0029
6.795,0.2818,-1.1864,36.684,1.016,0.0554,-0.0029
6.805,0.2765,-1.1750,32.566,1.005,0.0482,-0.0028
6.815,0.2700,-1.1515,28.924,0.993,0.0417,-0.0027
6.825,0.2634,-1.1436,25.710,0.984,0.0360,-0.0027
6.835,0.2566,-1.1416,22.871,0.973,0.0311,-0.0026
6.845,0.2489,-1.1310,20.366,0.963,0.0267,-0.0026
6.855,0.2411,-1.1195,18.154,0.953,0.0229,-0.0025
6.865,0.2319,-1.1111,16.204,0.944,0.0194,-0.0025
6.875,0.2213,-1.1026,14.481,0.935,0.0164,-0.0024
6.885,0.2096,-1.0941,12.963,0.926,0.0137,-0.0024
6.895,0.1962,-1.0869,11.620,0.917,0.0114,-0.0023
6.905,0.1814,-1.0777,10.437,0.909,0.0093,-0.0023
6.915,0.1651,-1.0672,9.390,0.900,0.0075,-0.0023
6.925,0.1473,-1.0561,8.468,0.892,0.0059,-0.0022
6.935,0.1278,-1.0469,7.651,0.883,0.0046,-0.0022
6.945,0.1129,-0.9772,6.886,0.820,0.0036,-0.0020
6.955,0.8911,1.1378,-45.755,-54.513,2.2851,1.9402
6.965,0.9727,1.2148,-64.560,-69.095,2.6221,2.3077
6.975,0.9645,1.1915,-63.256,-67.353,2.6173,2.2872
6.985,0.8683,1.0599,-43.145,-47.890,2.3579,2.0219
6.995,0.6471,0.7819,12.400,5.512,1.6754,1.3905
7.005,0.2623,0.2617,110.085,97.919,0.6175,0.4243
7.015,-0.2335,-0.4044,227.868,205.897,-0.5294,-0.6914
7.025,-0.6589,-0.7729,339.803,300.718,-1.6483,-1.6154
7.035,-0.8417,-0.7973,428.659,368.968,-2.4734,-2.0753
7.045,-0.8109,-0.6354,481.612,407.996,-2.7625,-1.8725
7.055,-1.0444,-0.2984,422.142,386.817,-2.4107,-0.6483
7.065,-0.4541,-0.0316,376.765,361.202,-0.9348,-0.0656
7.075,-0.0809,0.0046,368.530,343.111,-0.1658,0.0092
7.085,0.1189,-0.0039,367.143,337.697,0.2485,-0.0076
7.095,0.1895,-0.1181,362.575,327.530,0.3963,-0.2210
7.105,0.1779,-0.3265,358.556,308.803,0.3680,-0.6043
7.115,0.1356,-0.4077,358.552,298.436,0.2800,-0.7850
7.125,0.1066,-0.3935,362.720,294.547,0.2230,-0.7785
7.135,0.1037,-0.3888,367.098,292.952,0.2202,-0.7818
7.145,0.0735,-0.4438,361.732,278.303,0.1551,-0.8662
7.155,-0.0065,-0.5573,346.500,245.994,-0.0136,-1.0147
7.165,-0.0760,-0.6101,332.081,220.546,-0.1570,-1.0861
7.175,-0.1435,-0.5663,317.452,206.360,-0.2894,-0.9863
7.185,-0.2366,-0.5491,300.532,190.019,-0.4590,-0.8954
7.195,-0.3201,-0.5588,287.644,163.574,-0.6055,-0.8016
7.205,-0.3705,-0.4252,281.957,132.669,-0.7047,-0.5053
7.215,-0.4046,-0.1917,281.528,107.236,-0.7891,-0.1884
7.225,-0.4404,0.0130,277.778,88.450,-0.8670,0.0112
7.235,-0.4852,0.2240,261.066,73.217,-0.9222,0.1769
7.245,-0.5364,0.4045,235.822,56.898,-0.9678,0.2638
7.255,-0.5589,0.4728,216.300,40.500,-0.9743,0.2141
7.265,-0.5454,0.4196,205.173,28.597,-0.9246,0.1188
7.275,-0.5418,0.3469,195.666,21.752,-0.8830,0.0702
7.285,-0.5583,0.3507,182.238,17.875,-0.8509,0.0591
7.295,-0.5593,0.3660,163.177,14.935,-0.7703,0.0525
7.305,-0.5395,0.3791,141.727,12.548,-0.6552,0.0462
7.315,-0.4630,0.3849,121.971,10.544,-0.4914,0.0396
7.325,-0.2964,0.3868,105.318,8.882,-0.2767,0.0334
7.335,-0.1221,0.3833,92.023,7.492,-0.1041,0.0276
7.345,0.0257,0.3764,81.979,6.342,0.0211,0.0225
7.355,0.1588,0.3645,74.070,5.387,0.1288,0.0180
7.365,0.2652,0.3486,66.244,4.600,0.2068,0.0142
7.375,0.3513,0.3272,56.489,3.949,0.2415,0.0110
7.385,0.4057,0.3004,45.047,3.414,0.2190,0.0083
7.395,0.4090,0.2666,34.546,2.973,0.1569,0.0061
7.405,0.3735,0.2253,27.197,2.610,0.1028,0.0042
7.415,0.3567,0.1748,22.809,2.311,0.0794,0.0027
7.425,0.3625,0.1140,19.937,2.065,0.0706,0.0014
7.435,0.3743,0.0416,17.706,1.862,0.0654,0.0004
7.445,0.3843,-0.0435,15.808,1.695,0.0604,-0.0004
7.455,0.3915,-0.1420,14.145,1.556,0.0554,-0.0010
7.465,0.3960,-0.2532,12.672,1.441,0.0502,-0.0016
7.475,0.3982,-0.3754,11.363,1.346,0.0452,-0.0020
7.485,0.3986,-0.5047,10.198,1.266,0.0404,-0.0023
7.495,0.3972,-0.6363,9.161,1.199,0.0359,-0.0025
7.505,0.3941,-0.7638,8.239,1.143,0.0317,-0.0027
7.515,0.3896,-0.8818,7.419,1.095,0.0278,-0.0029
7.525,0.3834,-0.9858,6.690,1.055,0.0243,-0.0030
7.535,0.3758,-1.0740,6.043,1.020,0.0211,-0.0031
7.545,0.3664,-1.1465,5.468,0.991,0.0182,-0.0031
7.555,0.3553,-1.2030,4.959,0.965,0.0156,-0.0031
7.565,0.3422,-1.2489,4.508,0.942,0.0133,-0.0031
7.575,0.3271,-1.2882,4.108,0.923,0.0112,-0.0032
7.585,0.3097,-1.3155,3.755,0.905,0.0094,-0.0031
7.595,0.2898,-1.3335,3.441,0.889,0.0077,-0.0031
7.605,0.2670,-1.3474,3.164,0.875,0.0063,-0.0031
7.615,0.2413,-1.3581,2.919,0.862,0.0050,-0.0031
7.625,0.2122,-1.3652,2.702,0.851,0.0039,-0.0030
7.635,0.1794,-1.3701,2.509,0.840,0.0029,-0.0030
7.645,0.1424,-1.3729,2.339,0.830,0.0020,-0.0030
7.655,0.1009,-1.3745,2.188,0.820,0.0013,-0.0029
7.665,0.0546,-1.3742,2.054,0.812,0.0006,-0.0029
7.675,0.0033,-1.3736,1.936,0.803,0.0000,-0.0028
7.685,-0.0537,-1.3718,1.830,0.795,-0.0005,-0.0028
7.695,-0.1161,-1.3669,1.737,0.788,-0.0009,-0.0027
7.705,-0.1840,-1.3644,1.653,0.780,-0.0013,-0.0027
7.715,-0.2568,-1.3672,1.579,0.774,-0.0016,-0.0027
7.725,-0.3350,-1.3648,1.513,0.767,-0.0019,-0.0026
7.735,-0.4161,-1.3588,1.454,0.760,-0.0021,-0.0026
7.745,-0.4992,-1.3539,1.401,0.754,-0.0023,-0.0026
7.755,-0.5835,-1.3502,1.354,0.748,-0.0025,-0.0025
7.765,-0.6678,-1.3455,1.311,0.742,-0.0027,-0.0025
7.775,-0.7488,-1.3415,1.273,0.737,-0.0028,-0.0025
7.785,-0.8258,-1.3363,1.238,0.731,-0.0029,-0.0024
7.795,-0.8979,-1.3296,1.207,0.726,-0.0030,-0.0024
