net,prelayout_fF,extracted_total_fF,to_VGND_fF,to_VPWR_fF,coupling_fF
as0_0,3.5,9.435,2.11,1.4,5.925
as0_2,3.5,9.009,1.81,1.47,5.729
as0_4,3.5,13.428,2.97,1.45,9.008
as1_0,3.5,13.424,2.76,2.96,7.704
as1_2,3.5,10.096,1.75,1.72,6.626
as1_4,3.5,12.153,2.89,2.07,7.193
bs0_0,2.0,6.012,1.71,1.55,2.752
bs0_1,1.5,2.081,0.738,0.366,0.977
bs0_2,2.0,5.58,2.04,1.57,1.97
bs0_3,1.5,2.115,0.615,0.679,0.821
bs0_4,2.0,3.646,1.3,0.67,1.676
bs1_0,2.0,4.573,1.1,0.811,2.662
bs1_1,1.5,1.767,0.577,0.461,0.729
bs1_2,2.0,4.342,1.48,1.16,1.702
bs1_3,1.5,2.101,0.913,0.431,0.757
bs1_4,2.0,4.82,0.987,0.742,3.091
m01_0,1.5,1.678,0.624,0.231,0.823
m01_1,1.5,2.151,0.63,0.229,1.292
m01_2,1.5,1.905,0.401,0.158,1.346
m01_3,1.5,1.537,0.398,0.175,0.964
m01_4,1.5,1.397,0.302,0.38,0.715
m10_0,1.5,2.394,0.326,0.58,1.488
m10_1,1.5,3.182,0.573,0.343,2.266
m10_2,1.5,2.149,0.383,0.494,1.272
m10_3,1.5,2.136,0.39,0.551,1.195
m10_4,1.5,3.385,0.342,0.441,2.602
p00_0,1.5,1.413,0.262,0.204,0.947
p00_1,1.5,1.782,0.38,0.454,0.948
p00_2,1.5,2.056,0.443,0.353,1.26
p00_3,1.5,1.398,0.26,0.26,0.878
p00_4,1.5,1.462,0.33,0.419,0.713
p01_0,1.5,2.164,0.433,0.425,1.306
p01_1,1.5,2.494,0.54,0.327,1.627
p01_2,1.5,5.187,0.877,0.634,3.676
p01_3,1.5,5.239,0.802,0.482,3.955
p01_4,1.5,2.778,0.576,0.42,1.782
p10_0,1.5,2.365,0.561,0.264,1.54
p10_1,1.5,2.723,0.41,0.579,1.734
p10_2,1.5,2.109,0.408,0.369,1.332
p10_3,1.5,1.91,0.393,0.225,1.292
p10_4,1.5,3.628,0.667,0.681,2.28
p11_0,1.5,1.508,0.397,0.212,0.899
p11_1,1.5,1.664,0.306,0.205,1.153
p11_2,1.5,1.747,0.46,0.523,0.764
p11_3,1.5,1.762,0.474,0.347,0.941
p11_4,1.5,2.726,0.421,0.918,1.387
r_0,1.5,1.826,0.816,0.235,0.775
r_0_q,2.0,9.396,1.51,2.69,5.196
r_1,1.5,2.379,0.678,0.578,1.123
r_1_q,2.0,7.394,1.3,1.73,4.364
r_2,1.5,3.524,1.34,0.852,1.332
r_2_q,2.0,5.943,1.19,0.885,3.868
r_3,1.5,2.274,1.06,0.329,0.885
r_3_q,2.0,6.21,1.09,1.9,3.22
r_4,1.5,4.405,2.72,0.449,1.236
r_4_q,2.0,6.645,1.59,1.45,3.605
ts0_0,1.5,1.769,0.447,0.32,1.002
ts0_1,1.5,2.928,0.529,0.798,1.601
ts0_2,1.5,2.555,0.5,0.742,1.313
ts0_3,1.5,2.878,0.507,0.349,2.022
ts0_4,1.5,1.996,0.463,0.468,1.065
ts1_0,1.5,2.236,0.563,0.575,1.098
ts1_1,1.5,3.154,0.507,1.06,1.587
ts1_2,1.5,2.355,0.528,0.64,1.187
ts1_3,1.5,2.947,0.646,0.522,1.779
ts1_4,1.5,2.712,0.609,0.379,1.724
xs0_0,1.5,4.341,2.44,0.471,1.43
xs0_0_q,1.5,2.872,0.869,0.937,1.066
xs0_1,1.5,1.901,0.741,0.21,0.95
xs0_1_q,4.0,16.996,4.24,2.91,9.846
xs0_2,1.5,2.051,0.978,0.255,0.818
xs0_2_q,1.5,2.407,0.888,0.356,1.163
xs0_3,1.5,2.404,0.988,0.545,0.871
xs0_3_q,4.0,17.253,5.71,2.79,8.753
xs0_4,1.5,3.486,1.42,1.11,0.956
xs0_4_q,2.0,3.202,0.535,0.59,2.077
xs1_0,1.5,1.887,0.783,0.237,0.867
xs1_0_q,1.5,3.04,0.768,0.786,1.486
xs1_1,1.5,1.93,0.885,0.243,0.802
xs1_1_q,4.0,13.83,3.75,2.2,7.88
xs1_2,1.5,1.947,0.756,0.384,0.807
xs1_2_q,1.5,3.898,1.72,0.613,1.565
xs1_3,1.5,1.837,0.738,0.286,0.813
xs1_3_q,4.0,14.528,3.12,3.03,8.378
xs1_4,1.5,1.923,0.876,0.235,0.812
xs1_4_q,2.0,4.029,1.03,0.987,2.012
ys0_0,1.0,4.076,2.3,1.25,0.526
ys0_0_d,1.5,1.71,0.462,0.236,1.012
ys0_1,1.0,1.929,1.01,0.556,0.363
ys0_1_d,1.5,2.964,1.18,0.535,1.249
ys0_2,1.0,1.35,0.615,0.369,0.366
ys0_2_d,1.5,2.21,0.589,0.738,0.883
ys0_3,1.0,1.486,0.608,0.489,0.389
ys0_3_d,1.5,2.467,0.592,0.755,1.12
ys0_4,1.0,1.913,0.967,0.679,0.267
ys1_0,1.0,1.308,0.723,0.317,0.268
ys1_0_d,1.5,1.957,0.556,0.484,0.917
ys1_1,1.0,1.324,0.637,0.409,0.278
ys1_1_d,1.5,2.227,0.594,0.611,1.022
ys1_2,1.0,1.9,0.75,0.89,0.26
ys1_3,1.0,1.881,0.889,0.551,0.441
ys1_3_d,1.5,2.576,0.884,0.506,1.186
ys1_4,1.0,2.535,1.72,0.42,0.395
