row,label,x,mask,r
0,0,11,22,20
1,0,11,21,14
2,0,11,11,16
3,0,11,20,7
4,0,11,30,30
5,1,5,28,6
6,0,11,28,1
7,1,13,20,28
8,0,11,6,13
9,0,11,13,2
10,0,11,18,3
11,0,11,16,3
12,0,11,10,16
13,1,10,21,4
14,0,11,6,24
15,1,18,1,14
16,1,7,4,15
17,0,11,20,13
18,1,15,26,6
19,1,30,8,10
20,1,1,24,18
21,0,11,23,29
22,0,11,10,12
23,1,18,30,5
24,1,17,29,27
25,1,5,12,16
26,1,17,20,12
27,0,11,28,30
28,0,11,25,30
29,1,28,0,21
30,0,11,28,20
31,0,11,26,18
32,1,18,12,18
33,0,11,28,30
34,0,11,5,7
35,0,11,7,14
36,0,11,13,12
37,1,3,9,20
38,0,11,23,13
39,1,28,30,29
40,1,14,5,20
41,0,11,29,11
42,0,11,25,1
43,1,1,21,21
44,0,11,8,6
45,1,26,14,31
46,0,11,1,23
47,0,11,11,23
48,1,9,19,13
49,0,11,16,14
50,1,5,21,14
51,1,9,13,31
52,0,11,24,18
53,0,11,1,0
54,0,11,5,20
55,1,2,10,1
56,1,10,25,10
57,0,11,31,12
58,0,11,6,13
59,0,11,16,10
60,0,11,8,23
61,1,13,25,16
62,0,11,7,6
63,1,9,4,5
64,0,11,22,8
65,0,11,21,4
66,0,11,30,13
67,0,11,14,7
68,0,11,9,1
69,1,22,29,20
70,0,11,11,0
71,1,31,10,20
72,1,6,11,27
73,1,18,0,12
74,1,13,3,9
75,1,7,20,25
76,1,30,8,19
77,0,11,21,7
78,0,11,8,24
79,1,29,23,20
80,1,2,12,27
81,0,11,27,14
82,1,27,30,16
83,0,11,1,31
84,0,11,22,16
85,0,11,16,29
86,0,11,13,0
87,1,14,14,0
88,1,25,0,16
89,0,11,11,15
90,1,10,4,22
91,0,11,21,27
92,1,11,14,12
93,0,11,26,21
94,1,25,17,22
95,1,27,15,3
96,0,11,30,31
97,1,12,9,10
98,0,11,14,10
99,0,11,7,1
100,0,11,9,15
101,1,6,17,17
102,0,11,17,21
103,0,11,31,22
104,1,28,19,30
105,0,11,0,18
106,1,8,14,3
107,1,31,3,10
108,0,11,2,16
109,1,0,7,22
110,0,11,3,4
111,0,11,6,27
112,0,11,28,12
113,0,11,22,2
114,1,2,14,23
115,0,11,29,15
116,0,11,23,24
117,1,21,16,30
118,1,24,21,25
119,1,16,22,7
120,1,5,13,20
121,0,11,4,31
122,0,11,18,22
123,0,11,12,10
124,0,11,23,28
125,0,11,10,2
126,0,11,23,14
127,1,14,5,10
128,0,11,6,15
129,0,11,14,28
130,0,11,22,19
131,0,11,31,20
132,0,11,2,4
133,1,18,4,8
134,1,1,17,30
135,1,23,18,28
136,0,11,10,31
137,1,25,14,2
138,0,11,17,6
139,0,11,17,7
140,0,11,15,2
141,0,11,21,18
142,0,11,24,24
143,0,11,6,8
144,0,11,18,22
145,1,6,26,20
146,0,11,16,21
147,0,11,18,3
148,0,11,0,0
149,1,12,5,2
150,0,11,28,15
151,1,29,25,26
152,0,11,20,23
153,1,25,13,18
154,0,11,11,12
155,0,11,15,13
156,1,7,18,8
157,1,3,30,19
158,0,11,9,13
159,0,11,9,31
160,0,11,24,21
161,0,11,22,5
162,0,11,12,5
163,0,11,10,8
164,1,17,29,4
165,1,20,22,31
166,1,27,9,29
167,0,11,25,6
168,1,18,11,18
169,1,14,9,14
170,1,11,12,24
171,1,30,30,2
172,0,11,4,17
173,1,16,21,5
174,0,11,4,29
175,1,8,16,2
176,0,11,25,19
177,1,24,21,31
178,1,11,14,18
179,0,11,29,5
180,0,11,1,5
181,0,11,9,13
182,1,14,25,21
183,0,11,6,4
184,0,11,6,2
185,0,11,8,13
186,1,2,2,18
187,0,11,1,26
188,0,11,31,23
189,0,11,10,10
190,0,11,28,6
191,1,24,4,9
192,1,19,13,9
193,1,18,9,18
194,1,16,17,31
195,0,11,6,3
196,1,11,25,0
197,0,11,10,16
198,1,1,0,28
199,1,2,25,2
200,1,23,6,0
201,1,11,11,5
202,0,11,22,18
203,1,9,19,20
204,0,11,29,14
205,0,11,9,23
206,0,11,15,20
207,0,11,7,10
208,1,13,16,13
209,1,26,20,31
210,1,30,25,28
211,0,11,5,24
212,0,11,21,18
213,0,11,8,10
214,0,11,22,23
215,0,11,18,27
216,1,4,20,16
217,1,9,23,4
218,1,27,24,16
219,1,7,8,18
220,1,16,11,4
221,1,31,18,21
222,1,7,7,16
223,1,6,12,27
224,0,11,25,5
225,1,6,2,9
226,1,1,10,24
227,0,11,8,26
228,0,11,15,19
229,1,7,26,17
230,1,14,20,6
231,1,7,13,28
232,1,15,13,25
233,1,18,0,26
234,1,25,1,7
235,0,11,15,29
236,0,11,0,18
237,1,30,23,5
238,0,11,5,27
239,0,11,17,23
240,1,27,15,5
241,0,11,2,29
242,0,11,6,11
243,0,11,9,7
244,1,7,26,1
245,1,2,13,11
246,0,11,23,12
247,0,11,31,10
248,0,11,8,17
249,0,11,8,24
250,1,27,18,29
251,0,11,21,11
252,1,2,0,4
253,0,11,28,13
254,0,11,22,7
255,1,0,6,19
256,1,0,20,11
257,0,11,11,21
258,0,11,21,1
259,0,11,2,1
260,1,23,30,7
261,1,17,11,6
262,1,0,28,15
263,0,11,18,2
264,1,14,15,1
265,0,11,26,25
266,1,11,21,23
267,0,11,4,26
268,0,11,11,12
269,0,11,19,11
270,1,28,15,30
271,0,11,7,31
272,1,28,27,27
273,1,4,29,25
274,1,0,24,6
275,0,11,1,29
276,0,11,21,0
277,1,10,21,0
278,1,15,25,27
279,1,23,2,23
280,0,11,6,21
281,1,22,3,16
282,1,18,3,9
283,1,17,12,27
284,1,8,16,26
285,0,11,14,30
286,1,10,28,1
287,1,2,19,14
288,0,11,9,6
289,0,11,11,7
290,1,25,4,21
291,1,27,6,16
292,1,20,7,18
293,0,11,31,18
294,1,17,12,19
295,0,11,5,27
296,0,11,8,25
297,0,11,30,1
298,1,9,29,17
299,1,28,10,26
300,0,11,18,3
301,0,11,12,11
302,1,19,21,15
303,0,11,16,6
304,0,11,6,14
305,1,10,20,28
306,0,11,25,7
307,1,11,22,5
308,1,1,27,0
309,1,8,21,19
310,0,11,31,21
311,1,3,27,1
312,1,20,29,20
313,1,16,28,9
314,0,11,23,8
315,1,3,28,4
316,1,29,11,28
317,0,11,14,15
318,1,0,26,14
319,1,11,1,12
320,0,11,26,1
321,0,11,7,6
322,0,11,2,30
323,1,25,6,12
324,1,20,18,23
325,0,11,29,0
326,0,11,21,22
327,1,15,13,20
328,1,30,9,11
329,1,25,1,8
330,0,11,14,16
331,1,30,4,1
332,0,11,4,6
333,1,5,12,25
334,1,2,0,15
335,1,16,6,16
336,0,11,26,13
337,1,24,14,14
338,0,11,3,20
339,0,11,18,18
340,0,11,18,29
341,0,11,17,26
342,0,11,4,13
343,0,11,3,2
344,1,15,14,8
345,0,11,13,15
346,0,11,30,10
347,0,11,19,8
348,1,17,0,24
349,0,11,20,21
350,0,11,9,17
351,1,9,9,26
352,0,11,23,24
353,1,30,20,25
354,0,11,24,26
355,0,11,2,14
356,1,8,18,5
357,0,11,2,27
358,1,26,31,23
359,1,28,22,31
360,0,11,29,23
361,0,11,11,1
362,1,7,19,30
363,1,31,30,21
364,1,28,6,13
365,1,21,15,12
366,1,2,29,23
367,0,11,7,3
368,0,11,2,9
369,0,11,20,22
370,1,1,26,6
371,1,21,13,17
372,0,11,3,30
373,1,3,30,18
374,1,22,26,6
375,0,11,28,19
376,1,7,23,9
377,1,13,1,25
378,0,11,22,2
379,1,13,27,12
380,1,1,16,11
381,1,22,1,8
382,0,11,6,12
383,0,11,14,12
384,1,21,15,8
385,0,11,6,16
386,0,11,22,2
387,0,11,31,13
388,1,30,26,21
389,0,11,16,2
390,1,2,7,12
391,1,9,8,3
392,0,11,20,6
393,1,29,27,15
394,1,24,26,20
395,0,11,18,31
396,1,9,6,8
397,0,11,17,9
398,0,11,2,17
399,1,31,11,10
400,1,14,1,2
401,0,11,15,19
402,0,11,0,18
403,0,11,19,25
404,1,17,10,4
405,1,4,10,17
406,0,11,21,26
407,1,3,8,2
408,1,17,10,2
409,1,11,4,12
410,1,25,20,25
411,0,11,8,18
412,0,11,8,10
413,0,11,30,15
414,1,11,19,0
415,1,17,17,8
416,1,28,0,15
417,1,26,12,31
418,1,16,0,5
419,0,11,7,7
420,1,8,16,8
421,1,20,22,10
422,0,11,30,10
423,0,11,27,15
424,0,11,13,10
425,0,11,28,20
426,0,11,17,13
427,1,9,31,23
428,1,22,11,1
429,0,11,23,1
430,1,31,5,30
431,1,19,4,14
432,1,27,11,28
433,1,27,25,12
434,0,11,2,18
435,1,11,6,1
436,0,11,22,17
437,1,23,8,15
438,1,7,11,27
439,1,3,8,25
440,0,11,17,8
441,1,14,17,4
442,0,11,27,24
443,0,11,23,13
444,1,31,13,25
445,0,11,9,8
446,1,13,29,8
447,0,11,8,12
448,1,26,30,7
449,0,11,9,6
450,1,11,9,21
451,1,15,26,9
452,0,11,5,14
453,0,11,8,5
454,1,24,27,14
455,1,0,4,18
456,1,4,26,28
457,1,2,23,18
458,1,29,4,9
459,0,11,11,11
460,1,25,9,27
461,0,11,20,14
462,1,27,11,27
463,1,18,20,4
464,0,11,12,14
465,1,12,17,9
466,0,11,3,0
467,1,10,19,25
468,0,11,30,28
469,1,27,24,11
470,1,25,19,22
471,0,11,11,0
472,0,11,16,5
473,0,11,1,26
474,1,25,24,11
475,1,24,5,1
476,1,15,22,0
477,1,14,5,26
478,0,11,4,7
479,0,11,23,19
480,0,11,22,4
481,1,17,8,8
482,1,23,5,28
483,1,8,23,13
484,1,23,2,16
485,0,11,16,15
486,1,26,20,22
487,1,17,6,21
488,1,21,2,27
489,1,4,9,21
490,1,31,27,21
491,1,1,13,11
492,0,11,25,19
493,1,2,22,25
494,0,11,11,10
495,1,26,6,15
496,0,11,15,15
497,0,11,0,29
498,0,11,0,6
499,1,12,21,11
500,1,16,29,12
501,0,11,9,3
502,1,16,25,11
503,0,11,2,0
504,1,29,3,3
505,1,28,3,31
506,0,11,11,27
507,1,29,31,11
508,1,24,13,5
509,0,11,25,16
510,1,3,4,30
511,0,11,8,19
512,1,18,0,26
513,0,11,10,29
514,0,11,24,5
515,1,31,1,29
516,1,9,9,20
517,1,22,14,14
518,1,25,15,11
519,1,13,30,16
520,0,11,22,16
521,0,11,4,14
522,0,11,21,22
523,0,11,3,30
524,1,20,2,11
525,0,11,3,26
526,0,11,19,2
527,1,23,29,5
528,0,11,8,18
529,0,11,20,26
530,1,3,2,14
531,0,11,7,19
532,0,11,30,7
533,1,20,7,7
534,0,11,24,0
535,0,11,10,3
536,0,11,30,31
537,0,11,6,4
538,0,11,13,30
539,1,16,21,18
540,0,11,1,19
541,0,11,21,26
542,0,11,0,1
543,1,31,8,28
544,1,23,13,8
545,1,20,3,25
546,0,11,0,2
547,0,11,1,15
548,0,11,1,3
549,0,11,30,30
550,1,26,18,1
551,1,1,20,2
552,1,9,1,9
553,1,27,8,3
554,0,11,12,29
555,1,10,19,18
556,1,21,25,26
557,1,26,3,25
558,0,11,29,6
559,0,11,12,19
560,1,19,15,26
561,1,29,30,25
562,1,17,11,1
563,0,11,30,2
564,0,11,17,3
565,0,11,25,2
566,0,11,14,4
567,1,9,26,5
568,0,11,3,6
569,1,19,31,26
570,0,11,12,4
571,0,11,14,28
572,0,11,31,21
573,1,14,26,2
574,0,11,22,18
575,1,29,3,13
576,1,20,15,27
577,0,11,0,14
578,0,11,2,25
579,0,11,0,3
580,1,7,24,13
581,1,30,20,15
582,1,6,9,12
583,1,5,27,17
584,0,11,17,0
585,0,11,27,8
586,1,28,3,18
587,1,31,12,3
588,1,2,22,27
589,1,23,17,31
590,1,6,16,29
591,0,11,7,29
592,1,9,0,17
593,0,11,9,31
594,0,11,15,2
595,1,7,10,23
596,1,30,22,11
597,1,10,1,28
598,1,3,19,24
599,1,16,31,2
600,1,20,1,10
601,0,11,15,16
602,1,11,20,28
603,1,28,0,31
604,1,14,26,7
605,1,26,15,4
606,1,12,16,1
607,0,11,16,5
608,1,10,7,16
609,0,11,22,5
610,0,11,20,17
611,0,11,30,25
612,1,27,30,16
613,0,11,9,17
614,1,31,8,4
615,0,11,17,15
616,0,11,14,2
617,0,11,20,24
618,0,11,8,7
619,1,7,15,25
620,0,11,15,26
621,1,8,11,22
622,0,11,14,12
623,1,25,30,21
624,0,11,24,19
625,1,25,22,10
626,1,21,26,6
627,1,1,5,15
628,1,0,9,3
629,0,11,24,9
630,0,11,24,14
631,0,11,16,4
632,1,7,24,2
633,1,22,10,30
634,1,4,8,7
635,0,11,3,28
636,0,11,22,8
637,1,10,24,31
638,1,22,3,16
639,1,9,2,30
640,1,8,24,23
641,1,4,18,15
642,1,18,20,23
643,0,11,31,20
644,1,1,3,7
645,1,26,26,16
646,1,1,7,5
647,0,11,21,7
648,0,11,6,21
649,1,10,11,24
650,1,10,7,13
651,0,11,31,21
652,0,11,19,7
653,0,11,27,12
654,1,21,30,12
655,0,11,6,18
656,0,11,16,23
657,0,11,10,22
658,0,11,13,14
659,0,11,15,28
660,0,11,0,19
661,1,1,29,27
662,1,1,23,21
663,1,21,24,16
664,0,11,15,26
665,1,27,10,3
666,0,11,31,13
667,0,11,6,17
668,0,11,28,20
669,1,9,1,2
670,0,11,25,1
671,1,12,30,8
672,0,11,7,25
673,0,11,25,15
674,1,21,12,30
675,0,11,2,24
676,1,28,21,7
677,0,11,2,2
678,0,11,8,12
679,0,11,0,16
680,1,5,16,13
681,1,11,27,5
682,0,11,27,21
683,0,11,15,3
684,1,10,11,28
685,0,11,17,24
686,0,11,0,30
687,1,29,12,21
688,0,11,11,4
689,1,0,22,27
690,1,25,27,26
691,0,11,1,11
692,0,11,13,2
693,0,11,19,29
694,1,25,0,9
695,1,14,27,22
696,0,11,12,11
697,1,21,20,8
698,1,23,25,14
699,0,11,6,19
700,1,20,9,11
701,1,22,25,4
702,0,11,31,1
703,0,11,31,27
704,0,11,9,30
705,1,26,0,4
706,1,1,28,11
707,0,11,3,20
708,1,11,13,15
709,1,14,4,28
710,0,11,27,24
711,1,6,24,22
712,1,3,27,1
713,1,24,6,30
714,1,24,10,28
715,0,11,19,12
716,0,11,16,24
717,0,11,4,11
718,1,26,0,5
719,0,11,2,5
720,0,11,1,1
721,0,11,22,2
722,1,6,13,25
723,1,22,2,13
724,0,11,11,21
725,0,11,24,14
726,1,31,24,31
727,0,11,12,10
728,1,0,21,10
729,0,11,4,12
730,0,11,8,2
731,0,11,22,8
732,0,11,23,23
733,1,1,7,11
734,1,11,3,11
735,0,11,10,2
736,0,11,9,9
737,0,11,6,0
738,1,18,18,6
739,1,23,23,26
740,0,11,21,27
741,0,11,25,2
742,0,11,22,23
743,1,7,24,24
744,0,11,9,24
745,1,15,16,21
746,0,11,6,23
747,0,11,9,23
748,1,12,14,28
749,1,20,24,18
750,1,30,1,1
751,1,15,16,20
752,1,14,20,22
753,1,9,10,26
754,0,11,19,29
755,0,11,8,9
756,0,11,1,19
757,0,11,7,26
758,1,8,19,28
759,0,11,14,23
760,0,11,1,22
761,1,22,3,14
762,1,3,0,29
763,0,11,28,19
764,1,19,12,9
765,1,7,13,27
766,1,13,24,31
767,0,11,4,12
768,1,16,10,22
769,0,11,16,9
770,0,11,28,6
771,0,11,11,4
772,1,28,20,10
773,1,22,7,10
774,0,11,15,7
775,0,11,3,2
776,0,11,8,3
777,0,11,22,10
778,0,11,0,28
779,1,4,28,1
780,0,11,29,15
781,1,13,12,31
782,0,11,4,21
783,1,4,22,9
784,0,11,10,27
785,1,11,5,20
786,1,23,1,26
787,0,11,2,24
788,1,29,19,11
789,1,10,17,19
790,1,13,19,29
791,0,11,26,10
792,1,30,5,0
793,0,11,11,18
794,1,25,7,19
795,1,6,13,16
796,0,11,7,19
797,0,11,8,25
798,1,11,4,22
799,0,11,2,18
800,0,11,26,10
801,0,11,20,8
802,1,19,27,24
803,0,11,20,4
804,0,11,19,9
805,1,24,19,14
806,1,2,7,19
807,1,21,24,26
808,1,14,16,1
809,0,11,20,30
810,1,25,27,5
811,0,11,31,28
812,1,26,12,16
813,0,11,0,13
814,0,11,16,23
815,0,11,27,19
816,0,11,20,6
817,0,11,17,13
818,1,7,5,22
819,1,24,24,5
820,1,2,20,1
821,1,15,2,3
822,1,21,17,27
823,1,6,5,29
824,0,11,25,8
825,0,11,0,16
826,0,11,20,4
827,0,11,25,15
828,1,27,5,15
829,1,19,3,10
830,1,13,17,28
831,1,21,18,26
832,0,11,22,23
833,1,20,4,20
834,0,11,27,18
835,1,15,2,0
836,1,30,30,22
837,0,11,4,8
838,0,11,20,4
839,0,11,9,29
840,0,11,23,1
841,1,29,4,1
842,0,11,23,29
843,1,13,23,24
844,0,11,6,25
845,0,11,5,20
846,1,21,10,18
847,0,11,1,11
848,1,23,2,22
849,1,3,7,4
850,0,11,8,17
851,1,13,9,17
852,0,11,11,27
853,1,6,5,28
854,0,11,25,23
855,0,11,30,30
856,1,0,12,0
857,1,21,9,13
858,1,1,29,16
859,1,8,2,17
860,1,4,10,15
861,1,10,29,28
862,0,11,0,12
863,0,11,12,18
864,0,11,28,5
865,0,11,17,4
866,1,1,20,19
867,1,7,9,18
868,1,3,19,26
869,0,11,6,4
870,0,11,17,25
871,1,6,31,24
872,0,11,8,29
873,1,6,16,22
874,1,6,20,8
875,1,18,28,16
876,0,11,8,10
877,0,11,27,14
878,0,11,3,16
879,0,11,13,10
880,0,11,22,13
881,0,11,2,28
882,1,5,26,30
883,0,11,31,31
884,1,22,13,17
885,1,30,6,18
886,1,25,23,14
887,0,11,20,12
888,0,11,11,17
889,1,21,21,12
890,0,11,20,7
891,1,25,15,29
892,0,11,19,28
893,1,18,28,8
894,0,11,9,18
895,1,10,7,15
896,1,17,20,8
897,0,11,4,14
898,0,11,18,15
899,1,25,22,17
900,1,24,24,15
901,1,24,30,27
902,0,11,12,26
903,0,11,15,13
904,1,14,11,25
905,0,11,9,8
906,0,11,31,22
907,0,11,25,17
908,0,11,21,31
909,1,27,26,22
910,0,11,0,6
911,1,17,4,11
912,0,11,11,22
913,0,11,1,29
914,1,15,30,16
915,1,8,0,29
916,0,11,9,4
917,0,11,16,4
918,1,13,15,3
919,1,10,26,21
920,1,22,11,6
921,0,11,16,6
922,1,10,23,29
923,1,14,12,28
924,0,11,13,11
925,1,26,28,15
926,1,22,11,24
927,1,28,28,5
928,0,11,3,25
929,0,11,24,16
930,1,3,21,17
931,0,11,20,7
932,1,7,6,26
933,0,11,10,31
934,1,9,11,2
935,0,11,11,19
936,0,11,25,22
937,1,27,22,22
938,1,19,21,6
939,0,11,20,29
940,0,11,19,23
941,0,11,18,25
942,1,20,3,17
943,0,11,5,2
944,1,8,21,11
945,1,16,15,26
946,0,11,13,4
947,0,11,7,26
948,0,11,12,3
949,0,11,26,31
950,1,29,29,5
951,1,3,9,20
952,0,11,0,8
953,1,20,6,11
954,0,11,26,28
955,1,15,24,31
956,1,16,11,3
957,1,20,12,4
958,1,3,21,22
959,0,11,4,18
960,0,11,12,22
961,1,23,20,1
962,1,5,5,27
963,0,11,7,21
964,0,11,13,0
965,1,23,3,4
966,0,11,8,28
967,1,17,4,24
968,0,11,9,15
969,0,11,21,9
970,0,11,0,31
971,1,1,5,16
972,0,11,16,15
973,1,1,31,10
974,1,10,14,31
975,1,4,29,26
976,0,11,20,30
977,0,11,29,26
978,0,11,5,17
979,1,4,31,22
980,1,9,19,4
981,1,17,7,3
982,1,25,0,2
983,0,11,1,30
984,1,18,15,14
985,0,11,15,17
986,0,11,10,6
987,1,18,14,28
988,0,11,20,15
989,0,11,22,26
990,0,11,28,19
991,1,9,6,28
992,1,23,15,20
993,0,11,2,19
994,1,29,8,14
995,1,14,21,18
996,1,27,14,2
997,1,20,8,26
998,1,25,23,23
999,1,16,16,20
1000,1,29,27,20
1001,1,8,12,12
1002,1,16,27,0
1003,1,13,25,21
1004,0,11,28,13
1005,0,11,28,15
1006,1,29,27,29
1007,1,17,13,29
1008,1,13,8,6
1009,1,28,27,9
1010,1,24,6,12
1011,1,13,30,10
1012,1,13,0,15
1013,1,14,26,27
1014,1,5,21,12
1015,1,16,4,8
1016,0,11,27,19
1017,1,30,16,6
1018,0,11,23,2
1019,0,11,8,1
1020,0,11,7,31
1021,0,11,28,10
1022,0,11,0,28
1023,1,1,22,4
1024,0,11,27,13
1025,0,11,13,19
1026,1,18,25,30
1027,1,15,12,8
1028,1,15,24,16
1029,1,26,0,25
1030,1,20,10,13
1031,1,17,21,13
1032,1,0,10,26
1033,0,11,6,2
1034,0,11,3,11
1035,0,11,10,28
1036,1,17,23,30
1037,0,11,0,23
1038,1,23,13,13
1039,1,24,1,14
1040,0,11,20,20
1041,0,11,28,25
1042,1,27,25,4
1043,1,26,16,31
1044,0,11,7,7
1045,0,11,20,17
1046,0,11,27,14
1047,1,24,25,5
1048,0,11,17,27
1049,0,11,6,6
1050,1,27,11,8
1051,0,11,23,15
1052,1,17,17,7
1053,0,11,6,20
1054,1,2,9,7
1055,0,11,6,15
1056,0,11,3,8
1057,0,11,23,14
1058,0,11,27,20
1059,0,11,19,20
1060,1,12,7,31
1061,0,11,23,8
1062,1,13,18,31
1063,0,11,12,18
1064,1,13,3,13
1065,1,17,31,3
1066,1,16,27,8
1067,1,1,28,28
1068,1,27,14,10
1069,0,11,25,16
1070,0,11,8,24
1071,0,11,1,25
1072,1,25,17,15
1073,1,29,28,0
1074,0,11,29,22
1075,1,14,3,15
1076,0,11,12,1
1077,0,11,7,17
1078,1,15,4,19
1079,1,15,0,9
1080,1,30,1,22
1081,0,11,14,28
1082,1,26,19,17
1083,0,11,6,24
1084,1,25,5,21
1085,1,19,11,25
1086,1,21,19,7
1087,1,12,24,14
1088,1,31,10,26
1089,1,3,21,3
1090,0,11,0,18
1091,1,6,23,31
1092,1,20,24,23
1093,0,11,12,15
1094,0,11,17,8
1095,0,11,6,22
1096,0,11,22,16
1097,0,11,25,19
1098,0,11,6,15
1099,0,11,31,2
1100,0,11,7,3
1101,1,10,15,11
1102,1,4,26,19
1103,0,11,3,26
1104,0,11,28,28
1105,0,11,15,24
1106,0,11,1,2
1107,1,0,14,8
1108,1,6,6,5
1109,0,11,3,7
1110,0,11,12,25
1111,1,4,10,19
1112,1,13,12,7
1113,0,11,20,16
1114,0,11,20,22
1115,1,11,26,22
1116,1,30,25,25
1117,0,11,25,4
1118,0,11,15,15
1119,0,11,26,24
1120,1,28,11,21
1121,0,11,23,19
1122,1,1,12,25
1123,0,11,24,2
1124,1,10,30,6
1125,0,11,6,19
1126,0,11,0,3
1127,1,9,7,4
1128,1,12,3,12
1129,1,2,23,15
1130,0,11,20,28
1131,1,7,0,17
1132,0,11,16,1
1133,1,3,31,9
1134,0,11,23,15
1135,1,7,14,11
1136,0,11,3,8
1137,0,11,29,23
1138,1,19,29,11
1139,1,11,11,16
1140,1,0,29,19
1141,1,6,16,12
1142,1,22,29,2
1143,0,11,28,15
1144,1,2,21,3
1145,1,3,16,16
1146,1,30,15,21
1147,1,9,26,28
1148,0,11,24,1
1149,0,11,28,5
1150,1,6,14,27
1151,1,2,2,26
1152,0,11,3,3
1153,1,29,25,31
1154,0,11,11,10
1155,1,13,11,21
1156,1,15,19,30
1157,1,29,21,19
1158,1,21,7,5
1159,0,11,15,6
1160,1,5,29,11
1161,1,2,28,27
1162,0,11,27,15
1163,0,11,15,21
1164,0,11,23,14
1165,0,11,19,31
1166,0,11,13,27
1167,0,11,1,25
1168,1,9,5,18
1169,0,11,14,1
1170,1,5,20,24
1171,0,11,8,1
1172,1,23,0,24
1173,1,7,31,20
1174,0,11,26,9
1175,0,11,26,14
1176,0,11,11,18
1177,0,11,16,6
1178,1,25,2,23
1179,1,31,12,9
1180,1,4,28,10
1181,1,8,7,22
1182,1,11,0,7
1183,1,18,8,22
1184,1,6,2,11
1185,0,11,16,23
1186,0,11,22,7
1187,1,18,4,3
1188,0,11,31,15
1189,1,31,3,27
1190,1,29,14,11
1191,1,18,13,5
1192,1,21,8,9
1193,1,28,23,8
1194,0,11,5,3
1195,1,28,21,27
1196,0,11,30,21
1197,0,11,25,30
1198,1,18,23,6
1199,0,11,25,11
1200,1,2,19,14
1201,0,11,20,17
1202,1,29,12,14
1203,0,11,23,11
1204,1,11,21,16
1205,0,11,27,31
1206,1,11,6,3
1207,1,8,23,22
1208,0,11,29,22
1209,0,11,2,5
1210,0,11,6,6
1211,1,0,31,18
1212,1,12,4,23
1213,1,1,12,11
1214,0,11,0,27
1215,0,11,19,3
1216,1,28,16,17
1217,1,20,29,2
1218,1,7,23,11
1219,0,11,23,13
1220,1,12,2,26
1221,1,8,22,27
1222,1,22,4,24
1223,0,11,9,6
1224,1,21,6,28
1225,0,11,0,21
1226,0,11,29,10
1227,1,4,0,16
1228,0,11,2,7
1229,0,11,2,24
1230,1,0,15,12
1231,1,28,15,2
1232,1,22,31,7
1233,1,21,26,19
1234,1,16,23,14
1235,0,11,4,20
1236,1,20,29,4
1237,1,21,20,15
1238,0,11,10,4
1239,0,11,19,4
1240,1,17,26,11
1241,0,11,7,6
1242,0,11,24,23
1243,1,22,7,31
1244,1,20,12,17
1245,1,14,7,9
1246,0,11,0,0
1247,1,1,4,15
1248,1,25,18,16
1249,0,11,8,20
1250,0,11,7,20
1251,0,11,6,1
1252,1,31,19,0
1253,1,16,15,19
1254,0,11,29,15
1255,1,16,30,26
1256,0,11,16,16
1257,0,11,8,19
1258,0,11,22,25
1259,0,11,21,25
1260,1,4,15,23
1261,0,11,12,25
1262,1,17,4,12
1263,0,11,11,3
1264,0,11,15,15
1265,0,11,25,27
1266,1,11,17,6
1267,0,11,1,4
1268,0,11,2,30
1269,0,11,29,12
1270,0,11,30,9
1271,0,11,3,30
1272,1,21,0,18
1273,1,27,8,21
1274,0,11,14,12
1275,0,11,0,26
1276,1,8,30,27
1277,0,11,1,19
1278,0,11,3,23
1279,1,9,29,0
1280,1,27,24,19
1281,0,11,28,23
1282,1,3,25,30
1283,1,29,4,22
1284,1,28,9,11
1285,1,14,3,14
1286,0,11,21,8
1287,0,11,29,24
1288,1,24,17,21
1289,1,4,24,10
1290,0,11,21,21
1291,1,4,0,0
1292,1,25,1,18
1293,1,15,27,15
1294,0,11,4,21
1295,1,23,27,16
1296,0,11,26,17
1297,0,11,15,22
1298,0,11,27,21
1299,0,11,8,5
1300,0,11,5,15
1301,0,11,4,20
1302,1,3,14,24
1303,0,11,5,0
1304,0,11,15,5
1305,0,11,9,29
1306,1,28,6,16
1307,0,11,9,0
1308,1,30,31,24
1309,1,8,23,9
1310,1,26,29,8
1311,1,18,22,3
1312,0,11,2,12
1313,0,11,30,26
1314,0,11,29,20
1315,1,0,17,4
1316,1,30,16,5
1317,1,17,1,22
1318,0,11,18,22
1319,1,10,4,22
1320,1,10,9,8
1321,0,11,21,2
1322,1,5,31,7
1323,1,17,8,12
1324,1,16,20,8
1325,1,16,30,27
1326,1,24,6,3
1327,1,17,4,26
1328,1,14,8,14
1329,0,11,28,20
1330,0,11,9,26
1331,0,11,5,13
1332,1,2,4,0
1333,0,11,18,19
1334,1,26,21,20
1335,0,11,18,13
1336,1,8,24,28
1337,0,11,29,12
1338,1,4,18,9
1339,1,1,28,15
1340,0,11,0,12
1341,0,11,26,27
1342,0,11,0,20
1343,1,5,5,3
1344,1,14,19,0
1345,0,11,29,24
1346,1,8,16,12
1347,0,11,24,21
1348,1,19,16,17
1349,1,1,14,3
1350,0,11,29,21
1351,0,11,3,31
1352,0,11,13,20
1353,0,11,27,15
1354,1,3,9,19
1355,1,25,24,4
1356,1,18,15,13
1357,1,27,27,8
1358,1,0,7,30
1359,0,11,14,12
1360,1,20,19,1
1361,1,27,31,1
1362,0,11,11,3
1363,0,11,17,10
1364,1,2,22,8
1365,1,26,1,15
1366,1,16,11,15
1367,0,11,11,30
1368,1,0,19,10
1369,1,20,5,20
1370,0,11,23,12
1371,0,11,25,29
1372,1,23,25,7
1373,0,11,5,21
1374,0,11,21,4
1375,0,11,5,10
1376,1,22,23,16
1377,0,11,21,10
1378,0,11,3,2
1379,1,7,2,26
1380,1,10,10,13
1381,1,4,30,15
1382,0,11,18,22
1383,0,11,11,18
1384,1,25,22,27
1385,1,24,29,20
1386,0,11,0,4
1387,0,11,9,15
1388,0,11,0,23
1389,0,11,21,11
1390,1,22,30,25
1391,1,23,19,28
1392,0,11,16,18
1393,0,11,8,3
1394,1,11,26,15
1395,0,11,24,0
1396,1,7,1,18
1397,1,9,12,27
1398,0,11,26,31
1399,1,27,16,3
1400,1,12,11,20
1401,0,11,3,28
1402,0,11,12,16
1403,1,29,2,2
1404,1,26,3,21
1405,0,11,7,15
1406,1,19,20,0
1407,1,19,23,10
1408,0,11,12,11
1409,0,11,11,25
1410,0,11,9,2
1411,0,11,21,27
1412,0,11,29,20
1413,0,11,1,17
1414,0,11,9,15
1415,1,0,24,20
1416,1,10,23,0
1417,1,9,8,23
1418,0,11,12,5
1419,1,7,16,6
1420,1,24,12,22
1421,1,29,7,20
1422,1,10,29,24
1423,0,11,5,19
1424,0,11,14,26
1425,1,23,21,9
1426,0,11,19,2
1427,1,15,16,6
1428,0,11,24,10
1429,1,27,1,1
1430,1,8,23,28
1431,1,20,0,30
1432,0,11,13,11
1433,1,24,28,14
1434,0,11,29,14
1435,0,11,26,8
1436,1,30,1,12
1437,1,7,4,1
1438,1,25,22,23
1439,1,9,7,25
1440,0,11,20,4
1441,1,28,22,23
1442,0,11,22,7
1443,0,11,8,11
1444,0,11,30,19
1445,1,27,11,9
1446,0,11,10,9
1447,1,8,24,24
1448,1,2,1,20
1449,0,11,13,11
1450,0,11,23,6
1451,1,19,27,14
1452,1,12,7,19
1453,1,7,27,15
1454,1,20,8,13
1455,0,11,22,10
1456,1,27,17,8
1457,1,12,22,7
1458,0,11,16,17
1459,0,11,5,0
1460,0,11,20,6
1461,1,30,0,25
1462,1,15,11,20
1463,1,25,0,9
1464,0,11,16,15
1465,0,11,4,15
1466,1,30,5,20
1467,0,11,14,23
1468,0,11,19,5
1469,0,11,27,6
1470,1,20,13,28
1471,1,20,16,25
1472,0,11,6,26
1473,0,11,1,25
1474,0,11,28,3
1475,1,1,22,7
1476,1,13,21,18
1477,1,28,3,23
1478,0,11,31,11
1479,0,11,9,23
1480,0,11,30,14
1481,1,13,0,4
1482,1,3,10,29
1483,0,11,29,14
1484,0,11,28,17
1485,0,11,23,5
1486,0,11,25,20
1487,0,11,31,19
1488,0,11,3,24
1489,1,7,20,20
1490,1,20,1,4
1491,1,24,0,18
1492,1,21,29,4
1493,1,12,31,27
1494,1,4,21,5
1495,1,6,4,8
1496,1,4,20,9
1497,0,11,10,9
1498,1,29,9,29
1499,0,11,6,29
1500,0,11,0,23
1501,1,14,18,18
1502,1,7,10,29
1503,0,11,28,0
1504,0,11,0,13
1505,0,11,14,22
1506,1,20,5,8
1507,0,11,11,28
1508,1,10,19,14
1509,1,28,7,11
1510,0,11,10,6
1511,0,11,14,17
1512,0,11,24,13
1513,1,29,21,21
1514,0,11,5,20
1515,0,11,27,27
1516,1,8,6,0
1517,1,24,21,21
1518,0,11,19,1
1519,1,29,26,29
1520,1,0,12,13
1521,0,11,15,20
1522,1,11,1,26
1523,0,11,0,6
1524,0,11,17,4
1525,1,13,11,20
1526,0,11,19,6
1527,0,11,28,12
1528,0,11,28,15
1529,1,17,22,8
1530,1,14,1,0
1531,1,9,20,12
1532,1,31,13,6
1533,0,11,14,21
1534,1,9,14,26
1535,1,1,7,19
1536,1,28,22,6
1537,0,11,4,23
1538,0,11,9,12
1539,1,11,8,31
1540,0,11,27,18
1541,0,11,25,13
1542,1,1,19,15
1543,0,11,6,4
1544,0,11,3,21
1545,1,14,2,24
1546,0,11,18,25
1547,1,20,21,24
1548,0,11,24,15
1549,1,26,17,0
1550,0,11,25,26
1551,0,11,20,10
1552,0,11,24,3
1553,1,25,3,13
1554,1,11,13,10
1555,1,2,26,0
1556,0,11,20,30
1557,1,22,19,5
1558,0,11,16,26
1559,1,11,14,8
1560,0,11,4,18
1561,0,11,17,20
1562,0,11,0,18
1563,0,11,12,6
1564,1,4,11,25
1565,0,11,6,14
1566,1,29,30,5
1567,1,8,1,24
1568,0,11,12,0
1569,0,11,11,2
1570,1,2,21,18
1571,1,22,28,20
1572,1,13,8,20
1573,0,11,22,21
1574,1,11,27,31
1575,0,11,24,31
1576,0,11,15,9
1577,0,11,15,0
1578,1,10,10,6
1579,0,11,20,19
1580,0,11,0,10
1581,0,11,20,12
1582,0,11,12,17
1583,0,11,31,9
1584,0,11,0,4
1585,0,11,29,28
1586,0,11,21,7
1587,1,22,22,2
1588,1,2,3,9
1589,1,27,7,26
1590,0,11,20,31
1591,1,8,23,7
1592,0,11,1,28
1593,0,11,22,19
1594,1,28,8,4
1595,1,15,6,11
1596,1,10,3,5
1597,0,11,25,16
1598,0,11,31,28
1599,1,31,24,12
1600,1,13,26,20
1601,0,11,29,21
1602,0,11,13,9
1603,1,5,23,9
1604,1,5,30,12
1605,0,11,10,23
1606,0,11,23,13
1607,0,11,24,4
1608,1,19,4,28
1609,1,13,3,21
1610,1,12,17,4
1611,1,8,18,21
1612,0,11,9,30
1613,1,9,14,18
1614,1,31,27,5
1615,0,11,22,13
1616,1,1,6,9
1617,1,18,24,26
1618,0,11,16,9
1619,0,11,4,2
1620,0,11,29,11
1621,0,11,15,6
1622,0,11,13,3
1623,1,15,0,1
1624,1,6,15,31
1625,1,19,2,4
1626,0,11,18,0
1627,0,11,19,27
1628,1,13,31,20
1629,1,1,7,5
1630,1,1,2,25
1631,0,11,16,20
1632,1,20,14,1
1633,0,11,13,31
1634,0,11,5,18
1635,1,20,29,11
1636,1,15,25,3
1637,0,11,24,1
1638,1,15,27,7
1639,0,11,13,14
1640,0,11,7,27
1641,1,4,20,4
1642,0,11,11,0
1643,0,11,10,1
1644,0,11,12,7
1645,1,21,7,15
1646,1,2,19,17
1647,1,13,23,24
1648,0,11,14,1
1649,1,15,13,28
1650,0,11,14,2
1651,0,11,27,31
1652,0,11,29,22
1653,1,16,1,2
1654,1,23,1,10
1655,0,11,9,16
1656,1,8,13,8
1657,1,31,31,30
1658,0,11,16,10
1659,0,11,2,0
1660,0,11,7,18
1661,1,12,19,31
1662,1,16,7,27
1663,0,11,25,20
1664,0,11,7,8
1665,0,11,12,8
1666,0,11,14,16
1667,0,11,18,30
1668,1,25,2,14
1669,1,29,29,26
1670,0,11,24,4
1671,1,18,1,6
1672,0,11,20,27
1673,1,31,7,23
1674,0,11,30,12
1675,0,11,18,13
1676,1,4,20,7
1677,0,11,7,6
1678,0,11,25,24
1679,0,11,28,18
1680,0,11,7,26
1681,0,11,3,25
1682,1,15,0,8
1683,1,18,31,4
1684,0,11,4,18
1685,0,11,14,31
1686,0,11,6,0
1687,1,8,4,7
1688,0,11,7,1
1689,0,11,3,13
1690,0,11,4,24
1691,1,19,23,26
1692,0,11,7,9
1693,0,11,0,20
1694,1,6,25,20
1695,1,8,10,0
1696,1,25,16,1
1697,0,11,25,19
1698,0,11,15,4
1699,0,11,3,8
1700,0,11,14,21
1701,0,11,27,30
1702,1,29,4,14
1703,0,11,9,18
1704,1,20,1,3
1705,0,11,28,27
1706,1,15,27,31
1707,0,11,30,13
1708,0,11,18,21
1709,1,6,27,29
1710,1,13,24,12
1711,1,7,28,11
1712,1,13,29,28
1713,1,10,4,29
1714,1,9,13,12
1715,1,22,9,18
1716,1,20,30,26
1717,1,31,14,3
1718,0,11,1,4
1719,0,11,23,24
1720,1,16,15,4
1721,0,11,12,28
1722,0,11,17,10
1723,0,11,30,8
1724,0,11,13,7
1725,0,11,4,10
1726,1,12,7,31
1727,0,11,7,12
1728,1,28,25,27
1729,0,11,31,7
1730,0,11,7,20
1731,0,11,20,21
1732,1,30,25,14
1733,1,5,26,10
1734,1,22,4,16
1735,1,11,9,22
1736,0,11,3,27
1737,0,11,2,19
1738,0,11,25,11
1739,1,15,2,29
1740,1,5,14,17
1741,0,11,4,18
1742,0,11,23,4
1743,1,21,6,11
1744,0,11,24,9
1745,1,22,26,17
1746,0,11,15,9
1747,1,10,27,7
1748,0,11,8,23
1749,1,22,6,21
1750,0,11,24,0
1751,0,11,14,12
1752,1,3,12,16
1753,1,3,20,25
1754,0,11,11,14
1755,0,11,2,0
1756,1,29,18,16
1757,0,11,10,20
1758,1,28,10,19
1759,0,11,5,16
1760,0,11,14,30
1761,1,8,27,3
1762,1,23,1,15
1763,0,11,20,3
1764,1,15,4,9
1765,0,11,21,12
1766,1,16,7,0
1767,0,11,18,18
1768,1,14,3,23
1769,0,11,2,24
1770,0,11,24,5
1771,0,11,2,7
1772,1,5,21,29
1773,1,11,10,7
1774,0,11,18,11
1775,0,11,2,20
1776,1,18,21,26
1777,0,11,4,3
1778,0,11,11,29
1779,1,6,14,27
1780,0,11,7,12
1781,1,27,0,0
1782,0,11,8,14
1783,0,11,15,11
1784,0,11,1,10
1785,0,11,8,31
1786,0,11,14,23
1787,0,11,16,21
1788,1,13,9,24
1789,0,11,23,4
1790,1,18,30,25
1791,1,7,1,12
1792,0,11,27,15
1793,0,11,10,5
1794,0,11,10,28
1795,0,11,3,18
1796,1,2,27,12
1797,1,30,30,17
1798,1,30,7,28
1799,1,19,23,10
1800,0,11,7,21
1801,1,31,8,1
1802,0,11,13,13
1803,1,8,11,26
1804,1,5,8,1
1805,0,11,6,27
1806,0,11,6,23
1807,1,25,23,0
1808,0,11,8,28
1809,0,11,23,25
1810,1,16,9,10
1811,0,11,28,15
1812,1,21,9,5
1813,1,25,16,23
1814,0,11,0,16
1815,0,11,25,12
1816,1,5,5,26
1817,1,5,10,14
1818,1,15,17,13
1819,1,8,6,29
1820,0,11,16,4
1821,0,11,19,17
1822,1,11,27,6
1823,0,11,18,9
1824,0,11,11,17
1825,1,23,5,27
1826,1,2,29,30
1827,0,11,21,27
1828,1,16,8,6
1829,0,11,15,26
1830,0,11,31,14
1831,0,11,12,19
1832,0,11,6,22
1833,1,13,15,15
1834,0,11,12,11
1835,1,16,6,26
1836,1,28,14,11
1837,1,18,13,13
1838,0,11,4,15
1839,1,21,21,31
1840,0,11,26,17
1841,0,11,14,10
1842,0,11,31,2
1843,1,13,12,16
1844,1,1,11,10
1845,0,11,25,26
1846,1,22,2,20
1847,1,9,0,13
1848,0,11,2,18
1849,1,10,12,18
1850,1,22,9,7
1851,0,11,25,19
1852,1,21,14,6
1853,0,11,29,10
1854,0,11,2,8
1855,1,7,3,29
1856,1,26,4,15
1857,0,11,27,26
1858,1,7,1,6
1859,1,4,22,2
1860,1,28,29,8
1861,0,11,23,22
1862,1,31,8,30
1863,1,0,30,3
1864,1,14,22,4
1865,0,11,29,19
1866,0,11,24,31
1867,0,11,4,21
1868,0,11,25,18
1869,1,16,26,23
1870,1,15,19,8
1871,0,11,8,14
1872,1,3,23,3
1873,0,11,14,26
1874,1,17,8,26
1875,0,11,31,14
1876,0,11,17,22
1877,1,7,26,20
1878,0,11,7,17
1879,0,11,30,13
1880,0,11,25,2
1881,0,11,25,11
1882,1,9,11,30
1883,0,11,2,5
1884,1,12,22,9
1885,1,9,24,1
1886,0,11,25,30
1887,0,11,2,5
1888,0,11,19,12
1889,0,11,18,11
1890,1,11,1,8
1891,1,26,26,4
1892,0,11,12,21
1893,0,11,26,17
1894,1,30,24,3
1895,0,11,17,23
1896,0,11,19,8
1897,1,6,12,1
1898,0,11,21,27
1899,0,11,23,0
1900,0,11,28,13
1901,1,15,3,0
1902,1,31,12,4
1903,1,30,10,28
1904,1,27,6,28
1905,0,11,29,1
1906,1,24,10,18
1907,0,11,21,29
1908,1,0,18,19
1909,0,11,7,26
1910,1,3,18,17
1911,1,14,3,3
1912,0,11,6,29
1913,0,11,18,14
1914,1,10,15,20
1915,1,25,21,21
1916,1,28,19,21
1917,1,6,6,5
1918,1,26,12,4
1919,0,11,19,27
1920,0,11,9,14
1921,0,11,31,31
1922,1,4,1,20
1923,1,6,6,27
1924,1,28,27,2
1925,0,11,7,23
1926,0,11,17,31
1927,0,11,13,4
1928,0,11,15,31
1929,0,11,15,15
1930,1,11,10,8
1931,1,19,27,1
1932,0,11,19,1
1933,0,11,12,6
1934,1,24,31,27
1935,1,23,1,2
1936,0,11,23,12
1937,0,11,11,14
1938,1,10,5,4
1939,0,11,10,27
1940,1,1,30,9
1941,1,14,10,17
1942,1,4,29,19
1943,0,11,14,18
1944,1,16,23,18
1945,1,12,0,26
1946,1,11,28,0
1947,1,2,13,13
1948,1,5,1,31
1949,1,27,23,30
1950,1,27,12,27
1951,1,8,27,3
1952,1,21,14,1
1953,0,11,11,16
1954,1,8,0,31
1955,1,24,29,11
1956,1,30,12,12
1957,0,11,6,21
1958,1,6,6,6
1959,0,11,27,2
1960,0,11,18,1
1961,0,11,24,26
1962,0,11,21,28
1963,0,11,6,20
1964,0,11,1,6
1965,0,11,16,31
1966,1,7,27,6
1967,0,11,14,24
1968,1,8,2,21
1969,0,11,15,25
1970,0,11,22,12
1971,0,11,18,16
1972,1,2,19,1
1973,0,11,26,7
1974,1,13,11,5
1975,0,11,6,21
1976,1,11,18,17
1977,1,13,1,12
1978,0,11,4,1
1979,0,11,4,7
1980,1,31,18,26
1981,0,11,7,13
1982,1,27,9,22
1983,1,27,14,21
1984,1,1,3,21
1985,1,6,19,25
1986,1,23,6,23
1987,0,11,28,17
1988,0,11,18,14
1989,0,11,29,0
1990,1,20,15,5
1991,0,11,3,14
1992,0,11,2,30
1993,1,29,12,26
1994,1,14,29,7
1995,1,15,30,2
1996,1,0,4,25
1997,1,1,28,15
1998,1,4,12,21
1999,1,21,27,0
