ns_after_edge,t_spice,t_level2_unweighted,t_level2_weighted,t_level2_weighted_rise,mean_uA,mean_fixed_minus_random_uA,mean_level2_weighted_fF
-0.195,0.2447,0.0000,0.0000,0.0000,0.7208,0.00030,0.0000
-0.185,0.2467,0.0000,0.0000,0.0000,0.7157,0.00030,0.0000
-0.175,0.2448,0.0000,0.0000,0.0000,0.7105,0.00030,0.0000
-0.165,0.2439,0.0000,0.0000,0.0000,0.7056,0.00029,0.0000
-0.155,0.2376,0.0000,0.0000,0.0000,0.7007,0.00028,0.0000
-0.145,0.2174,0.0000,0.0000,0.0000,0.6959,0.00026,0.0000
-0.135,0.2101,0.0000,0.0000,0.0000,0.6912,0.00025,0.0000
-0.125,0.2113,0.0000,0.0000,0.0000,0.6866,0.00025,0.0000
-0.115,0.2091,0.0000,0.0000,0.0000,0.6821,0.00024,0.0000
-0.105,0.2043,0.0000,0.0000,0.0000,0.6777,0.00023,0.0000
-0.095,0.1989,0.0000,0.0000,0.0000,0.6732,0.00022,0.0000
-0.085,0.1878,0.0000,0.0000,0.0000,0.6690,0.00021,0.0000
-0.075,0.1843,0.0000,0.0000,0.0000,0.6647,0.00020,0.0000
-0.065,0.1859,0.0000,0.0000,0.0000,0.6606,0.00020,0.0000
-0.055,0.1316,0.0000,0.0000,0.0000,0.6634,0.00015,0.0000
-0.045,-0.8702,0.0000,0.0000,0.0000,-745.4298,-0.01361,0.0000
-0.035,-1.0276,0.0000,0.0000,0.0000,-842.9301,-0.03005,0.0000
-0.025,-1.0264,0.0000,0.0000,0.0000,-861.9527,-0.03461,0.0000
-0.015,-1.0194,0.0000,0.0000,0.0000,-790.4626,-0.03356,0.0000
-0.005,-0.8983,0.0000,0.0000,0.0000,-474.7680,-0.01868,0.0000
0.005,1.2561,0.0000,0.0000,0.0000,206.9244,0.03352,0.0000
0.015,1.1887,0.0000,0.0000,0.0000,1064.9605,0.12725,0.0000
0.025,1.2622,0.0000,0.0000,0.0000,1845.2322,0.25008,0.0000
0.035,1.3258,0.0000,0.0000,0.0000,2847.1956,0.36848,0.0000
0.045,1.0777,0.0000,0.0000,0.0000,4070.7884,0.28535,0.0000
0.055,-0.3662,0.0000,0.0000,0.0000,4759.9212,-0.23632,0.0000
0.065,-0.1410,0.0000,0.0000,0.0000,3588.3057,-0.14009,0.0000
0.075,-0.2555,0.0000,0.0000,0.0000,2713.1354,-0.32519,0.0000
0.085,-0.4333,0.0000,0.0000,0.0000,2140.2122,-0.69514,0.0000
0.095,-0.4907,0.0000,0.0000,0.0000,1869.1775,-1.05655,0.0000
0.105,-0.5310,0.0000,0.0000,0.0000,1823.4979,-1.62335,0.0000
0.115,-0.6321,0.0000,0.0000,0.0000,1847.4816,-2.42321,0.0000
0.125,-0.7917,0.0000,0.0000,0.0000,1769.8988,-3.14203,0.0000
0.135,-0.9227,0.0000,0.0000,0.0000,1729.4726,-3.70673,0.0000
0.145,-0.9462,0.0000,0.0000,0.0000,1995.9202,-4.49290,0.0000
0.155,-1.0166,0.0000,0.0000,0.0000,2494.0306,-6.06837,0.0000
0.165,-1.1315,0.0000,0.0000,0.0000,2865.6654,-7.83374,0.0000
0.175,-1.1303,0.0000,0.0000,0.0000,2915.5283,-8.09352,0.0000
0.185,-1.0352,0.0000,0.0000,0.0000,2776.4492,-7.22103,0.0000
0.195,-1.0917,0.0000,0.0000,0.0000,2596.1546,-7.21153,0.0000
0.205,-1.3882,0.0000,0.0000,0.0000,2387.7328,-8.42363,0.0000
0.215,-1.6698,0.0000,0.0000,0.0000,2179.5251,-9.60058,0.0000
0.225,-1.7244,0.0000,0.0000,0.0000,2025.3533,-9.75116,0.0000
0.235,-1.6177,0.0000,0.0000,0.0000,1933.0483,-8.96353,0.0000
0.245,-1.4856,0.0000,0.0000,0.0000,1880.8837,-7.94941,0.0000
0.255,-1.2620,0.0000,0.0000,0.0000,1807.9074,-6.37785,0.0000
0.265,-0.9128,0.0000,0.0000,0.0000,1707.6524,-4.29485,0.0000
0.275,-0.6592,0.0000,0.0000,0.0000,1649.3053,-2.99922,0.0000
0.285,-0.5071,0.0000,0.0000,0.0000,1652.2164,-2.31722,0.0000
0.295,-0.4608,0.5335,0.5335,0.0000,1667.0288,-2.14633,7.4900
0.305,-0.6566,-0.2665,0.1387,-1.6661,1629.5783,-3.03413,47.8107
0.315,-0.9328,0.0000,0.0000,0.0000,1520.3698,-4.13510,0.0000
0.325,-1.1208,-1.7113,-1.8239,-1.2567,1376.2925,-4.67991,81.9822
0.335,-1.2062,0.0000,0.0000,0.0000,1238.9670,-4.76008,0.0000
0.345,-1.2415,0.0000,0.0000,0.0000,1130.3970,-4.60481,0.0000
0.355,-1.2386,0.8466,0.8421,0.8421,1057.5755,-4.24799,41.6649
0.365,-1.1507,0.0000,0.0000,0.0000,1009.6853,-3.69982,0.0000
0.375,-1.2540,0.0000,0.0000,0.0000,962.2082,-3.81810,0.0000
0.385,-1.6373,0.0000,0.0000,0.0000,907.1466,-4.72714,0.0000
0.395,-2.0514,0.0000,0.0000,0.0000,849.7644,-5.59022,0.0000
0.405,-2.2754,0.0000,0.0000,0.0000,786.6549,-5.75451,0.0000
0.415,-2.2948,0.8666,0.8666,0.0000,717.7353,-5.34176,10.9670
0.425,-2.4713,0.0000,0.0000,0.0000,645.9238,-5.27471,0.0000
0.435,-2.7577,0.6092,0.9791,0.0000,575.2739,-5.41912,15.3894
0.445,-2.7628,-0.3549,-0.4466,0.0000,513.1207,-5.09917,9.7164
0.455,-2.5661,1.0459,1.1870,0.0000,462.9306,-4.54666,6.7794
0.465,-2.4380,-0.2405,0.1994,0.0000,420.9456,-4.15194,4.6767
0.475,-2.3661,-0.6104,-0.8350,-0.8350,381.0183,-3.79259,2.9092
0.485,-2.2898,-1.1426,-0.7570,-0.3682,342.3572,-3.38555,12.6074
0.495,-2.1766,-0.6279,-0.5954,-0.6556,309.4208,-2.99947,15.6588
0.505,-1.9652,-0.3922,-0.6780,-0.4697,283.1453,-2.59743,27.4375
0.515,-1.7631,-0.6748,-0.4238,0.8069,259.7911,-2.25790,8.4907
0.525,-1.6261,0.3830,0.4847,0.4847,237.7084,-2.02730,1.5075
0.535,-1.4620,-1.7355,-1.5989,-1.5989,218.0499,-1.79402,5.0918
0.545,-1.3352,0.7840,0.1356,-0.2269,200.5650,-1.61629,3.2475
0.555,-1.3574,-0.2149,-0.4017,-0.7535,183.9900,-1.60680,8.4674
0.565,-1.4538,0.8759,0.8240,0.1120,167.6334,-1.66877,8.4687
0.575,-1.5087,1.4515,1.6317,0.0000,151.9085,-1.67615,4.6433
0.585,-1.5496,0.9434,0.2480,0.0000,137.6872,-1.66601,3.9263
0.595,-1.5193,1.0574,0.9789,2.2104,124.7829,-1.57482,1.4976
0.605,-1.3586,-1.2266,-0.9708,-0.6868,112.5701,-1.34742,5.1402
0.615,-1.2134,-0.4354,-0.6728,0.0138,101.0753,-1.14297,4.0863
0.625,-1.1633,0.2074,-0.3518,0.7919,90.7048,-1.04342,7.1122
0.635,-1.1461,-0.8834,-1.8254,-0.9480,81.3054,-0.98285,7.6278
0.645,-1.1327,1.1093,1.0175,1.5120,72.2098,-0.91434,7.6943
0.655,-1.0974,-1.5015,-1.3071,-1.3631,63.5919,-0.82430,5.6786
0.665,-1.0361,-1.0808,-0.6750,0.2528,55.7401,-0.71526,3.5135
0.675,-1.0117,2.3402,2.9644,2.9644,48.2019,-0.62353,3.3356
0.685,-1.0610,0.6482,0.4508,0.4314,41.3510,-0.57751,4.0052
0.695,-1.1602,-0.3553,-0.5191,-0.3579,35.7766,-0.57212,5.2129
0.705,-1.2870,0.0675,0.1388,-0.2408,31.0077,-0.57659,2.2692
0.715,-1.3968,-1.8223,-1.1075,-0.9891,26.4707,-0.53885,3.9698
0.725,-1.4185,-1.5066,-1.7388,-1.6085,22.3389,-0.44857,3.7730
0.735,-1.3732,0.4851,0.5489,0.5151,18.9666,-0.35848,1.4622
0.745,-1.3387,0.5523,0.3730,0.7858,16.2474,-0.29432,1.9946
0.755,-1.3058,-0.6094,0.1472,0.7846,13.9616,-0.24113,4.4587
0.765,-1.2637,-0.8303,-0.8303,0.2134,12.0332,-0.19479,1.1417
0.775,-1.2182,-0.2371,-0.2371,-0.0189,10.4195,-0.15646,1.2110
0.785,-1.1692,-0.5736,-0.5736,-0.8522,9.0721,-0.12513,1.2711
0.795,-1.1190,-2.0294,-2.0294,-1.7088,7.9494,-0.09999,1.6255
0.805,-1.0684,0.0493,0.0493,0.1092,7.0129,-0.08000,0.6360
0.815,-1.0193,-0.9560,-0.9560,-1.6244,6.2310,-0.06425,0.8282
0.825,-0.9729,0.1992,0.1992,0.7933,5.5758,-0.05189,0.7814
0.835,-0.9309,0.7460,0.7460,1.1712,5.0252,-0.04224,0.5286
0.845,-0.8942,1.5801,1.5801,1.9011,4.5602,-0.03472,1.4017
0.855,-0.8641,-0.2127,-0.2127,0.6346,4.1660,-0.02887,0.9760
0.865,-0.8413,0.0594,0.0594,0.0594,3.8298,-0.02430,0.2350
0.875,-0.8265,0.4514,0.4514,0.3793,3.5422,-0.02076,0.7690
0.885,-0.8196,0.4611,0.4611,-0.2107,3.2945,-0.01798,0.8901
0.895,-0.8213,0.8139,0.8139,-0.4883,3.0806,-0.01581,0.5206
0.905,-0.8312,1.4221,1.4221,-0.0865,2.8944,-0.01411,0.2465
0.915,-0.8494,-1.0985,-1.0985,-1.0985,2.7322,-0.01277,0.4029
0.925,-0.8747,-0.1601,-0.1601,-0.1601,2.5896,-0.01170,0.4526
0.935,-0.9080,0.0661,0.0661,0.0661,2.4642,-0.01085,0.1532
0.945,-0.9474,0.0000,0.0000,0.0000,2.3530,-0.01016,0.0000
0.955,-0.9938,0.0000,0.0000,0.0000,2.2545,-0.00962,0.0000
0.965,-1.0447,0.0000,0.0000,0.0000,2.1663,-0.00916,0.0000
0.975,-1.1009,0.0000,0.0000,0.0000,2.0876,-0.00880,0.0000
0.985,-1.1595,0.0000,0.0000,0.0000,2.0164,-0.00848,0.0000
0.995,-1.2212,0.0000,0.0000,0.0000,1.9525,-0.00822,0.0000
1.005,-1.2829,0.0000,0.0000,0.0000,1.8941,-0.00799,0.0000
1.015,-1.3460,0.0000,0.0000,0.0000,1.8413,-0.00780,0.0000
1.025,-1.4068,0.0000,0.0000,0.0000,1.7928,-0.00762,0.0000
1.035,-1.4674,0.0000,0.0000,0.0000,1.7485,-0.00747,0.0000
1.045,-1.5239,0.0000,0.0000,0.0000,1.7075,-0.00733,0.0000
1.055,-1.5788,0.0000,0.0000,0.0000,1.6699,-0.00721,0.0000
1.065,-1.6284,0.0000,0.0000,0.0000,1.6347,-0.00709,0.0000
1.075,-1.6758,0.0000,0.0000,0.0000,1.6023,-0.00698,0.0000
1.085,-1.7177,0.0000,0.0000,0.0000,1.5718,-0.00687,0.0000
1.095,-1.7572,0.0000,0.0000,0.0000,1.5435,-0.00678,0.0000
1.105,-1.7910,0.0000,0.0000,0.0000,1.5166,-0.00668,0.0000
1.115,-1.8229,0.0000,0.0000,0.0000,1.4916,-0.00659,0.0000
1.125,-1.8499,0.0000,0.0000,0.0000,1.4677,-0.00650,0.0000
1.135,-1.8753,0.0000,0.0000,0.0000,1.4453,-0.00642,0.0000
1.145,-1.8962,0.0000,0.0000,0.0000,1.4238,-0.00633,0.0000
1.155,-1.9161,0.0000,0.0000,0.0000,1.4036,-0.00625,0.0000
1.165,-1.9317,0.0000,0.0000,0.0000,1.3841,-0.00617,0.0000
1.175,-1.9471,0.0000,0.0000,0.0000,1.3656,-0.00610,0.0000
1.185,-1.9590,0.0000,0.0000,0.0000,1.3478,-0.00602,0.0000
1.195,-1.9711,0.0000,0.0000,0.0000,1.3308,-0.00595,0.0000
1.205,-1.9796,0.0000,0.0000,0.0000,1.3143,-0.00587,0.0000
1.215,-1.9888,0.0000,0.0000,0.0000,1.2986,-0.00581,0.0000
1.225,-1.9947,0.0000,0.0000,0.0000,1.2833,-0.00573,0.0000
1.235,-2.0017,0.0000,0.0000,0.0000,1.2687,-0.00567,0.0000
1.245,-2.0054,0.0000,0.0000,0.0000,1.2543,-0.00560,0.0000
1.255,-2.0108,0.0000,0.0000,0.0000,1.2407,-0.00553,0.0000
1.265,-2.0131,0.0000,0.0000,0.0000,1.2272,-0.00547,0.0000
1.275,-2.0171,0.0000,0.0000,0.0000,1.2144,-0.00541,0.0000
1.285,-2.0182,0.0000,0.0000,0.0000,1.2017,-0.00534,0.0000
1.295,-2.0214,0.0000,0.0000,0.0000,1.1895,-0.00528,0.0000
1.305,-2.0215,0.0000,0.0000,0.0000,1.1775,-0.00522,0.0000
1.315,-2.0240,0.0000,0.0000,0.0000,1.1660,-0.00516,0.0000
1.325,-2.0236,0.0000,0.0000,0.0000,1.1545,-0.00510,0.0000
1.335,-2.0250,0.0000,0.0000,0.0000,1.1436,-0.00505,0.0000
1.345,-2.0235,0.0000,0.0000,0.0000,1.1327,-0.00499,0.0000
1.355,-2.0247,0.0000,0.0000,0.0000,1.1223,-0.00494,0.0000
1.365,-2.0231,0.0000,0.0000,0.0000,1.1119,-0.00488,0.0000
1.375,-2.0240,0.0000,0.0000,0.0000,1.1019,-0.00483,0.0000
1.385,-2.0220,0.0000,0.0000,0.0000,1.0920,-0.00478,0.0000
1.395,-2.0226,0.0000,0.0000,0.0000,1.0824,-0.00473,0.0000
1.405,-2.0203,0.0000,0.0000,0.0000,1.0729,-0.00468,0.0000
1.415,-2.0208,0.0000,0.0000,0.0000,1.0637,-0.00463,0.0000
1.425,-2.0183,0.0000,0.0000,0.0000,1.0546,-0.00458,0.0000
1.435,-2.0186,0.0000,0.0000,0.0000,1.0458,-0.00454,0.0000
1.445,-2.0159,0.0000,0.0000,0.0000,1.0370,-0.00449,0.0000
1.455,-2.0162,0.0000,0.0000,0.0000,1.0285,-0.00445,0.0000
1.465,-2.0136,0.0000,0.0000,0.0000,1.0200,-0.00440,0.0000
1.475,-2.0138,0.0000,0.0000,0.0000,1.0119,-0.00436,0.0000
1.485,-2.0109,0.0000,0.0000,0.0000,1.0037,-0.00431,0.0000
1.495,-2.0109,0.0000,0.0000,0.0000,0.9959,-0.00427,0.0000
1.505,-2.0081,0.0000,0.0000,0.0000,0.9880,-0.00423,0.0000
1.515,-2.0081,0.0000,0.0000,0.0000,0.9804,-0.00419,0.0000
1.525,-2.0051,0.0000,0.0000,0.0000,0.9728,-0.00415,0.0000
1.535,-2.0051,0.0000,0.0000,0.0000,0.9654,-0.00411,0.0000
1.545,-2.0022,0.0000,0.0000,0.0000,0.9581,-0.00407,0.0000
1.555,-2.0023,0.0000,0.0000,0.0000,0.9510,-0.00404,0.0000
1.565,-1.9993,0.0000,0.0000,0.0000,0.9438,-0.00400,0.0000
1.575,-1.9994,0.0000,0.0000,0.0000,0.9370,-0.00396,0.0000
1.585,-1.9964,0.0000,0.0000,0.0000,0.9301,-0.00392,0.0000
1.595,-1.9965,0.0000,0.0000,0.0000,0.9235,-0.00389,0.0000
1.605,-1.9935,0.0000,0.0000,0.0000,0.9167,-0.00385,0.0000
1.615,-1.9935,0.0000,0.0000,0.0000,0.9103,-0.00382,0.0000
1.625,-1.9905,0.0000,0.0000,0.0000,0.9038,-0.00379,0.0000
1.635,-1.9906,0.0000,0.0000,0.0000,0.8976,-0.00376,0.0000
1.645,-1.9877,0.0000,0.0000,0.0000,0.8913,-0.00372,0.0000
1.655,-1.9878,0.0000,0.0000,0.0000,0.8853,-0.00369,0.0000
1.665,-1.9848,0.0000,0.0000,0.0000,0.8791,-0.00366,0.0000
1.675,-1.9850,0.0000,0.0000,0.0000,0.8733,-0.00363,0.0000
1.685,-1.9822,0.0000,0.0000,0.0000,0.8673,-0.00360,0.0000
1.695,-1.9825,0.0000,0.0000,0.0000,0.8616,-0.00357,0.0000
1.705,-1.9796,0.0000,0.0000,0.0000,0.8559,-0.00354,0.0000
1.715,-1.9797,0.0000,0.0000,0.0000,0.8503,-0.00351,0.0000
1.725,-1.9768,0.0000,0.0000,0.0000,0.8447,-0.00348,0.0000
1.735,-1.9771,0.0000,0.0000,0.0000,0.8393,-0.00346,0.0000
1.745,-1.9742,0.0000,0.0000,0.0000,0.8339,-0.00343,0.0000
1.755,-1.9744,0.0000,0.0000,0.0000,0.8286,-0.00340,0.0000
1.765,-1.9715,0.0000,0.0000,0.0000,0.8233,-0.00337,0.0000
1.775,-1.9714,0.0000,0.0000,0.0000,0.8182,-0.00335,0.0000
1.785,-1.9685,0.0000,0.0000,0.0000,0.8130,-0.00332,0.0000
1.795,-1.9696,0.0000,0.0000,0.0000,0.8081,-0.00330,0.0000
1.805,-1.9670,0.0000,0.0000,0.0000,0.8030,-0.00327,0.0000
1.815,-1.9667,0.0000,0.0000,0.0000,0.7982,-0.00325,0.0000
1.825,-1.9637,0.0000,0.0000,0.0000,0.7933,-0.00322,0.0000
1.835,-1.9647,0.0000,0.0000,0.0000,0.7886,-0.00320,0.0000
1.845,-1.9622,0.0000,0.0000,0.0000,0.7838,-0.00317,0.0000
1.855,-1.9621,0.0000,0.0000,0.0000,0.7792,-0.00315,0.0000
1.865,-1.9591,0.0000,0.0000,0.0000,0.7745,-0.00312,0.0000
1.875,-1.9603,0.0000,0.0000,0.0000,0.7701,-0.00311,0.0000
1.885,-1.9577,0.0000,0.0000,0.0000,0.7655,-0.00308,0.0000
1.895,-1.9578,0.0000,0.0000,0.0000,0.7611,-0.00306,0.0000
1.905,-1.9550,0.0000,0.0000,0.0000,0.7567,-0.00304,0.0000
1.915,-1.9538,0.0000,0.0000,0.0000,0.7524,-0.00301,0.0000
1.925,-1.9508,0.0000,0.0000,0.0000,0.7481,-0.00299,0.0000
1.935,-1.9535,0.0000,0.0000,0.0000,0.7439,-0.00298,0.0000
1.945,-2.0749,0.0000,0.0000,0.0000,0.7508,-0.00325,0.0000
1.955,-0.4043,0.0000,0.0000,0.0000,446.6457,-0.00829,0.0000
1.965,-1.7610,0.0000,0.0000,0.0000,418.5493,-0.00552,0.0000
1.975,-1.9911,0.0000,0.0000,0.0000,434.2899,-0.00612,0.0000
1.985,-1.8859,0.0000,0.0000,0.0000,509.2162,-0.00744,0.0000
1.995,-1.7344,0.0000,0.0000,0.0000,663.0917,-0.00764,0.0000
2.005,-1.9810,0.0000,0.0000,0.0000,922.4448,-0.00343,0.0000
2.015,0.4058,0.0000,0.0000,0.0000,1271.5666,0.00606,0.0000
2.025,0.4821,0.0000,0.0000,0.0000,1673.6443,0.02106,0.0000
2.035,0.5369,0.0000,0.0000,0.0000,2125.4012,0.04513,0.0000
2.045,0.6116,0.0000,0.0000,0.0000,2551.5367,0.07880,0.0000
2.055,0.3847,0.0000,0.0000,0.0000,2329.2608,0.08692,0.0000
2.065,-2.0240,0.0000,0.0000,0.0000,3109.4410,-0.84846,0.0000
2.075,-2.7936,0.0000,0.0000,0.0000,4076.2643,-2.67658,0.0000
2.085,-2.8469,0.0000,0.0000,0.0000,4612.6021,-4.15707,0.0000
2.095,-2.5840,0.0000,0.0000,0.0000,4308.7321,-4.17052,0.0000
2.105,-1.9910,0.0000,0.0000,0.0000,3221.4779,-3.59805,0.0000
2.115,-1.4907,0.0000,0.0000,0.0000,2021.8246,-3.30159,0.0000
2.125,-1.3095,0.0000,0.0000,0.0000,1395.1504,-3.18759,0.0000
2.135,-1.4114,0.0000,0.0000,0.0000,1189.5602,-3.45788,0.0000
2.145,-1.7357,0.0000,0.0000,0.0000,1061.4723,-4.11330,0.0000
2.155,-2.3218,0.0000,0.0000,0.0000,895.1768,-4.69643,0.0000
2.165,-2.9235,0.0000,0.0000,0.0000,734.6186,-5.27911,0.0000
2.175,-3.0798,0.0000,0.0000,0.0000,666.5701,-6.15165,0.0000
2.185,-3.0558,0.0000,0.0000,0.0000,593.3088,-6.27708,0.0000
2.195,-3.0336,0.0000,0.0000,0.0000,431.5994,-4.74928,0.0000
2.205,-3.0305,0.0000,0.0000,0.0000,258.9522,-2.78068,0.0000
2.215,-3.0218,0.0000,0.0000,0.0000,165.1633,-1.73853,0.0000
2.225,-3.0061,0.0000,0.0000,0.0000,131.2131,-1.41531,0.0000
2.235,-2.9926,0.0000,0.0000,0.0000,110.2698,-1.22317,0.0000
2.245,-2.9866,0.0000,0.0000,0.0000,93.6947,-1.05757,0.0000
2.255,-2.9823,0.0000,0.0000,0.0000,79.2113,-0.90433,0.0000
2.265,-2.9817,0.0000,0.0000,0.0000,66.8391,-0.76694,0.0000
2.275,-2.9815,0.0000,0.0000,0.0000,56.1485,-0.64563,0.0000
2.285,-2.9831,0.0000,0.0000,0.0000,47.0940,-0.54056,0.0000
2.295,-2.9848,0.0000,0.0000,0.0000,39.4018,-0.45055,0.0000
2.305,-2.9878,0.0000,0.0000,0.0000,32.9545,-0.37431,0.0000
2.315,-2.9909,0.0000,0.0000,0.0000,27.5432,-0.31016,0.0000
2.325,-2.9949,0.0000,0.0000,0.0000,23.0421,-0.25655,0.0000
2.335,-2.9951,0.0000,0.0000,0.0000,19.2937,-0.21166,0.0000
2.345,-2.9988,0.0000,0.0000,0.0000,16.1899,-0.17467,0.0000
2.355,-3.0133,0.0000,0.0000,0.0000,13.6205,-0.14460,0.0000
2.365,-3.0272,0.0000,0.0000,0.0000,11.5030,-0.11969,0.0000
2.375,-3.0367,0.0000,0.0000,0.0000,9.7511,-0.09900,0.0000
2.385,-3.0461,0.0000,0.0000,0.0000,8.3073,-0.08198,0.0000
2.395,-3.0537,0.0000,0.0000,0.0000,7.1145,-0.06798,0.0000
2.405,-3.0609,0.0000,0.0000,0.0000,6.1316,-0.05649,0.0000
2.415,-3.0730,0.0000,0.0000,0.0000,5.3189,-0.04718,0.0000
2.425,-3.0773,0.0000,0.0000,0.0000,4.6485,-0.03948,0.0000
2.435,-3.0712,0.0000,0.0000,0.0000,4.0934,-0.03311,0.0000
2.445,-3.0571,0.0000,0.0000,0.0000,3.6341,-0.02787,0.0000
2.455,-3.0293,0.0000,0.0000,0.0000,3.2523,-0.02354,0.0000
2.465,-3.0243,0.0000,0.0000,0.0000,2.9357,-0.02023,0.0000
2.475,-3.0065,0.0000,0.0000,0.0000,2.6723,-0.01751,0.0000
2.485,-2.9121,0.0000,0.0000,0.0000,2.4511,-0.01493,0.0000
2.495,-2.8024,0.0000,0.0000,0.0000,2.2628,-0.01280,0.0000
2.505,-2.6886,0.0000,0.0000,0.0000,2.1064,-0.01107,0.0000
2.515,-2.5551,0.0000,0.0000,0.0000,1.9706,-0.00961,0.0000
2.525,-2.4502,0.0000,0.0000,0.0000,1.8589,-0.00851,0.0000
2.535,-2.3765,0.0000,0.0000,0.0000,1.7663,-0.00769,0.0000
2.545,-2.2882,0.0000,0.0000,0.0000,1.6861,-0.00697,0.0000
2.555,-2.2025,0.0000,0.0000,0.0000,1.6161,-0.00636,0.0000
2.565,-2.1270,0.0000,0.0000,0.0000,1.5553,-0.00587,0.0000
2.575,-2.0735,0.0000,0.0000,0.0000,1.5010,-0.00549,0.0000
2.585,-1.9747,0.0000,0.0000,0.0000,1.4541,-0.00504,0.0000
2.595,-1.9075,0.0000,0.0000,0.0000,1.4119,-0.00471,0.0000
2.605,-1.9651,0.0000,0.0000,0.0000,1.3756,-0.00471,0.0000
2.615,-1.9599,0.0000,0.0000,0.0000,1.3419,-0.00457,0.0000
2.625,-1.8736,0.0000,0.0000,0.0000,1.3119,-0.00426,0.0000
2.635,-1.8263,0.0000,0.0000,0.0000,1.2838,-0.00405,0.0000
2.645,-1.8186,0.0000,0.0000,0.0000,1.2586,-0.00395,0.0000
2.655,-1.8249,0.0000,0.0000,0.0000,1.2345,-0.00389,0.0000
2.665,-1.7889,0.0000,0.0000,0.0000,1.2134,-0.00373,0.0000
2.675,-1.7386,0.0000,0.0000,0.0000,1.1929,-0.00356,0.0000
2.685,-1.7794,0.0000,0.0000,0.0000,1.1744,-0.00358,0.0000
2.695,-1.8203,0.0000,0.0000,0.0000,1.1560,-0.00360,0.0000
2.705,-1.7841,0.0000,0.0000,0.0000,1.1396,-0.00347,0.0000
2.715,-1.7419,0.0000,0.0000,0.0000,1.1233,-0.00333,0.0000
2.725,-1.7468,0.0000,0.0000,0.0000,1.1082,-0.00329,0.0000
2.735,-1.7703,0.0000,0.0000,0.0000,1.0927,-0.00329,0.0000
2.745,-1.7607,0.0000,0.0000,0.0000,1.0794,-0.00322,0.0000
2.755,-1.7524,0.0000,0.0000,0.0000,1.0658,-0.00316,0.0000
2.765,-1.7572,0.0000,0.0000,0.0000,1.0530,-0.00313,0.0000
2.775,-1.7352,0.0000,0.0000,0.0000,1.0402,-0.00304,0.0000
2.785,-1.7237,0.0000,0.0000,0.0000,1.0289,-0.00298,0.0000
2.795,-1.7536,0.0000,0.0000,0.0000,1.0166,-0.00300,0.0000
2.805,-1.7695,0.0000,0.0000,0.0000,1.0054,-0.00299,0.0000
2.815,-1.7649,0.0000,0.0000,0.0000,0.9941,-0.00294,0.0000
2.825,-1.7526,0.0000,0.0000,0.0000,0.9842,-0.00289,0.0000
2.835,-1.7489,0.0000,0.0000,0.0000,0.9736,-0.00284,0.0000
2.845,-1.7684,0.0000,0.0000,0.0000,0.9637,-0.00284,0.0000
2.855,-1.7734,0.0000,0.0000,0.0000,0.9535,-0.00282,0.0000
2.865,-1.7558,0.0000,0.0000,0.0000,0.9448,-0.00276,0.0000
2.875,-1.7546,0.0000,0.0000,0.0000,0.9353,-0.00273,0.0000
2.885,-1.7735,0.0000,0.0000,0.0000,0.9264,-0.00273,0.0000
2.895,-1.7801,0.0000,0.0000,0.0000,0.9172,-0.00271,0.0000
2.905,-1.7701,0.0000,0.0000,0.0000,0.9093,-0.00266,0.0000
2.915,-1.7691,0.0000,0.0000,0.0000,0.9005,-0.00263,0.0000
2.925,-1.7840,0.0000,0.0000,0.0000,0.8924,-0.00263,0.0000
2.935,-1.7912,0.0000,0.0000,0.0000,0.8840,-0.00261,0.0000
2.945,-2.0396,0.0000,0.0000,0.0000,0.8210,-0.00290,0.0000
2.955,-1.0876,0.0000,0.0000,0.0000,-54.4498,-1.30767,0.0000
2.965,-1.1681,0.0000,0.0000,0.0000,-69.0002,-1.56522,0.0000
2.975,-1.1551,0.0000,0.0000,0.0000,-67.2545,-1.56356,0.0000
2.985,-1.0733,0.0000,0.0000,0.0000,-47.8160,-1.44308,0.0000
2.995,-0.8986,0.0000,0.0000,0.0000,5.5398,-1.12500,0.0000
3.005,-0.6052,1.2671,1.3390,1.1636,97.8762,-0.68967,46.4751
3.015,-0.1140,0.0000,0.0000,0.0000,205.7685,-0.13664,0.0000
3.025,0.0918,0.0000,0.0000,0.0000,300.4634,0.13452,0.0000
3.035,-0.0541,0.0000,0.0000,0.0000,368.5867,-0.09879,0.0000
3.045,-0.1609,0.0000,0.0000,0.0000,407.6455,-0.33275,0.0000
3.055,-0.3339,0.0000,0.0000,0.0000,386.8257,-0.50940,0.0000
3.065,-0.7037,0.0000,0.0000,0.0000,361.3426,-1.02419,0.0000
3.075,-0.9456,0.0000,0.0000,0.0000,343.2747,-1.31015,0.0000
3.085,-1.1382,0.0000,0.0000,0.0000,337.8722,-1.54858,0.0000
3.095,-1.3032,-1.7008,-1.7008,0.0000,327.7214,-1.71281,2.3745
3.105,-1.4067,0.6594,0.6594,0.0000,309.0095,-1.82876,4.7889
3.115,-1.3649,0.0000,0.0000,0.0000,298.6890,-1.84589,0.0000
3.125,-1.1243,0.0000,0.0000,0.0000,294.8705,-1.56243,0.0000
3.135,-0.7700,-0.4471,-0.4471,-0.4471,293.3249,-1.08768,4.7669
3.145,-0.6158,-0.4882,-0.4882,-0.4882,278.6657,-0.84430,2.3966
3.155,-0.7683,0.0000,0.0000,0.0000,246.2897,-0.98295,0.0000
3.165,-0.9130,0.0000,0.0000,0.0000,220.7875,-1.14231,0.0000
3.175,-0.9267,0.0000,0.0000,0.0000,206.6117,-1.13444,0.0000
3.185,-1.0609,0.0000,0.0000,0.0000,190.2825,-1.21581,0.0000
3.195,-1.3455,0.0000,0.0000,0.0000,163.8126,-1.35600,0.0000
3.205,-1.6143,0.0000,0.0000,0.0000,132.9009,-1.34856,0.0000
3.215,-1.8843,0.0000,0.0000,0.0000,107.4570,-1.30425,0.0000
3.225,-2.1206,0.0000,0.0000,0.0000,88.6269,-1.29561,0.0000
3.235,-2.0969,0.0000,0.0000,0.0000,73.3689,-1.17429,0.0000
3.245,-1.8424,0.0000,0.0000,0.0000,57.0320,-0.85390,0.0000
3.255,-1.5966,0.0000,0.0000,0.0000,40.5974,-0.51394,0.0000
3.265,-1.5548,0.0000,0.0000,0.0000,28.6579,-0.31257,0.0000
3.275,-1.5569,0.0000,0.0000,0.0000,21.7917,-0.22352,0.0000
3.285,-1.5640,0.0000,0.0000,0.0000,17.9069,-0.18685,0.0000
3.295,-1.5687,0.0000,0.0000,0.0000,14.9614,-0.15978,0.0000
3.305,-1.5756,0.0000,0.0000,0.0000,12.5701,-0.13645,0.0000
3.315,-1.5787,0.0000,0.0000,0.0000,10.5626,-0.11537,0.0000
3.325,-1.5828,0.0000,0.0000,0.0000,8.8969,-0.09699,0.0000
3.335,-1.5843,0.0000,0.0000,0.0000,7.5046,-0.08096,0.0000
3.345,-1.5866,0.0000,0.0000,0.0000,6.3525,-0.06733,0.0000
3.355,-1.5873,0.0000,0.0000,0.0000,5.3959,-0.05574,0.0000
3.365,-1.5887,0.0000,0.0000,0.0000,4.6072,-0.04604,0.0000
3.375,-1.5892,0.0000,0.0000,0.0000,3.9555,-0.03793,0.0000
3.385,-1.5903,0.0000,0.0000,0.0000,3.4194,-0.03122,0.0000
3.395,-1.5903,0.0000,0.0000,0.0000,2.9775,-0.02566,0.0000
3.405,-1.5906,0.0000,0.0000,0.0000,2.6140,-0.02108,0.0000
3.415,-1.5893,0.0000,0.0000,0.0000,2.3147,-0.01732,0.0000
3.425,-1.5870,0.0000,0.0000,0.0000,2.0681,-0.01425,0.0000
3.435,-1.5814,0.0000,0.0000,0.0000,1.8649,-0.01173,0.0000
3.445,-1.5722,0.0000,0.0000,0.0000,1.6969,-0.00968,0.0000
3.455,-1.5560,0.0000,0.0000,0.0000,1.5581,-0.00800,0.0000
3.465,-1.5318,0.0000,0.0000,0.0000,1.4429,-0.00663,0.0000
3.475,-1.4957,0.0000,0.0000,0.0000,1.3471,-0.00552,0.0000
3.485,-1.4476,0.0000,0.0000,0.0000,1.2671,-0.00462,0.0000
3.495,-1.3853,0.0000,0.0000,0.0000,1.2003,-0.00389,0.0000
3.505,-1.3121,0.0000,0.0000,0.0000,1.1439,-0.00329,0.0000
3.515,-1.2292,0.0000,0.0000,0.0000,1.0963,-0.00281,0.0000
3.525,-1.1436,0.0000,0.0000,0.0000,1.0558,-0.00242,0.0000
3.535,-1.0571,0.0000,0.0000,0.0000,1.0213,-0.00211,0.0000
3.545,-0.9773,0.0000,0.0000,0.0000,0.9915,-0.00185,0.0000
3.555,-0.9082,0.0000,0.0000,0.0000,0.9657,-0.00165,0.0000
3.565,-0.8445,0.0000,0.0000,0.0000,0.9431,-0.00149,0.0000
3.575,-0.7772,0.0000,0.0000,0.0000,0.9235,-0.00133,0.0000
3.585,-0.7296,0.0000,0.0000,0.0000,0.9059,-0.00122,0.0000
3.595,-0.7015,0.0000,0.0000,0.0000,0.8901,-0.00115,0.0000
3.605,-0.6752,0.0000,0.0000,0.0000,0.8759,-0.00109,0.0000
3.615,-0.6416,0.0000,0.0000,0.0000,0.8632,-0.00101,0.0000
3.625,-0.6232,0.0000,0.0000,0.0000,0.8514,-0.00097,0.0000
3.635,-0.6191,0.0000,0.0000,0.0000,0.8405,-0.00095,0.0000
3.645,-0.6144,0.0000,0.0000,0.0000,0.8304,-0.00093,0.0000
3.655,-0.6025,0.0000,0.0000,0.0000,0.8211,-0.00090,0.0000
3.665,-0.5999,0.0000,0.0000,0.0000,0.8122,-0.00088,0.0000
3.675,-0.6070,0.0000,0.0000,0.0000,0.8039,-0.00088,0.0000
3.685,-0.6116,0.0000,0.0000,0.0000,0.7959,-0.00087,0.0000
3.695,-0.6066,0.0000,0.0000,0.0000,0.7885,-0.00086,0.0000
3.705,-0.6103,0.0000,0.0000,0.0000,0.7812,-0.00085,0.0000
3.715,-0.6237,0.0000,0.0000,0.0000,0.7742,-0.00086,0.0000
3.725,-0.6327,0.0000,0.0000,0.0000,0.7675,-0.00086,0.0000
3.735,-0.6347,0.0000,0.0000,0.0000,0.7611,-0.00085,0.0000
3.745,-0.6407,0.0000,0.0000,0.0000,0.7549,-0.00085,0.0000
3.755,-0.6461,0.0000,0.0000,0.0000,0.7489,-0.00085,0.0000
3.765,-0.6545,0.0000,0.0000,0.0000,0.7429,-0.00085,0.0000
3.775,-0.6635,0.0000,0.0000,0.0000,0.7372,-0.00085,0.0000
3.785,-0.6731,0.0000,0.0000,0.0000,0.7316,-0.00086,0.0000
3.795,-0.6807,0.0000,0.0000,0.0000,0.7262,-0.00086,0.0000
3.805,-0.6901,0.0000,0.0000,0.0000,0.7208,-0.00086,0.0000
3.815,-0.6976,0.0000,0.0000,0.0000,0.7157,-0.00086,0.0000
3.825,-0.7076,0.0000,0.0000,0.0000,0.7105,-0.00086,0.0000
3.835,-0.7165,0.0000,0.0000,0.0000,0.7056,-0.00086,0.0000
3.845,-0.7273,0.0000,0.0000,0.0000,0.7007,-0.00087,0.0000
3.855,-0.7384,0.0000,0.0000,0.0000,0.6960,-0.00087,0.0000
3.865,-0.7487,0.0000,0.0000,0.0000,0.6912,-0.00088,0.0000
3.875,-0.7559,0.0000,0.0000,0.0000,0.6866,-0.00088,0.0000
3.885,-0.7656,0.0000,0.0000,0.0000,0.6821,-0.00088,0.0000
3.895,-0.7751,0.0000,0.0000,0.0000,0.6777,-0.00088,0.0000
3.905,-0.7847,0.0000,0.0000,0.0000,0.6733,-0.00089,0.0000
3.915,-0.7923,0.0000,0.0000,0.0000,0.6690,-0.00089,0.0000
3.925,-0.8008,0.0000,0.0000,0.0000,0.6648,-0.00089,0.0000
3.935,-0.8059,0.0000,0.0000,0.0000,0.6607,-0.00089,0.0000
3.945,-0.7437,0.0000,0.0000,0.0000,0.6635,-0.00082,0.0000
3.955,1.0425,0.0000,0.0000,0.0000,-745.4297,0.01631,0.0000
3.965,1.1081,0.0000,0.0000,0.0000,-842.9299,0.03241,0.0000
3.975,1.1279,0.0000,0.0000,0.0000,-861.9524,0.03804,0.0000
3.985,1.1402,0.0000,0.0000,0.0000,-790.4624,0.03754,0.0000
3.995,1.2008,0.0000,0.0000,0.0000,-474.7678,0.02497,0.0000
4.005,-1.0231,0.0000,0.0000,0.0000,206.9245,-0.02730,0.0000
4.015,-1.0734,0.0000,0.0000,0.0000,1064.9602,-0.11491,0.0000
4.025,-0.9629,0.0000,0.0000,0.0000,1845.2317,-0.19081,0.0000
4.035,-0.8544,0.0000,0.0000,0.0000,2847.1950,-0.23751,0.0000
4.045,-1.4880,0.0000,0.0000,0.0000,4070.7869,-0.39404,0.0000
4.055,-2.6418,0.0000,0.0000,0.0000,4759.9153,-1.70586,0.0000
4.065,-2.7136,0.0000,0.0000,0.0000,3588.2999,-2.69750,0.0000
4.075,-2.8403,0.0000,0.0000,0.0000,2713.1301,-3.61628,0.0000
4.085,-2.9485,0.0000,0.0000,0.0000,2140.2061,-4.73156,0.0000
4.095,-2.9554,0.0000,0.0000,0.0000,1869.1684,-6.36491,0.0000
4.105,-2.9456,0.0000,0.0000,0.0000,1823.4842,-9.00846,0.0000
4.115,-2.9400,0.0000,0.0000,0.0000,1847.4649,-11.27461,0.0000
4.125,-2.8982,0.0000,0.0000,0.0000,1769.8829,-11.50647,0.0000
4.135,-2.8203,0.0000,0.0000,0.0000,1729.4579,-11.33497,0.0000
4.145,-2.7668,0.0000,0.0000,0.0000,1995.9025,-13.14349,0.0000
4.155,-2.6371,0.0000,0.0000,0.0000,2494.0086,-15.74941,0.0000
4.165,-2.4394,0.0000,0.0000,0.0000,2865.6428,-16.89705,0.0000
4.175,-2.3631,0.0000,0.0000,0.0000,2915.5024,-16.92900,0.0000
4.185,-2.3564,0.0000,0.0000,0.0000,2776.4180,-16.44622,0.0000
4.195,-2.2156,0.0000,0.0000,0.0000,2596.1262,-14.64384,0.0000
4.205,-1.8780,0.0000,0.0000,0.0000,2387.7156,-11.40265,0.0000
4.215,-1.4161,0.0000,0.0000,0.0000,2179.5191,-8.14532,0.0000
4.225,-1.1128,0.0000,0.0000,0.0000,2025.3524,-6.29492,0.0000
4.235,-1.0803,0.0000,0.0000,0.0000,1933.0482,-5.98811,0.0000
4.245,-1.2299,0.0000,0.0000,0.0000,1880.8814,-6.58379,0.0000
4.255,-1.4930,0.0000,0.0000,0.0000,1807.8981,-7.54845,0.0000
4.265,-1.9012,0.0000,0.0000,0.0000,1707.6339,-8.94795,0.0000
4.275,-2.1802,0.0000,0.0000,0.0000,1649.2802,-9.92056,0.0000
4.285,-2.2938,0.0000,0.0000,0.0000,1652.1875,-10.48186,0.0000
4.295,-2.3244,-2.3601,-2.3601,0.0000,1666.9986,-10.82610,7.4902
4.305,-2.1736,-1.9499,-2.0771,-0.2272,1629.5477,-10.04541,47.8088
4.315,-1.9885,0.0000,0.0000,0.0000,1520.3379,-8.81601,0.0000
4.325,-1.7954,-0.0222,0.0264,-0.1325,1376.2610,-7.49782,81.9830
4.335,-1.5772,0.0000,0.0000,0.0000,1238.9406,-6.22544,0.0000
4.345,-1.5602,0.0000,0.0000,0.0000,1130.3781,-5.78810,0.0000
4.355,-1.7928,-1.5812,-1.5633,-1.5633,1057.5637,-6.14969,41.6643
4.365,-2.0284,0.0000,0.0000,0.0000,1009.6787,-6.52294,0.0000
4.375,-2.0408,0.0000,0.0000,0.0000,962.2048,-6.21489,0.0000
4.385,-1.8246,0.0000,0.0000,0.0000,907.1451,-5.26963,0.0000
4.395,-1.4995,0.0000,0.0000,0.0000,849.7643,-4.08817,0.0000
4.405,-1.2364,0.0000,0.0000,0.0000,786.6559,-3.12840,0.0000
4.415,-1.1639,-0.8380,-0.8380,0.0000,717.7376,-2.71080,10.9658
4.425,-1.1550,0.0000,0.0000,0.0000,645.9280,-2.46682,0.0000
4.435,-1.0343,0.0179,-0.3831,0.0000,575.2804,-2.03409,15.3896
4.445,-0.8749,-0.5967,-0.4951,0.0000,513.1286,-1.61611,9.7153
4.455,-0.7486,-0.7052,-0.7539,0.0000,462.9401,-1.32745,6.7799
4.465,-0.5961,0.0184,0.0041,0.0000,420.9571,-1.01589,4.6759
4.475,-0.4406,0.4424,0.3999,0.3999,381.0300,-0.70679,2.9090
4.485,-0.3681,-2.2829,-2.1684,-1.0648,342.3678,-0.54472,12.6070
4.495,-0.3053,0.7291,0.7541,1.0184,309.4305,-0.42100,15.6592
4.505,-0.1451,-1.5388,-1.1520,-1.1059,283.1539,-0.19192,27.4376
4.515,0.0525,-1.1111,-1.0368,-0.3397,259.7981,0.06725,8.4905
4.525,0.2508,-1.2782,-1.2172,-1.2172,237.7144,0.31282,1.5075
4.535,0.4264,1.6505,1.4313,1.4313,218.0558,0.52346,5.0918
4.545,0.4915,-0.6233,-0.2783,-0.1133,200.5720,0.59515,3.2475
4.555,0.4808,-0.4215,-0.4841,-0.4508,183.9970,0.56929,8.4671
4.565,0.5181,-1.6891,-1.6366,-0.0306,167.6389,0.59479,8.4686
4.575,0.6099,-0.2180,-0.3651,0.0000,151.9122,0.67777,4.6432
4.585,0.6444,-1.3420,-1.5755,0.0000,137.6900,0.69292,3.9265
4.595,0.5335,0.8812,0.4190,0.3214,124.7854,0.55306,1.4975
4.605,0.3044,0.0777,0.3015,0.0879,112.5723,0.30190,5.1396
4.615,0.0520,-1.5135,-1.4120,-1.6077,101.0770,0.04900,4.0864
4.625,-0.0864,-0.6482,-0.2035,-1.1412,90.7058,-0.07744,7.1121
4.635,-0.0734,0.5995,0.8815,0.6461,81.3061,-0.06291,7.6279
4.645,-0.0150,-0.5902,-0.0445,-1.2306,72.2103,-0.01212,7.6949
4.655,0.0153,0.3057,0.7720,-0.3492,63.5923,0.01145,5.6790
4.665,-0.0323,-0.8743,-0.4419,0.0319,55.7404,-0.02225,3.5135
4.675,-0.1751,-0.4655,-0.3560,-0.3560,48.2022,-0.10784,3.3353
4.685,-0.3157,-0.3568,0.2261,0.4823,41.3512,-0.17172,4.0049
4.695,-0.3922,-0.2822,-0.4648,0.2683,35.7768,-0.19332,5.2129
4.705,-0.4528,0.0892,-0.3152,0.0284,31.0079,-0.20276,2.2692
4.715,-0.5191,0.7519,0.5555,0.5299,26.4708,-0.20017,3.9698
4.725,-0.5697,-0.0123,-0.6609,-0.5585,22.3390,-0.18006,3.7732
4.735,-0.5957,-0.0301,-0.2689,-0.1342,18.9667,-0.15542,1.4625
4.745,-0.6159,-1.2286,-0.6799,-0.4762,16.2475,-0.13534,1.9946
4.755,-0.6417,0.2110,-0.2321,-0.3812,13.9617,-0.11841,4.4587
4.765,-0.6647,2.2937,2.2937,2.0352,12.0332,-0.10239,1.1417
4.775,-0.6829,-0.7030,-0.7030,-0.2796,10.4195,-0.08766,1.2110
4.785,-0.6996,-1.6868,-1.6868,-0.9721,9.0721,-0.07482,1.2712
4.795,-0.7139,0.9821,0.9821,-0.4125,7.9494,-0.06375,1.6255
4.805,-0.7270,1.5531,1.5531,1.8086,7.0130,-0.05440,0.6360
4.815,-0.7388,1.7498,1.7498,1.6158,6.2311,-0.04653,0.8282
4.825,-0.7502,-0.0909,-0.0909,-0.7257,5.5759,-0.03998,0.7814
4.835,-0.7608,-0.3001,-0.3001,-0.0651,5.0253,-0.03450,0.5286
4.845,-0.7718,0.3216,0.3216,-0.0667,4.5602,-0.02994,1.4017
4.855,-0.7826,-0.7507,-0.7507,0.1839,4.1660,-0.02612,0.9760
4.865,-0.7943,-0.3109,-0.3109,-0.3109,3.8298,-0.02292,0.2350
4.875,-0.8060,-0.9930,-0.9930,-0.7373,3.5422,-0.02022,0.7690
4.885,-0.8192,-0.5423,-0.5423,-0.1740,3.2945,-0.01795,0.8901
4.895,-0.8326,-0.2842,-0.2842,0.1815,3.0806,-0.01601,0.5206
4.905,-0.8478,1.0063,1.0063,0.8908,2.8944,-0.01438,0.2465
4.915,-0.8626,0.0588,0.0588,0.0588,2.7322,-0.01296,0.4029
4.925,-0.8798,-0.3166,-0.3166,-0.3166,2.5896,-0.01175,0.4526
4.935,-0.8959,-0.7824,-0.7824,-0.7824,2.4642,-0.01070,0.1532
4.945,-0.9141,0.0000,0.0000,0.0000,2.3530,-0.00980,0.0000
4.955,-0.9307,0.0000,0.0000,0.0000,2.2545,-0.00900,0.0000
4.965,-0.9493,0.0000,0.0000,0.0000,2.1663,-0.00832,0.0000
4.975,-0.9653,0.0000,0.0000,0.0000,2.0876,-0.00771,0.0000
4.985,-0.9833,0.0000,0.0000,0.0000,2.0164,-0.00719,0.0000
4.995,-0.9979,0.0000,0.0000,0.0000,1.9524,-0.00671,0.0000
5.005,-1.0143,0.0000,0.0000,0.0000,1.8941,-0.00631,0.0000
5.015,-1.0263,0.0000,0.0000,0.0000,1.8413,-0.00594,0.0000
5.025,-1.0398,0.0000,0.0000,0.0000,1.7928,-0.00563,0.0000
5.035,-1.0487,0.0000,0.0000,0.0000,1.7485,-0.00534,0.0000
5.045,-1.0591,0.0000,0.0000,0.0000,1.7075,-0.00509,0.0000
5.055,-1.0646,0.0000,0.0000,0.0000,1.6699,-0.00486,0.0000
5.065,-1.0723,0.0000,0.0000,0.0000,1.6347,-0.00466,0.0000
5.075,-1.0749,0.0000,0.0000,0.0000,1.6023,-0.00448,0.0000
5.085,-1.0802,0.0000,0.0000,0.0000,1.5718,-0.00432,0.0000
5.095,-1.0805,0.0000,0.0000,0.0000,1.5435,-0.00417,0.0000
5.105,-1.0842,0.0000,0.0000,0.0000,1.5166,-0.00404,0.0000
5.115,-1.0830,0.0000,0.0000,0.0000,1.4916,-0.00391,0.0000
5.125,-1.0855,0.0000,0.0000,0.0000,1.4677,-0.00381,0.0000
5.135,-1.0831,0.0000,0.0000,0.0000,1.4453,-0.00371,0.0000
5.145,-1.0852,0.0000,0.0000,0.0000,1.4238,-0.00362,0.0000
5.155,-1.0823,0.0000,0.0000,0.0000,1.4036,-0.00353,0.0000
5.165,-1.0840,0.0000,0.0000,0.0000,1.3841,-0.00346,0.0000
5.175,-1.0810,0.0000,0.0000,0.0000,1.3656,-0.00338,0.0000
5.185,-1.0830,0.0000,0.0000,0.0000,1.3478,-0.00333,0.0000
5.195,-1.0801,0.0000,0.0000,0.0000,1.3308,-0.00326,0.0000
5.205,-1.0823,0.0000,0.0000,0.0000,1.3143,-0.00321,0.0000
5.215,-1.0798,0.0000,0.0000,0.0000,1.2986,-0.00315,0.0000
5.225,-1.0823,0.0000,0.0000,0.0000,1.2833,-0.00311,0.0000
5.235,-1.0797,0.0000,0.0000,0.0000,1.2687,-0.00306,0.0000
5.245,-1.0824,0.0000,0.0000,0.0000,1.2543,-0.00302,0.0000
5.255,-1.0801,0.0000,0.0000,0.0000,1.2407,-0.00297,0.0000
5.265,-1.0833,0.0000,0.0000,0.0000,1.2272,-0.00294,0.0000
5.275,-1.0811,0.0000,0.0000,0.0000,1.2144,-0.00290,0.0000
5.285,-1.0843,0.0000,0.0000,0.0000,1.2016,-0.00287,0.0000
5.295,-1.0824,0.0000,0.0000,0.0000,1.1895,-0.00283,0.0000
5.305,-1.0859,0.0000,0.0000,0.0000,1.1775,-0.00280,0.0000
5.315,-1.0841,0.0000,0.0000,0.0000,1.1660,-0.00277,0.0000
5.325,-1.0879,0.0000,0.0000,0.0000,1.1545,-0.00274,0.0000
5.335,-1.0860,0.0000,0.0000,0.0000,1.1436,-0.00271,0.0000
5.345,-1.0898,0.0000,0.0000,0.0000,1.1327,-0.00269,0.0000
5.355,-1.0881,0.0000,0.0000,0.0000,1.1223,-0.00265,0.0000
5.365,-1.0920,0.0000,0.0000,0.0000,1.1119,-0.00263,0.0000
5.375,-1.0903,0.0000,0.0000,0.0000,1.1019,-0.00260,0.0000
5.385,-1.0942,0.0000,0.0000,0.0000,1.0920,-0.00258,0.0000
5.395,-1.0925,0.0000,0.0000,0.0000,1.0824,-0.00255,0.0000
5.405,-1.0965,0.0000,0.0000,0.0000,1.0729,-0.00254,0.0000
5.415,-1.0948,0.0000,0.0000,0.0000,1.0637,-0.00251,0.0000
5.425,-1.0988,0.0000,0.0000,0.0000,1.0546,-0.00249,0.0000
5.435,-1.0971,0.0000,0.0000,0.0000,1.0458,-0.00247,0.0000
5.445,-1.1012,0.0000,0.0000,0.0000,1.0370,-0.00245,0.0000
5.455,-1.0994,0.0000,0.0000,0.0000,1.0285,-0.00242,0.0000
5.465,-1.1036,0.0000,0.0000,0.0000,1.0200,-0.00241,0.0000
5.475,-1.1018,0.0000,0.0000,0.0000,1.0119,-0.00238,0.0000
5.485,-1.1059,0.0000,0.0000,0.0000,1.0037,-0.00237,0.0000
5.495,-1.1040,0.0000,0.0000,0.0000,0.9959,-0.00235,0.0000
5.505,-1.1081,0.0000,0.0000,0.0000,0.9880,-0.00233,0.0000
5.515,-1.1062,0.0000,0.0000,0.0000,0.9804,-0.00231,0.0000
5.525,-1.1103,0.0000,0.0000,0.0000,0.9727,-0.00230,0.0000
5.535,-1.1083,0.0000,0.0000,0.0000,0.9654,-0.00227,0.0000
5.545,-1.1123,0.0000,0.0000,0.0000,0.9581,-0.00226,0.0000
5.555,-1.1102,0.0000,0.0000,0.0000,0.9510,-0.00224,0.0000
5.565,-1.1142,0.0000,0.0000,0.0000,0.9438,-0.00223,0.0000
5.575,-1.1121,0.0000,0.0000,0.0000,0.9370,-0.00220,0.0000
5.585,-1.1163,0.0000,0.0000,0.0000,0.9301,-0.00219,0.0000
5.595,-1.1141,0.0000,0.0000,0.0000,0.9235,-0.00217,0.0000
5.605,-1.1181,0.0000,0.0000,0.0000,0.9167,-0.00216,0.0000
5.615,-1.1158,0.0000,0.0000,0.0000,0.9103,-0.00214,0.0000
5.625,-1.1198,0.0000,0.0000,0.0000,0.9038,-0.00213,0.0000
5.635,-1.1174,0.0000,0.0000,0.0000,0.8976,-0.00211,0.0000
5.645,-1.1214,0.0000,0.0000,0.0000,0.8913,-0.00210,0.0000
5.655,-1.1191,0.0000,0.0000,0.0000,0.8853,-0.00208,0.0000
5.665,-1.1232,0.0000,0.0000,0.0000,0.8791,-0.00207,0.0000
5.675,-1.1208,0.0000,0.0000,0.0000,0.8733,-0.00205,0.0000
5.685,-1.1246,0.0000,0.0000,0.0000,0.8673,-0.00204,0.0000
5.695,-1.1221,0.0000,0.0000,0.0000,0.8616,-0.00202,0.0000
5.705,-1.1260,0.0000,0.0000,0.0000,0.8559,-0.00201,0.0000
5.715,-1.1235,0.0000,0.0000,0.0000,0.8503,-0.00199,0.0000
5.725,-1.1274,0.0000,0.0000,0.0000,0.8447,-0.00198,0.0000
5.735,-1.1247,0.0000,0.0000,0.0000,0.8393,-0.00197,0.0000
5.745,-1.1286,0.0000,0.0000,0.0000,0.8339,-0.00196,0.0000
5.755,-1.1260,0.0000,0.0000,0.0000,0.8286,-0.00194,0.0000
5.765,-1.1299,0.0000,0.0000,0.0000,0.8233,-0.00193,0.0000
5.775,-1.1277,0.0000,0.0000,0.0000,0.8182,-0.00191,0.0000
5.785,-1.1317,0.0000,0.0000,0.0000,0.8130,-0.00191,0.0000
5.795,-1.1281,0.0000,0.0000,0.0000,0.8081,-0.00189,0.0000
5.805,-1.1316,0.0000,0.0000,0.0000,0.8030,-0.00188,0.0000
5.815,-1.1295,0.0000,0.0000,0.0000,0.7982,-0.00186,0.0000
5.825,-1.1336,0.0000,0.0000,0.0000,0.7933,-0.00186,0.0000
5.835,-1.1301,0.0000,0.0000,0.0000,0.7886,-0.00184,0.0000
5.845,-1.1337,0.0000,0.0000,0.0000,0.7838,-0.00183,0.0000
5.855,-1.1322,0.0000,0.0000,0.0000,0.7792,-0.00182,0.0000
5.865,-1.1363,0.0000,0.0000,0.0000,0.7745,-0.00181,0.0000
5.875,-1.1323,0.0000,0.0000,0.0000,0.7701,-0.00179,0.0000
5.885,-1.1355,0.0000,0.0000,0.0000,0.7655,-0.00179,0.0000
5.895,-1.1338,0.0000,0.0000,0.0000,0.7611,-0.00177,0.0000
5.905,-1.1378,0.0000,0.0000,0.0000,0.7567,-0.00177,0.0000
5.915,-1.1326,0.0000,0.0000,0.0000,0.7524,-0.00175,0.0000
5.925,-1.1354,0.0000,0.0000,0.0000,0.7481,-0.00174,0.0000
5.935,-1.1341,0.0000,0.0000,0.0000,0.7439,-0.00173,0.0000
5.945,-0.8213,0.0000,0.0000,0.0000,0.7508,-0.00128,0.0000
5.955,0.2825,0.0000,0.0000,0.0000,446.6460,0.00579,0.0000
5.965,-0.2719,0.0000,0.0000,0.0000,418.5493,-0.00085,0.0000
5.975,-0.4080,0.0000,0.0000,0.0000,434.2899,-0.00125,0.0000
5.985,-0.2632,0.0000,0.0000,0.0000,509.2162,-0.00104,0.0000
5.995,-0.1527,0.0000,0.0000,0.0000,663.0917,-0.00067,0.0000
6.005,-1.2568,0.0000,0.0000,0.0000,922.4448,-0.00218,0.0000
6.015,-0.6473,0.0000,0.0000,0.0000,1271.5666,-0.00968,0.0000
6.025,-0.5859,0.0000,0.0000,0.0000,1673.6444,-0.02563,0.0000
6.035,-0.5838,0.0000,0.0000,0.0000,2125.4014,-0.04913,0.0000
6.045,-0.5958,0.0000,0.0000,0.0000,2551.5370,-0.07686,0.0000
6.055,-0.6324,0.0000,0.0000,0.0000,2329.2611,-0.14303,0.0000
6.065,-0.7726,0.0000,0.0000,0.0000,3109.4416,-0.32409,0.0000
6.075,-0.6886,0.0000,0.0000,0.0000,4076.2657,-0.66002,0.0000
6.085,-0.7435,0.0000,0.0000,0.0000,4612.6043,-1.08614,0.0000
6.095,-0.9583,0.0000,0.0000,0.0000,4308.7346,-1.54729,0.0000
6.105,-0.9833,0.0000,0.0000,0.0000,3221.4805,-1.77792,0.0000
6.115,-0.7628,0.0000,0.0000,0.0000,2021.8266,-1.69034,0.0000
6.125,-0.6534,0.0000,0.0000,0.0000,1395.1511,-1.59151,0.0000
6.135,-0.6464,0.0000,0.0000,0.0000,1189.5608,-1.58458,0.0000
6.145,-0.6582,0.0000,0.0000,0.0000,1061.4733,-1.56075,0.0000
6.155,-0.6757,0.0000,0.0000,0.0000,895.1782,-1.36743,0.0000
6.165,-0.6317,0.0000,0.0000,0.0000,734.6204,-1.14114,0.0000
6.175,-0.5258,0.0000,0.0000,0.0000,666.5724,-1.05051,0.0000
6.185,-0.4595,0.0000,0.0000,0.0000,593.3112,-0.94418,0.0000
6.195,-0.4420,0.0000,0.0000,0.0000,431.6012,-0.69211,0.0000
6.205,-0.4561,0.0000,0.0000,0.0000,258.9532,-0.41854,0.0000
6.215,-0.4689,0.0000,0.0000,0.0000,165.1640,-0.26981,0.0000
6.225,-0.4610,0.0000,0.0000,0.0000,131.2137,-0.21710,0.0000
6.235,-0.4520,0.0000,0.0000,0.0000,110.2703,-0.18476,0.0000
6.245,-0.4485,0.0000,0.0000,0.0000,93.6951,-0.15884,0.0000
6.255,-0.4479,0.0000,0.0000,0.0000,79.2117,-0.13585,0.0000
6.265,-0.4511,0.0000,0.0000,0.0000,66.8394,-0.11604,0.0000
6.275,-0.4560,0.0000,0.0000,0.0000,56.1487,-0.09877,0.0000
6.285,-0.4635,0.0000,0.0000,0.0000,47.0943,-0.08401,0.0000
6.295,-0.4728,0.0000,0.0000,0.0000,39.4020,-0.07138,0.0000
6.305,-0.4846,0.0000,0.0000,0.0000,32.9546,-0.06072,0.0000
6.315,-0.4986,0.0000,0.0000,0.0000,27.5433,-0.05172,0.0000
6.325,-0.5156,0.0000,0.0000,0.0000,23.0422,-0.04418,0.0000
6.335,-0.5360,0.0000,0.0000,0.0000,19.2938,-0.03789,0.0000
6.345,-0.5600,0.0000,0.0000,0.0000,16.1900,-0.03262,0.0000
6.355,-0.5862,0.0000,0.0000,0.0000,13.6205,-0.02813,0.0000
6.365,-0.6167,0.0000,0.0000,0.0000,11.5031,-0.02439,0.0000
6.375,-0.6529,0.0000,0.0000,0.0000,9.7512,-0.02129,0.0000
6.385,-0.6954,0.0000,0.0000,0.0000,8.3073,-0.01872,0.0000
6.395,-0.7459,0.0000,0.0000,0.0000,7.1146,-0.01661,0.0000
6.405,-0.8029,0.0000,0.0000,0.0000,6.1316,-0.01482,0.0000
6.415,-0.8640,0.0000,0.0000,0.0000,5.3189,-0.01327,0.0000
6.425,-0.9345,0.0000,0.0000,0.0000,4.6486,-0.01199,0.0000
6.435,-1.0191,0.0000,0.0000,0.0000,4.0934,-0.01099,0.0000
6.445,-1.1072,0.0000,0.0000,0.0000,3.6341,-0.01010,0.0000
6.455,-1.1913,0.0000,0.0000,0.0000,3.2523,-0.00926,0.0000
6.465,-1.2776,0.0000,0.0000,0.0000,2.9358,-0.00855,0.0000
6.475,-1.3792,0.0000,0.0000,0.0000,2.6723,-0.00803,0.0000
6.485,-1.4843,0.0000,0.0000,0.0000,2.4511,-0.00761,0.0000
6.495,-1.5710,0.0000,0.0000,0.0000,2.2628,-0.00717,0.0000
6.505,-1.6484,0.0000,0.0000,0.0000,2.1064,-0.00679,0.0000
6.515,-1.7244,0.0000,0.0000,0.0000,1.9706,-0.00649,0.0000
6.525,-1.7818,0.0000,0.0000,0.0000,1.8589,-0.00619,0.0000
6.535,-1.8183,0.0000,0.0000,0.0000,1.7663,-0.00589,0.0000
6.545,-1.8526,0.0000,0.0000,0.0000,1.6861,-0.00564,0.0000
6.555,-1.8893,0.0000,0.0000,0.0000,1.6161,-0.00546,0.0000
6.565,-1.9120,0.0000,0.0000,0.0000,1.5553,-0.00528,0.0000
6.575,-1.9081,0.0000,0.0000,0.0000,1.5010,-0.00505,0.0000
6.585,-1.9204,0.0000,0.0000,0.0000,1.4541,-0.00490,0.0000
6.595,-1.9426,0.0000,0.0000,0.0000,1.4119,-0.00480,0.0000
6.605,-1.9229,0.0000,0.0000,0.0000,1.3756,-0.00461,0.0000
6.615,-1.9108,0.0000,0.0000,0.0000,1.3419,-0.00445,0.0000
6.625,-1.9181,0.0000,0.0000,0.0000,1.3120,-0.00436,0.0000
6.635,-1.9063,0.0000,0.0000,0.0000,1.2838,-0.00423,0.0000
6.645,-1.9199,0.0000,0.0000,0.0000,1.2586,-0.00417,0.0000
6.655,-1.9435,0.0000,0.0000,0.0000,1.2345,-0.00414,0.0000
6.665,-1.9086,0.0000,0.0000,0.0000,1.2134,-0.00399,0.0000
6.675,-1.8715,0.0000,0.0000,0.0000,1.1929,-0.00383,0.0000
6.685,-1.8647,0.0000,0.0000,0.0000,1.1745,-0.00375,0.0000
6.695,-1.8728,0.0000,0.0000,0.0000,1.1560,-0.00370,0.0000
6.705,-1.8902,0.0000,0.0000,0.0000,1.1396,-0.00368,0.0000
6.715,-1.8802,0.0000,0.0000,0.0000,1.1233,-0.00360,0.0000
6.725,-1.8530,0.0000,0.0000,0.0000,1.1082,-0.00349,0.0000
6.735,-1.8503,0.0000,0.0000,0.0000,1.0927,-0.00344,0.0000
6.745,-1.8521,0.0000,0.0000,0.0000,1.0794,-0.00339,0.0000
6.755,-1.8383,0.0000,0.0000,0.0000,1.0658,-0.00331,0.0000
6.765,-1.8227,0.0000,0.0000,0.0000,1.0530,-0.00324,0.0000
6.775,-1.8132,0.0000,0.0000,0.0000,1.0402,-0.00318,0.0000
6.785,-1.8099,0.0000,0.0000,0.0000,1.0289,-0.00313,0.0000
6.795,-1.8121,0.0000,0.0000,0.0000,1.0166,-0.00310,0.0000
6.805,-1.8015,0.0000,0.0000,0.0000,1.0054,-0.00304,0.0000
6.815,-1.7831,0.0000,0.0000,0.0000,0.9941,-0.00297,0.0000
6.825,-1.7750,0.0000,0.0000,0.0000,0.9842,-0.00292,0.0000
6.835,-1.7735,0.0000,0.0000,0.0000,0.9736,-0.00288,0.0000
6.845,-1.7638,0.0000,0.0000,0.0000,0.9637,-0.00284,0.0000
6.855,-1.7522,0.0000,0.0000,0.0000,0.9535,-0.00278,0.0000
6.865,-1.7484,0.0000,0.0000,0.0000,0.9448,-0.00275,0.0000
6.875,-1.7437,0.0000,0.0000,0.0000,0.9353,-0.00271,0.0000
6.885,-1.7313,0.0000,0.0000,0.0000,0.9264,-0.00266,0.0000
6.895,-1.7253,0.0000,0.0000,0.0000,0.9172,-0.00262,0.0000
6.905,-1.7245,0.0000,0.0000,0.0000,0.9093,-0.00259,0.0000
6.915,-1.7157,0.0000,0.0000,0.0000,0.9005,-0.00255,0.0000
6.925,-1.6982,0.0000,0.0000,0.0000,0.8924,-0.00250,0.0000
6.935,-1.6897,0.0000,0.0000,0.0000,0.8840,-0.00246,0.0000
6.945,-1.6507,0.0000,0.0000,0.0000,0.8210,-0.00235,0.0000
6.955,1.5974,0.0000,0.0000,0.0000,-54.4454,1.92210,0.0000
6.965,1.6358,0.0000,0.0000,0.0000,-68.9953,2.19338,0.0000
6.975,1.6081,0.0000,0.0000,0.0000,-67.2494,2.17852,0.0000
6.985,1.4808,0.0000,0.0000,0.0000,-47.8108,1.99256,0.0000
6.995,1.2060,0.0000,0.0000,0.0000,5.5447,1.51119,0.0000
7.005,0.6407,-1.4549,-1.8239,-1.9671,97.8798,0.73052,46.4751
7.015,-0.1447,0.0000,0.0000,0.0000,205.7711,-0.17340,0.0000
7.025,-0.5727,0.0000,0.0000,0.0000,300.4654,-0.83863,0.0000
7.035,-0.5928,0.0000,0.0000,0.0000,368.5883,-1.08201,0.0000
7.045,-0.4477,0.0000,0.0000,0.0000,407.6470,-0.92579,0.0000
7.055,-0.6128,0.0000,0.0000,0.0000,386.8198,-0.93427,0.0000
7.065,-0.4614,0.0000,0.0000,0.0000,361.3355,-0.67118,0.0000
7.075,-0.4191,0.0000,0.0000,0.0000,343.2683,-0.58035,0.0000
7.085,-0.4059,0.0000,0.0000,0.0000,337.8664,-0.55183,0.0000
7.095,-0.4956,-0.4179,-0.4179,0.0000,327.7160,-0.65091,2.3745
7.105,-0.6556,-1.5376,-1.5376,0.0000,309.0050,-0.85170,4.7890
7.115,-0.7441,0.0000,0.0000,0.0000,298.6851,-1.00556,0.0000
7.125,-0.7842,0.0000,0.0000,0.0000,294.8663,-1.08902,0.0000
7.135,-0.7930,-0.6196,-0.6196,-0.6196,293.3201,-1.11950,4.7666
7.145,-0.8326,-2.0520,-2.0520,-2.0520,278.6605,-1.14069,2.3966
7.155,-0.9593,0.0000,0.0000,0.0000,246.2838,-1.22625,0.0000
7.165,-1.0536,0.0000,0.0000,0.0000,220.7810,-1.31694,0.0000
7.175,-1.0604,0.0000,0.0000,0.0000,206.6056,-1.29665,0.0000
7.185,-1.0225,0.0000,0.0000,0.0000,190.2772,-1.17053,0.0000
7.195,-0.9461,0.0000,0.0000,0.0000,163.8082,-0.95255,0.0000
7.205,-0.8063,0.0000,0.0000,0.0000,132.8983,-0.67300,0.0000
7.215,-0.6492,0.0000,0.0000,0.0000,107.4564,-0.44898,0.0000
7.225,-0.5071,0.0000,0.0000,0.0000,88.6277,-0.30962,0.0000
7.235,-0.4225,0.0000,0.0000,0.0000,73.3701,-0.23650,0.0000
7.245,-0.4274,0.0000,0.0000,0.0000,57.0327,-0.19800,0.0000
7.255,-0.4645,0.0000,0.0000,0.0000,40.5976,-0.14947,0.0000
7.265,-0.5032,0.0000,0.0000,0.0000,28.6581,-0.10112,0.0000
7.275,-0.5123,0.0000,0.0000,0.0000,21.7920,-0.07352,0.0000
7.285,-0.4948,0.0000,0.0000,0.0000,17.9072,-0.05910,0.0000
7.295,-0.4792,0.0000,0.0000,0.0000,14.9617,-0.04880,0.0000
7.305,-0.4706,0.0000,0.0000,0.0000,12.5704,-0.04075,0.0000
7.315,-0.4685,0.0000,0.0000,0.0000,10.5628,-0.03423,0.0000
7.325,-0.4723,0.0000,0.0000,0.0000,8.8971,-0.02894,0.0000
7.335,-0.4815,0.0000,0.0000,0.0000,7.5048,-0.02461,0.0000
7.345,-0.4962,0.0000,0.0000,0.0000,6.3526,-0.02106,0.0000
7.355,-0.5167,0.0000,0.0000,0.0000,5.3960,-0.01814,0.0000
7.365,-0.5435,0.0000,0.0000,0.0000,4.6073,-0.01575,0.0000
7.375,-0.5774,0.0000,0.0000,0.0000,3.9556,-0.01378,0.0000
7.385,-0.6194,0.0000,0.0000,0.0000,3.4194,-0.01216,0.0000
7.395,-0.6708,0.0000,0.0000,0.0000,2.9775,-0.01082,0.0000
7.405,-0.7329,0.0000,0.0000,0.0000,2.6140,-0.00971,0.0000
7.415,-0.8073,0.0000,0.0000,0.0000,2.3147,-0.00880,0.0000
7.425,-0.8952,0.0000,0.0000,0.0000,2.0681,-0.00803,0.0000
7.435,-0.9979,0.0000,0.0000,0.0000,1.8649,-0.00740,0.0000
7.445,-1.1160,0.0000,0.0000,0.0000,1.6969,-0.00687,0.0000
7.455,-1.2489,0.0000,0.0000,0.0000,1.5581,-0.00642,0.0000
7.465,-1.3943,0.0000,0.0000,0.0000,1.4429,-0.00604,0.0000
7.475,-1.5481,0.0000,0.0000,0.0000,1.3471,-0.00571,0.0000
7.485,-1.7035,0.0000,0.0000,0.0000,1.2671,-0.00544,0.0000
7.495,-1.8528,0.0000,0.0000,0.0000,1.2003,-0.00520,0.0000
7.505,-1.9880,0.0000,0.0000,0.0000,1.1439,-0.00499,0.0000
7.515,-2.1030,0.0000,0.0000,0.0000,1.0963,-0.00481,0.0000
7.525,-2.1947,0.0000,0.0000,0.0000,1.0558,-0.00465,0.0000
7.535,-2.2633,0.0000,0.0000,0.0000,1.0213,-0.00450,0.0000
7.545,-2.3117,0.0000,0.0000,0.0000,0.9915,-0.00438,0.0000
7.555,-2.3420,0.0000,0.0000,0.0000,0.9657,-0.00426,0.0000
7.565,-2.3619,0.0000,0.0000,0.0000,0.9431,-0.00416,0.0000
7.575,-2.3760,0.0000,0.0000,0.0000,0.9235,-0.00407,0.0000
7.585,-2.3812,0.0000,0.0000,0.0000,0.9059,-0.00398,0.0000
7.595,-2.3807,0.0000,0.0000,0.0000,0.8901,-0.00390,0.0000
7.605,-2.3782,0.0000,0.0000,0.0000,0.8759,-0.00382,0.0000
7.615,-2.3732,0.0000,0.0000,0.0000,0.8632,-0.00375,0.0000
7.625,-2.3687,0.0000,0.0000,0.0000,0.8514,-0.00368,0.0000
7.635,-2.3668,0.0000,0.0000,0.0000,0.8405,-0.00362,0.0000
7.645,-2.3623,0.0000,0.0000,0.0000,0.8304,-0.00356,0.0000
7.655,-2.3532,0.0000,0.0000,0.0000,0.8211,-0.00350,0.0000
7.665,-2.3481,0.0000,0.0000,0.0000,0.8122,-0.00345,0.0000
7.675,-2.3489,0.0000,0.0000,0.0000,0.8038,-0.00340,0.0000
7.685,-2.3458,0.0000,0.0000,0.0000,0.7959,-0.00335,0.0000
7.695,-2.3349,0.0000,0.0000,0.0000,0.7885,-0.00329,0.0000
7.705,-2.3311,0.0000,0.0000,0.0000,0.7812,-0.00325,0.0000
7.715,-2.3371,0.0000,0.0000,0.0000,0.7742,-0.00322,0.0000
7.725,-2.3362,0.0000,0.0000,0.0000,0.7675,-0.00318,0.0000
7.735,-2.3300,0.0000,0.0000,0.0000,0.7611,-0.00313,0.0000
7.745,-2.3257,0.0000,0.0000,0.0000,0.7549,-0.00309,0.0000
7.755,-2.3214,0.0000,0.0000,0.0000,0.7489,-0.00305,0.0000
7.765,-2.3183,0.0000,0.0000,0.0000,0.7429,-0.00301,0.0000
7.775,-2.3181,0.0000,0.0000,0.0000,0.7372,-0.00298,0.0000
7.785,-2.3153,0.0000,0.0000,0.0000,0.7316,-0.00294,0.0000
7.795,-2.3083,0.0000,0.0000,0.0000,0.7262,-0.00290,0.0000
