traces,-0.195,-0.185,-0.175,-0.165,-0.155,-0.145,-0.135,-0.125,-0.115,-0.105,-0.095,-0.085,-0.075,-0.065,-0.055,-0.045,-0.035,-0.025,-0.015,-0.005,0.005,0.015,0.025,0.035,0.045,0.055,0.065,0.075,0.085,0.095,0.105,0.115,0.125,0.135,0.145,0.155,0.165,0.175,0.185,0.195,0.205,0.215,0.225,0.235,0.245,0.255,0.265,0.275,0.285,0.295,0.305,0.315,0.325,0.335,0.345,0.355,0.365,0.375,0.385,0.395,0.405,0.415,0.425,0.435,0.445,0.455,0.465,0.475,0.485,0.495,0.505,0.515,0.525,0.535,0.545,0.555,0.565,0.575,0.585,0.595,0.605,0.615,0.625,0.635,0.645,0.655,0.665,0.675,0.685,0.695,0.705,0.715,0.725,0.735,0.745,0.755,0.765,0.775,0.785,0.795,0.805,0.815,0.825,0.835,0.845,0.855,0.865,0.875,0.885,0.895,0.905,0.915,0.925,0.935,0.945,0.955,0.965,0.975,0.985,0.995,1.005,1.015,1.025,1.035,1.045,1.055,1.065,1.075,1.085,1.095,1.105,1.115,1.125,1.135,1.145,1.155,1.165,1.175,1.185,1.195,1.205,1.215,1.225,1.235,1.245,1.255,1.265,1.275,1.285,1.295,1.305,1.315,1.325,1.335,1.345,1.355,1.365,1.375,1.385,1.395,1.405,1.415,1.425,1.435,1.445,1.455,1.465,1.475,1.485,1.495,1.505,1.515,1.525,1.535,1.545,1.555,1.565,1.575,1.585,1.595,1.605,1.615,1.625,1.635,1.645,1.655,1.665,1.675,1.685,1.695,1.705,1.715,1.725,1.735,1.745,1.755,1.765,1.775,1.785,1.795,1.805,1.815,1.825,1.835,1.845,1.855,1.865,1.875,1.885,1.895,1.905,1.915,1.925,1.935,1.945,1.955,1.965,1.975,1.985,1.995,2.005,2.015,2.025,2.035,2.045,2.055,2.065,2.075,2.085,2.095,2.105,2.115,2.125,2.135,2.145,2.155,2.165,2.175,2.185,2.195,2.205,2.215,2.225,2.235,2.245,2.255,2.265,2.275,2.285,2.295,2.305,2.315,2.325,2.335,2.345,2.355,2.365,2.375,2.385,2.395,2.405,2.415,2.425,2.435,2.445,2.455,2.465,2.475,2.485,2.495,2.505,2.515,2.525,2.535,2.545,2.555,2.565,2.575,2.585,2.595,2.605,2.615,2.625,2.635,2.645,2.655,2.665,2.675,2.685,2.695,2.705,2.715,2.725,2.735,2.745,2.755,2.765,2.775,2.785,2.795,2.805,2.815,2.825,2.835,2.845,2.855,2.865,2.875,2.885,2.895,2.905,2.915,2.925,2.935,2.945,2.955,2.965,2.975,2.985,2.995,3.005,3.015,3.025,3.035,3.045,3.055,3.065,3.075,3.085,3.095,3.105,3.115,3.125,3.135,3.145,3.155,3.165,3.175,3.185,3.195,3.205,3.215,3.225,3.235,3.245,3.255,3.265,3.275,3.285,3.295,3.305,3.315,3.325,3.335,3.345,3.355,3.365,3.375,3.385,3.395,3.405,3.415,3.425,3.435,3.445,3.455,3.465,3.475,3.485,3.495,3.505,3.515,3.525,3.535,3.545,3.555,3.565,3.575,3.585,3.595,3.605,3.615,3.625,3.635,3.645,3.655,3.665,3.675,3.685,3.695,3.705,3.715,3.725,3.735,3.745,3.755,3.765,3.775,3.785,3.795
20,-0.50,-0.50,-0.49,-0.48,-0.48,-0.47,-0.46,-0.46,-0.45,-0.45,-0.44,-0.44,-0.43,-0.43,-0.56,-0.47,-1.12,-1.14,-1.15,-1.22,0.88,0.98,1.03,1.09,0.61,-0.83,-0.46,-0.42,-0.50,-0.56,-0.61,-0.71,-0.87,-1.03,-1.18,-1.47,-1.74,-1.88,-2.06,-2.52,-3.32,-4.35,-5.19,-5.45,-5.04,-4.22,-3.34,-2.69,-2.52,-2.85,-3.36,-3.71,-3.94,-4.09,-4.07,-3.86,-3.44,-3.06,-2.95,-3.09,-3.39,-3.68,-3.74,-3.73,-3.83,-3.81,-3.43,-2.89,-2.46,-2.14,-1.90,-1.78,-1.69,-1.63,-1.58,-1.35,-0.94,-0.47,-0.15,-0.07,-0.12,-0.17,-0.13,-0.05,0.03,0.17,0.38,0.58,0.69,0.75,0.79,0.78,0.70,0.59,0.49,0.44,0.41,0.36,0.22,0.00,-0.19,-0.27,-0.33,-0.42,-0.54,-0.65,-0.72,-0.74,-0.73,-0.72,-0.72,-0.71,-0.70,-0.69,-0.67,-0.64,-0.62,-0.59,-0.56,-0.53,-0.50,-0.47,-0.44,-0.42,-0.40,-0.38,-0.37,-0.37,-0.37,-0.37,-0.38,-0.40,-0.41,-0.43,-0.45,-0.48,-0.50,-0.53,-0.56,-0.59,-0.61,-0.64,-0.67,-0.69,-0.72,-0.74,-0.76,-0.79,-0.80,-0.82,-0.84,-0.85,-0.86,-0.88,-0.89,-0.90,-0.91,-0.92,-0.93,-0.94,-0.95,-0.95,-0.96,-0.96,-0.97,-0.97,-0.97,-0.98,-0.98,-0.98,-0.98,-0.99,-0.99,-0.99,-0.99,-0.99,-0.99,-0.99,-0.99,-0.99,-0.99,-0.99,-0.99,-0.99,-0.99,-0.99,-0.99,-0.99,-0.99,-0.99,-0.99,-0.99,-0.99,-0.99,-0.99,-0.99,-0.98,-0.98,-0.98,-0.98,-0.98,-0.98,-0.98,-0.98,-0.98,-0.98,-0.97,-0.97,-0.97,-0.97,-0.97,-0.97,-0.97,-0.97,-1.04,0.60,-0.37,-0.40,-0.24,-0.13,-1.04,-1.65,-1.54,-1.61,-1.72,-2.29,-2.34,-1.92,-1.85,-1.93,-2.05,-2.13,-2.15,-2.14,-2.11,-2.00,-1.69,-1.36,-1.17,-1.11,-1.10,-1.08,-1.05,-1.02,-1.01,-1.00,-1.00,-1.00,-1.01,-1.01,-1.02,-1.02,-1.03,-1.04,-1.06,-1.07,-1.09,-1.10,-1.12,-1.14,-1.17,-1.19,-1.21,-1.24,-1.26,-1.29,-1.31,-1.32,-1.34,-1.35,-1.36,-1.36,-1.37,-1.37,-1.37,-1.36,-1.36,-1.35,-1.35,-1.34,-1.33,-1.33,-1.32,-1.32,-1.31,-1.31,-1.30,-1.30,-1.29,-1.29,-1.28,-1.28,-1.28,-1.27,-1.27,-1.26,-1.26,-1.25,-1.25,-1.25,-1.24,-1.24,-1.23,-1.23,-1.22,-1.22,-1.22,-1.22,-1.21,-1.21,-1.20,-1.20,-1.19,-1.19,-1.13,1.31,1.43,1.42,1.22,0.14,-1.74,-2.07,-2.10,-2.10,-2.08,-2.21,-2.21,-2.21,-2.20,-2.16,-1.95,-1.56,-1.21,-1.00,-0.92,-0.89,-0.89,-0.88,-0.87,-0.86,-0.86,-0.85,-0.86,-0.86,-0.86,-0.87,-0.88,-0.88,-0.90,-0.91,-0.92,-0.94,-0.96,-0.99,-1.02,-1.06,-1.11,-1.16,-1.22,-1.29,-1.37,-1.45,-1.55,-1.64,-1.74,-1.83,-1.92,-1.98,-2.04,-2.07,-2.10,-2.11,-2.11,-2.11,-2.10,-2.07,-2.06,-2.10,-2.09,-2.03,-2.00,-2.04,-2.03,-1.98,-1.96,-1.99,-1.99,-1.94,-1.93,-1.96,-1.96,-1.92,-1.90,-1.91,-1.91,-1.90,-1.90,-1.89,-1.89,-1.88
24,-0.31,-0.31,-0.30,-0.29,-0.29,-0.28,-0.27,-0.27,-0.26,-0.26,-0.25,-0.24,-0.24,-0.23,-0.36,-0.53,-1.22,-1.25,-1.26,-1.33,0.97,1.07,1.10,1.15,0.71,-0.74,-0.32,-0.25,-0.32,-0.39,-0.45,-0.56,-0.74,-0.91,-1.07,-1.36,-1.59,-1.67,-1.78,-2.21,-3.09,-4.29,-5.33,-5.73,-5.44,-4.69,-3.78,-3.05,-2.81,-3.07,-3.50,-3.79,-4.01,-4.08,-3.99,-3.76,-3.37,-3.01,-2.91,-3.04,-3.28,-3.46,-3.48,-3.54,-3.77,-3.79,-3.31,-2.69,-2.25,-1.91,-1.67,-1.60,-1.60,-1.67,-1.68,-1.39,-0.88,-0.38,-0.08,0.00,-0.03,-0.08,-0.10,-0.10,-0.04,0.13,0.36,0.58,0.71,0.78,0.84,0.88,0.84,0.69,0.53,0.43,0.36,0.28,0.17,-0.01,-0.19,-0.27,-0.32,-0.40,-0.51,-0.62,-0.69,-0.70,-0.67,-0.65,-0.65,-0.63,-0.62,-0.59,-0.56,-0.53,-0.50,-0.46,-0.42,-0.38,-0.35,-0.31,-0.29,-0.26,-0.24,-0.22,-0.22,-0.21,-0.21,-0.22,-0.23,-0.25,-0.27,-0.30,-0.32,-0.35,-0.39,-0.42,-0.45,-0.48,-0.52,-0.55,-0.58,-0.61,-0.64,-0.67,-0.69,-0.71,-0.74,-0.76,-0.77,-0.79,-0.80,-0.82,-0.83,-0.85,-0.86,-0.87,-0.88,-0.88,-0.89,-0.90,-0.90,-0.91,-0.91,-0.92,-0.92,-0.92,-0.93,-0.93,-0.93,-0.93,-0.93,-0.94,-0.94,-0.94,-0.94,-0.94,-0.94,-0.94,-0.94,-0.94,-0.94,-0.94,-0.94,-0.94,-0.94,-0.94,-0.94,-0.94,-0.94,-0.94,-0.94,-0.94,-0.93,-0.93,-0.93,-0.93,-0.93,-0.93,-0.93,-0.93,-0.93,-0.93,-0.92,-0.92,-0.92,-0.92,-0.92,-0.92,-0.92,-0.92,-0.91,-0.91,-0.98,0.04,0.03,-0.01,0.23,0.37,-0.96,-2.09,-2.02,-2.11,-2.24,-2.90,-2.68,-1.99,-1.90,-2.06,-2.35,-2.56,-2.62,-2.60,-2.50,-2.23,-1.66,-1.14,-0.88,-0.78,-0.78,-0.75,-0.70,-0.66,-0.65,-0.64,-0.64,-0.64,-0.64,-0.65,-0.66,-0.67,-0.68,-0.69,-0.71,-0.73,-0.75,-0.78,-0.80,-0.83,-0.87,-0.91,-0.95,-0.99,-1.03,-1.07,-1.12,-1.16,-1.20,-1.24,-1.27,-1.29,-1.31,-1.33,-1.35,-1.36,-1.36,-1.37,-1.37,-1.37,-1.37,-1.37,-1.37,-1.37,-1.37,-1.36,-1.36,-1.35,-1.35,-1.35,-1.34,-1.34,-1.33,-1.33,-1.32,-1.32,-1.32,-1.31,-1.31,-1.30,-1.30,-1.29,-1.29,-1.28,-1.28,-1.27,-1.27,-1.27,-1.26,-1.26,-1.25,-1.25,-1.24,-1.24,-1.16,1.13,1.25,1.24,1.02,-0.07,-1.91,-2.17,-2.19,-2.19,-2.18,-2.22,-2.21,-2.22,-2.23,-2.22,-2.09,-1.75,-1.41,-1.20,-1.13,-1.10,-1.09,-1.08,-1.08,-1.06,-1.06,-1.06,-1.06,-1.06,-1.07,-1.07,-1.08,-1.09,-1.10,-1.11,-1.13,-1.15,-1.17,-1.20,-1.23,-1.27,-1.32,-1.37,-1.44,-1.51,-1.59,-1.68,-1.77,-1.87,-1.97,-2.06,-2.13,-2.19,-2.23,-2.26,-2.26,-2.26,-2.25,-2.23,-2.21,-2.18,-2.16,-2.18,-2.16,-2.10,-2.07,-2.10,-2.09,-2.04,-2.02,-2.04,-2.04,-1.99,-1.98,-2.00,-2.00,-1.97,-1.95,-1.96,-1.95,-1.95,-1.94,-1.94,-1.93,-1.92
29,-0.22,-0.22,-0.21,-0.20,-0.20,-0.19,-0.19,-0.18,-0.18,-0.17,-0.17,-0.17,-0.16,-0.16,-0.29,0.03,-0.56,-0.57,-0.58,-0.60,0.48,0.50,0.50,0.51,0.29,-0.43,-0.21,-0.18,-0.20,-0.23,-0.26,-0.32,-0.42,-0.51,-0.64,-0.85,-0.97,-1.00,-1.12,-1.53,-2.34,-3.48,-4.45,-4.79,-4.44,-3.68,-2.84,-2.20,-2.04,-2.41,-2.95,-3.30,-3.56,-3.71,-3.64,-3.38,-2.99,-2.72,-2.74,-2.94,-3.16,-3.30,-3.27,-3.29,-3.54,-3.59,-3.12,-2.47,-1.99,-1.62,-1.34,-1.23,-1.20,-1.22,-1.19,-0.91,-0.41,0.07,0.33,0.36,0.28,0.21,0.20,0.23,0.32,0.49,0.72,0.90,1.00,1.10,1.23,1.31,1.26,1.13,1.02,0.96,0.89,0.78,0.63,0.42,0.22,0.12,0.06,-0.05,-0.19,-0.35,-0.46,-0.48,-0.42,-0.39,-0.38,-0.35,-0.32,-0.28,-0.22,-0.17,-0.11,-0.04,0.02,0.08,0.14,0.19,0.23,0.27,0.30,0.33,0.35,0.36,0.36,0.35,0.34,0.33,0.30,0.28,0.25,0.22,0.18,0.15,0.11,0.08,0.04,0.00,-0.03,-0.07,-0.10,-0.13,-0.16,-0.19,-0.22,-0.24,-0.27,-0.29,-0.31,-0.33,-0.34,-0.36,-0.38,-0.39,-0.40,-0.41,-0.42,-0.43,-0.44,-0.45,-0.46,-0.46,-0.47,-0.47,-0.48,-0.48,-0.49,-0.49,-0.49,-0.50,-0.50,-0.50,-0.50,-0.50,-0.51,-0.51,-0.51,-0.51,-0.51,-0.51,-0.51,-0.51,-0.51,-0.52,-0.52,-0.52,-0.52,-0.52,-0.52,-0.52,-0.52,-0.52,-0.52,-0.52,-0.52,-0.52,-0.52,-0.52,-0.51,-0.51,-0.51,-0.51,-0.51,-0.51,-0.51,-0.51,-0.51,-0.51,-0.51,-0.51,-0.54,-0.10,0.61,0.55,0.81,0.97,-0.51,-2.66,-2.67,-2.73,-2.79,-3.17,-2.10,-1.42,-1.34,-1.55,-1.91,-2.21,-2.30,-2.25,-2.09,-1.72,-1.11,-0.59,-0.33,-0.24,-0.22,-0.19,-0.14,-0.10,-0.09,-0.07,-0.07,-0.07,-0.08,-0.08,-0.09,-0.10,-0.11,-0.13,-0.14,-0.16,-0.18,-0.21,-0.24,-0.27,-0.30,-0.34,-0.38,-0.43,-0.47,-0.52,-0.57,-0.62,-0.67,-0.72,-0.76,-0.80,-0.83,-0.86,-0.89,-0.91,-0.93,-0.95,-0.96,-0.97,-0.98,-0.99,-0.99,-0.99,-1.00,-1.00,-1.00,-1.00,-1.00,-0.99,-0.99,-0.99,-0.99,-0.99,-0.98,-0.98,-0.98,-0.97,-0.97,-0.97,-0.96,-0.96,-0.96,-0.95,-0.95,-0.95,-0.94,-0.94,-0.94,-0.93,-0.93,-0.92,-0.92,-0.92,-0.84,1.30,1.45,1.44,1.19,-0.07,-2.09,-2.41,-2.45,-2.44,-2.43,-2.52,-2.52,-2.52,-2.52,-2.50,-2.30,-1.91,-1.54,-1.31,-1.23,-1.20,-1.19,-1.18,-1.17,-1.16,-1.16,-1.15,-1.16,-1.16,-1.16,-1.17,-1.17,-1.18,-1.19,-1.21,-1.22,-1.24,-1.26,-1.29,-1.32,-1.36,-1.41,-1.46,-1.52,-1.59,-1.66,-1.75,-1.84,-1.93,-2.01,-2.09,-2.15,-2.19,-2.21,-2.21,-2.20,-2.18,-2.15,-2.12,-2.09,-2.05,-2.02,-2.03,-2.01,-1.94,-1.91,-1.93,-1.92,-1.86,-1.84,-1.87,-1.87,-1.82,-1.80,-1.83,-1.83,-1.78,-1.77,-1.77,-1.77,-1.76,-1.76,-1.75,-1.75,-1.74
36,-0.86,-0.85,-0.84,-0.84,-0.83,-0.83,-0.82,-0.81,-0.81,-0.80,-0.80,-0.79,-0.79,-0.79,-0.91,-0.38,-1.06,-1.07,-1.07,-1.06,0.96,0.97,1.01,1.06,0.50,-1.03,-0.72,-0.71,-0.78,-0.83,-0.87,-0.96,-1.10,-1.23,-1.37,-1.60,-1.77,-1.82,-1.93,-2.35,-3.21,-4.42,-5.46,-5.77,-5.33,-4.48,-3.56,-2.83,-2.60,-2.98,-3.56,-3.93,-4.16,-4.26,-4.14,-3.88,-3.49,-3.21,-3.25,-3.48,-3.70,-3.81,-3.79,-3.83,-4.04,-4.02,-3.53,-2.89,-2.41,-2.00,-1.67,-1.51,-1.44,-1.41,-1.35,-1.04,-0.53,-0.04,0.19,0.17,0.01,-0.08,-0.06,0.01,0.13,0.34,0.62,0.85,0.95,1.01,1.13,1.23,1.21,1.10,0.99,0.94,0.88,0.79,0.65,0.45,0.26,0.17,0.11,0.01,-0.14,-0.31,-0.42,-0.43,-0.37,-0.33,-0.32,-0.29,-0.25,-0.20,-0.14,-0.08,-0.02,0.05,0.11,0.17,0.22,0.27,0.31,0.34,0.36,0.37,0.37,0.37,0.35,0.33,0.30,0.26,0.22,0.17,0.12,0.06,0.01,-0.05,-0.11,-0.17,-0.22,-0.28,-0.33,-0.39,-0.44,-0.48,-0.53,-0.57,-0.61,-0.65,-0.68,-0.71,-0.74,-0.77,-0.79,-0.82,-0.84,-0.86,-0.88,-0.89,-0.91,-0.92,-0.94,-0.95,-0.96,-0.97,-0.98,-0.99,-1.00,-1.00,-1.01,-1.02,-1.02,-1.03,-1.03,-1.04,-1.04,-1.04,-1.05,-1.05,-1.05,-1.06,-1.06,-1.06,-1.06,-1.07,-1.07,-1.07,-1.07,-1.07,-1.07,-1.08,-1.08,-1.08,-1.08,-1.08,-1.08,-1.08,-1.08,-1.09,-1.09,-1.09,-1.09,-1.09,-1.09,-1.09,-1.09,-1.09,-1.09,-1.09,-1.09,-1.09,-1.09,-1.09,-1.15,-0.06,0.18,0.06,0.37,0.59,-1.15,-3.05,-3.04,-3.10,-3.17,-3.64,-2.95,-2.20,-2.12,-2.32,-2.63,-2.86,-2.93,-2.89,-2.76,-2.44,-1.82,-1.26,-0.96,-0.85,-0.84,-0.81,-0.75,-0.71,-0.69,-0.68,-0.68,-0.68,-0.69,-0.69,-0.71,-0.72,-0.74,-0.75,-0.78,-0.80,-0.83,-0.86,-0.90,-0.94,-0.98,-1.03,-1.08,-1.14,-1.19,-1.25,-1.30,-1.35,-1.40,-1.45,-1.48,-1.51,-1.54,-1.57,-1.59,-1.61,-1.62,-1.63,-1.64,-1.65,-1.65,-1.65,-1.65,-1.65,-1.65,-1.65,-1.65,-1.65,-1.64,-1.64,-1.64,-1.63,-1.63,-1.63,-1.62,-1.62,-1.62,-1.61,-1.61,-1.61,-1.60,-1.60,-1.59,-1.59,-1.58,-1.58,-1.58,-1.58,-1.57,-1.57,-1.56,-1.56,-1.56,-1.55,-1.47,0.92,1.11,1.09,0.76,-0.81,-2.89,-3.01,-3.01,-3.01,-3.01,-2.86,-2.82,-2.84,-2.88,-2.96,-2.99,-2.76,-2.44,-2.21,-2.13,-2.10,-2.09,-2.09,-2.08,-2.06,-2.06,-2.06,-2.06,-2.06,-2.07,-2.08,-2.09,-2.10,-2.11,-2.13,-2.15,-2.18,-2.21,-2.24,-2.28,-2.33,-2.39,-2.46,-2.53,-2.62,-2.71,-2.80,-2.89,-2.98,-3.06,-3.11,-3.14,-3.15,-3.13,-3.10,-3.06,-3.00,-2.95,-2.89,-2.84,-2.78,-2.74,-2.74,-2.71,-2.64,-2.60,-2.61,-2.60,-2.54,-2.52,-2.55,-2.54,-2.49,-2.47,-2.50,-2.49,-2.45,-2.44,-2.44,-2.44,-2.43,-2.43,-2.42,-2.41,-2.41
43,-0.91,-0.90,-0.89,-0.89,-0.88,-0.87,-0.87,-0.86,-0.85,-0.85,-0.84,-0.84,-0.83,-0.83,-0.99,0.01,-0.78,-0.79,-0.80,-0.84,0.55,0.61,0.66,0.73,0.05,-1.52,-1.20,-1.15,-1.20,-1.25,-1.30,-1.38,-1.51,-1.63,-1.78,-2.03,-2.18,-2.22,-2.36,-2.85,-3.82,-5.17,-6.26,-6.52,-6.03,-5.17,-4.20,-3.38,-3.08,-3.40,-3.93,-4.27,-4.50,-4.57,-4.43,-4.16,-3.80,-3.53,-3.61,-3.92,-4.23,-4.46,-4.51,-4.55,-4.71,-4.65,-4.10,-3.42,-2.92,-2.53,-2.22,-2.11,-2.09,-2.11,-2.07,-1.76,-1.16,-0.51,-0.15,-0.11,-0.24,-0.35,-0.36,-0.33,-0.23,-0.01,0.32,0.64,0.81,0.90,1.01,1.07,0.97,0.74,0.55,0.48,0.46,0.40,0.26,0.07,-0.09,-0.12,-0.13,-0.20,-0.31,-0.43,-0.51,-0.51,-0.45,-0.40,-0.38,-0.34,-0.29,-0.24,-0.18,-0.11,-0.05,0.02,0.09,0.15,0.20,0.25,0.29,0.32,0.34,0.35,0.35,0.34,0.32,0.29,0.26,0.21,0.17,0.11,0.06,-0.00,-0.07,-0.13,-0.19,-0.26,-0.32,-0.38,-0.44,-0.50,-0.56,-0.61,-0.66,-0.70,-0.75,-0.79,-0.83,-0.86,-0.89,-0.92,-0.95,-0.98,-1.00,-1.02,-1.04,-1.06,-1.07,-1.09,-1.10,-1.12,-1.13,-1.14,-1.15,-1.16,-1.17,-1.18,-1.18,-1.19,-1.19,-1.20,-1.21,-1.21,-1.21,-1.22,-1.22,-1.23,-1.23,-1.23,-1.23,-1.24,-1.24,-1.24,-1.24,-1.24,-1.25,-1.25,-1.25,-1.25,-1.25,-1.25,-1.25,-1.25,-1.25,-1.26,-1.26,-1.26,-1.26,-1.26,-1.26,-1.26,-1.26,-1.26,-1.26,-1.26,-1.26,-1.26,-1.26,-1.26,-1.26,-1.26,-1.34,0.44,0.21,0.13,0.50,0.73,-1.31,-3.45,-3.39,-3.48,-3.60,-4.28,-3.48,-2.52,-2.41,-2.73,-3.21,-3.55,-3.65,-3.59,-3.40,-2.93,-2.06,-1.30,-0.92,-0.78,-0.77,-0.73,-0.66,-0.60,-0.58,-0.57,-0.57,-0.57,-0.58,-0.59,-0.60,-0.62,-0.64,-0.67,-0.70,-0.73,-0.77,-0.82,-0.87,-0.92,-0.99,-1.05,-1.13,-1.21,-1.29,-1.37,-1.45,-1.53,-1.61,-1.68,-1.75,-1.81,-1.86,-1.90,-1.94,-1.97,-2.00,-2.02,-2.03,-2.05,-2.06,-2.06,-2.07,-2.07,-2.07,-2.06,-2.06,-2.06,-2.06,-2.05,-2.05,-2.04,-2.04,-2.03,-2.03,-2.02,-2.02,-2.01,-2.01,-2.00,-2.00,-1.99,-1.98,-1.98,-1.97,-1.97,-1.96,-1.96,-1.95,-1.94,-1.94,-1.93,-1.93,-1.92,-1.83,1.37,1.61,1.59,1.18,-0.79,-3.63,-3.91,-3.92,-3.92,-3.92,-3.81,-3.77,-3.79,-3.83,-3.91,-3.84,-3.41,-2.94,-2.62,-2.51,-2.46,-2.46,-2.44,-2.43,-2.41,-2.41,-2.41,-2.41,-2.41,-2.42,-2.43,-2.44,-2.46,-2.48,-2.50,-2.52,-2.56,-2.59,-2.64,-2.69,-2.76,-2.83,-2.91,-3.01,-3.12,-3.24,-3.37,-3.50,-3.63,-3.74,-3.84,-3.90,-3.93,-3.93,-3.91,-3.86,-3.81,-3.74,-3.68,-3.62,-3.55,-3.50,-3.48,-3.44,-3.37,-3.33,-3.33,-3.31,-3.25,-3.22,-3.23,-3.22,-3.18,-3.16,-3.17,-3.16,-3.13,-3.11,-3.11,-3.10,-3.10,-3.09,-3.08,-3.07,-3.06
52,-1.49,-1.49,-1.48,-1.48,-1.47,-1.47,-1.46,-1.46,-1.45,-1.45,-1.44,-1.44,-1.44,-1.43,-1.59,0.25,-0.68,-0.70,-0.71,-0.79,0.26,0.39,0.49,0.63,-0.42,-2.12,-1.84,-1.80,-1.84,-1.89,-1.93,-1.99,-2.11,-2.21,-2.35,-2.61,-2.80,-2.88,-3.06,-3.55,-4.47,-5.69,-6.62,-6.76,-6.18,-5.21,-4.18,-3.33,-3.00,-3.30,-3.78,-4.08,-4.29,-4.42,-4.36,-4.17,-3.90,-3.70,-3.80,-4.09,-4.37,-4.56,-4.63,-4.75,-5.01,-4.99,-4.45,-3.74,-3.22,-2.79,-2.42,-2.25,-2.19,-2.15,-2.08,-1.77,-1.17,-0.53,-0.15,-0.09,-0.21,-0.32,-0.38,-0.40,-0.33,-0.12,0.24,0.59,0.79,0.89,0.99,1.04,0.99,0.80,0.61,0.50,0.44,0.35,0.25,0.10,-0.02,-0.04,-0.05,-0.11,-0.21,-0.34,-0.43,-0.42,-0.35,-0.29,-0.26,-0.22,-0.16,-0.10,-0.03,0.04,0.11,0.18,0.25,0.30,0.36,0.40,0.43,0.45,0.45,0.45,0.44,0.41,0.37,0.33,0.28,0.22,0.15,0.08,0.01,-0.07,-0.15,-0.23,-0.30,-0.38,-0.45,-0.53,-0.60,-0.67,-0.73,-0.79,-0.85,-0.90,-0.95,-1.00,-1.04,-1.08,-1.11,-1.15,-1.18,-1.21,-1.23,-1.26,-1.28,-1.30,-1.32,-1.33,-1.35,-1.37,-1.38,-1.39,-1.40,-1.41,-1.42,-1.43,-1.44,-1.44,-1.45,-1.46,-1.47,-1.47,-1.47,-1.48,-1.48,-1.48,-1.48,-1.49,-1.49,-1.49,-1.49,-1.50,-1.50,-1.50,-1.50,-1.50,-1.51,-1.51,-1.51,-1.51,-1.51,-1.51,-1.51,-1.51,-1.52,-1.52,-1.52,-1.52,-1.52,-1.52,-1.52,-1.52,-1.52,-1.52,-1.52,-1.52,-1.52,-1.52,-1.52,-1.52,-1.60,0.62,-0.40,-0.44,-0.11,0.10,-1.62,-2.60,-2.49,-2.60,-2.77,-3.66,-3.95,-3.24,-3.15,-3.40,-3.76,-3.98,-4.03,-4.00,-3.90,-3.58,-2.84,-2.11,-1.71,-1.56,-1.55,-1.50,-1.43,-1.37,-1.34,-1.33,-1.33,-1.33,-1.34,-1.35,-1.37,-1.39,-1.41,-1.43,-1.46,-1.50,-1.54,-1.59,-1.64,-1.69,-1.75,-1.81,-1.88,-1.95,-2.01,-2.08,-2.14,-2.20,-2.26,-2.30,-2.34,-2.37,-2.39,-2.42,-2.43,-2.44,-2.45,-2.45,-2.46,-2.46,-2.46,-2.45,-2.45,-2.44,-2.44,-2.43,-2.42,-2.42,-2.41,-2.40,-2.39,-2.38,-2.37,-2.37,-2.36,-2.36,-2.35,-2.35,-2.34,-2.33,-2.33,-2.32,-2.31,-2.31,-2.30,-2.29,-2.29,-2.28,-2.28,-2.27,-2.26,-2.26,-2.25,-2.24,-2.17,1.81,2.08,2.06,1.58,-0.60,-4.52,-5.12,-5.15,-5.15,-5.13,-5.04,-4.96,-5.01,-5.07,-5.16,-4.95,-4.13,-3.35,-2.89,-2.72,-2.67,-2.66,-2.64,-2.62,-2.59,-2.59,-2.58,-2.59,-2.59,-2.60,-2.61,-2.62,-2.64,-2.66,-2.69,-2.72,-2.76,-2.80,-2.85,-2.91,-2.99,-3.07,-3.17,-3.28,-3.40,-3.53,-3.67,-3.80,-3.93,-4.05,-4.14,-4.20,-4.23,-4.23,-4.21,-4.17,-4.12,-4.07,-4.02,-3.97,-3.90,-3.85,-3.84,-3.80,-3.74,-3.70,-3.70,-3.67,-3.62,-3.59,-3.60,-3.59,-3.55,-3.53,-3.54,-3.53,-3.49,-3.47,-3.47,-3.47,-3.46,-3.45,-3.44,-3.43,-3.42
63,-1.37,-1.36,-1.36,-1.35,-1.34,-1.34,-1.33,-1.33,-1.32,-1.32,-1.31,-1.30,-1.30,-1.29,-1.47,0.19,-0.73,-0.77,-0.80,-0.94,0.17,0.36,0.45,0.57,-0.43,-2.38,-1.95,-1.84,-1.88,-1.95,-2.01,-2.11,-2.26,-2.39,-2.56,-2.84,-3.01,-3.07,-3.24,-3.77,-4.80,-6.18,-7.22,-7.38,-6.81,-5.80,-4.65,-3.70,-3.33,-3.60,-4.08,-4.37,-4.58,-4.69,-4.61,-4.40,-4.11,-3.91,-4.03,-4.36,-4.69,-4.89,-4.94,-5.06,-5.34,-5.35,-4.79,-4.04,-3.49,-3.08,-2.74,-2.59,-2.55,-2.58,-2.53,-2.17,-1.49,-0.77,-0.30,-0.19,-0.28,-0.37,-0.43,-0.49,-0.47,-0.31,0.00,0.36,0.60,0.74,0.86,0.90,0.78,0.53,0.31,0.22,0.16,0.06,-0.03,-0.13,-0.24,-0.29,-0.33,-0.38,-0.42,-0.47,-0.51,-0.48,-0.39,-0.33,-0.30,-0.26,-0.20,-0.14,-0.08,-0.02,0.05,0.11,0.16,0.21,0.25,0.28,0.30,0.31,0.31,0.31,0.29,0.26,0.23,0.19,0.14,0.09,0.03,-0.04,-0.10,-0.17,-0.24,-0.32,-0.39,-0.46,-0.53,-0.60,-0.66,-0.73,-0.79,-0.85,-0.90,-0.95,-1.00,-1.05,-1.09,-1.12,-1.16,-1.19,-1.22,-1.25,-1.27,-1.30,-1.32,-1.34,-1.35,-1.37,-1.39,-1.40,-1.41,-1.42,-1.43,-1.44,-1.45,-1.46,-1.47,-1.47,-1.48,-1.48,-1.49,-1.50,-1.50,-1.50,-1.50,-1.50,-1.50,-1.51,-1.51,-1.51,-1.51,-1.51,-1.52,-1.52,-1.52,-1.52,-1.52,-1.52,-1.52,-1.52,-1.52,-1.52,-1.52,-1.52,-1.52,-1.53,-1.52,-1.53,-1.52,-1.53,-1.52,-1.53,-1.52,-1.53,-1.52,-1.52,-1.52,-1.52,-1.52,-1.52,-1.63,0.83,-0.30,-0.27,0.11,0.28,-1.61,-2.53,-2.40,-2.54,-2.75,-3.76,-4.51,-3.79,-3.68,-3.97,-4.34,-4.53,-4.56,-4.55,-4.51,-4.23,-3.35,-2.37,-1.83,-1.64,-1.62,-1.56,-1.46,-1.38,-1.35,-1.33,-1.33,-1.33,-1.34,-1.35,-1.37,-1.39,-1.42,-1.45,-1.49,-1.53,-1.58,-1.63,-1.69,-1.76,-1.83,-1.91,-1.99,-2.08,-2.17,-2.25,-2.33,-2.41,-2.48,-2.54,-2.59,-2.63,-2.66,-2.69,-2.71,-2.73,-2.73,-2.74,-2.74,-2.74,-2.74,-2.74,-2.73,-2.73,-2.72,-2.71,-2.70,-2.70,-2.69,-2.68,-2.67,-2.66,-2.65,-2.64,-2.64,-2.63,-2.62,-2.62,-2.61,-2.60,-2.59,-2.58,-2.57,-2.56,-2.56,-2.55,-2.54,-2.54,-2.53,-2.52,-2.51,-2.50,-2.50,-2.49,-2.39,2.15,2.41,2.38,1.91,-0.29,-4.03,-4.70,-4.76,-4.75,-4.72,-4.85,-4.82,-4.84,-4.86,-4.85,-4.47,-3.65,-2.92,-2.49,-2.34,-2.28,-2.28,-2.26,-2.24,-2.21,-2.21,-2.21,-2.21,-2.21,-2.22,-2.23,-2.25,-2.27,-2.29,-2.32,-2.35,-2.39,-2.43,-2.49,-2.55,-2.63,-2.72,-2.83,-2.95,-3.08,-3.23,-3.40,-3.57,-3.74,-3.90,-4.04,-4.16,-4.25,-4.30,-4.33,-4.33,-4.31,-4.28,-4.26,-4.22,-4.16,-4.12,-4.12,-4.09,-4.02,-3.98,-3.99,-3.97,-3.91,-3.88,-3.90,-3.88,-3.84,-3.81,-3.83,-3.82,-3.78,-3.76,-3.76,-3.75,-3.74,-3.73,-3.72,-3.70,-3.69
77,-1.39,-1.38,-1.37,-1.37,-1.36,-1.35,-1.35,-1.34,-1.33,-1.33,-1.32,-1.32,-1.31,-1.31,-1.50,0.55,-0.48,-0.52,-0.55,-0.70,-0.11,0.08,0.17,0.29,-0.75,-2.50,-2.13,-2.00,-2.00,-2.06,-2.11,-2.19,-2.32,-2.42,-2.58,-2.84,-2.96,-2.98,-3.14,-3.73,-4.92,-6.60,-7.93,-8.23,-7.56,-6.29,-4.90,-3.82,-3.43,-3.77,-4.31,-4.64,-4.93,-5.12,-5.08,-4.85,-4.51,-4.26,-4.33,-4.61,-4.91,-5.10,-5.14,-5.32,-5.70,-5.73,-5.04,-4.14,-3.50,-3.05,-2.71,-2.59,-2.58,-2.61,-2.55,-2.13,-1.39,-0.63,-0.17,-0.07,-0.18,-0.32,-0.45,-0.55,-0.53,-0.33,0.01,0.38,0.66,0.85,0.98,1.03,0.94,0.69,0.45,0.36,0.31,0.23,0.16,0.08,-0.04,-0.12,-0.17,-0.24,-0.30,-0.37,-0.42,-0.40,-0.32,-0.25,-0.22,-0.18,-0.13,-0.08,-0.01,0.05,0.11,0.16,0.21,0.26,0.29,0.32,0.33,0.34,0.33,0.32,0.30,0.27,0.23,0.18,0.13,0.07,0.00,-0.07,-0.14,-0.22,-0.29,-0.37,-0.44,-0.52,-0.60,-0.67,-0.74,-0.81,-0.87,-0.93,-0.99,-1.04,-1.09,-1.14,-1.18,-1.22,-1.26,-1.29,-1.32,-1.35,-1.38,-1.40,-1.42,-1.44,-1.46,-1.48,-1.49,-1.50,-1.52,-1.53,-1.54,-1.55,-1.56,-1.56,-1.57,-1.58,-1.58,-1.59,-1.60,-1.60,-1.60,-1.60,-1.60,-1.61,-1.61,-1.61,-1.61,-1.61,-1.62,-1.62,-1.62,-1.62,-1.62,-1.62,-1.62,-1.62,-1.62,-1.62,-1.62,-1.62,-1.62,-1.62,-1.62,-1.63,-1.62,-1.63,-1.62,-1.63,-1.62,-1.62,-1.62,-1.62,-1.62,-1.62,-1.62,-1.62,-1.62,-1.62,-1.69,0.45,-0.32,-0.26,0.14,0.32,-1.66,-2.60,-2.43,-2.57,-2.79,-3.92,-4.53,-3.75,-3.63,-3.97,-4.45,-4.70,-4.74,-4.71,-4.62,-4.25,-3.30,-2.30,-1.76,-1.57,-1.55,-1.48,-1.38,-1.30,-1.26,-1.24,-1.24,-1.24,-1.25,-1.27,-1.29,-1.31,-1.34,-1.37,-1.41,-1.46,-1.51,-1.57,-1.64,-1.71,-1.79,-1.88,-1.97,-2.07,-2.17,-2.27,-2.36,-2.45,-2.54,-2.61,-2.68,-2.73,-2.77,-2.81,-2.84,-2.86,-2.88,-2.89,-2.90,-2.90,-2.90,-2.90,-2.90,-2.89,-2.89,-2.88,-2.88,-2.87,-2.86,-2.85,-2.85,-2.83,-2.82,-2.82,-2.81,-2.80,-2.80,-2.79,-2.78,-2.77,-2.76,-2.76,-2.75,-2.73,-2.73,-2.72,-2.72,-2.71,-2.70,-2.69,-2.68,-2.67,-2.67,-2.66,-2.54,2.27,2.59,2.55,2.00,-0.57,-4.67,-5.33,-5.38,-5.37,-5.35,-5.44,-5.40,-5.42,-5.45,-5.46,-5.11,-4.28,-3.52,-3.05,-2.88,-2.82,-2.82,-2.79,-2.78,-2.75,-2.75,-2.74,-2.74,-2.75,-2.76,-2.77,-2.79,-2.81,-2.83,-2.86,-2.89,-2.93,-2.98,-3.04,-3.11,-3.20,-3.29,-3.40,-3.53,-3.68,-3.84,-4.01,-4.19,-4.38,-4.55,-4.70,-4.82,-4.91,-4.96,-4.98,-4.97,-4.94,-4.90,-4.86,-4.80,-4.73,-4.68,-4.67,-4.63,-4.55,-4.50,-4.51,-4.48,-4.41,-4.38,-4.39,-4.38,-4.32,-4.30,-4.32,-4.30,-4.25,-4.23,-4.23,-4.22,-4.21,-4.19,-4.18,-4.17,-4.15
93,-2.98,-2.98,-2.97,-2.96,-2.96,-2.95,-2.95,-2.94,-2.93,-2.93,-2.92,-2.92,-2.91,-2.91,-3.12,0.99,-0.19,-0.23,-0.25,-0.49,-0.74,-0.43,-0.26,-0.03,-1.73,-4.24,-3.90,-3.80,-3.82,-3.87,-3.92,-3.99,-4.09,-4.15,-4.29,-4.52,-4.57,-4.54,-4.72,-5.35,-6.60,-8.24,-9.41,-9.60,-8.99,-7.84,-6.44,-5.30,-4.92,-5.29,-5.78,-6.10,-6.39,-6.58,-6.57,-6.46,-6.25,-6.09,-6.23,-6.55,-6.85,-7.02,-7.01,-7.13,-7.46,-7.45,-6.75,-5.83,-5.18,-4.75,-4.42,-4.30,-4.27,-4.28,-4.21,-3.78,-3.01,-2.20,-1.67,-1.52,-1.62,-1.75,-1.88,-1.98,-1.93,-1.69,-1.30,-0.85,-0.50,-0.26,-0.05,0.08,0.04,-0.20,-0.41,-0.46,-0.44,-0.45,-0.42,-0.42,-0.48,-0.54,-0.59,-0.67,-0.73,-0.77,-0.78,-0.76,-0.71,-0.67,-0.66,-0.63,-0.61,-0.58,-0.55,-0.52,-0.49,-0.47,-0.46,-0.45,-0.45,-0.46,-0.48,-0.51,-0.55,-0.60,-0.66,-0.74,-0.82,-0.91,-1.01,-1.11,-1.22,-1.34,-1.46,-1.57,-1.69,-1.81,-1.92,-2.03,-2.14,-2.24,-2.34,-2.44,-2.52,-2.60,-2.68,-2.75,-2.81,-2.87,-2.92,-2.97,-3.02,-3.06,-3.10,-3.13,-3.16,-3.19,-3.22,-3.24,-3.26,-3.28,-3.30,-3.32,-3.33,-3.34,-3.36,-3.37,-3.38,-3.39,-3.39,-3.40,-3.41,-3.42,-3.42,-3.43,-3.43,-3.43,-3.44,-3.44,-3.44,-3.44,-3.45,-3.45,-3.45,-3.45,-3.45,-3.46,-3.46,-3.46,-3.46,-3.46,-3.46,-3.46,-3.46,-3.46,-3.46,-3.46,-3.46,-3.47,-3.47,-3.47,-3.46,-3.47,-3.46,-3.47,-3.46,-3.47,-3.46,-3.46,-3.46,-3.46,-3.46,-3.46,-3.55,0.51,-1.77,-1.69,-1.11,-0.85,-3.48,-3.11,-2.70,-2.83,-3.10,-4.59,-6.40,-5.68,-5.57,-6.00,-6.43,-6.49,-6.41,-6.41,-6.43,-6.20,-5.17,-3.87,-3.13,-2.87,-2.85,-2.76,-2.62,-2.51,-2.47,-2.44,-2.44,-2.44,-2.46,-2.49,-2.52,-2.56,-2.60,-2.66,-2.72,-2.80,-2.88,-2.98,-3.09,-3.21,-3.34,-3.48,-3.63,-3.78,-3.94,-4.09,-4.23,-4.37,-4.49,-4.59,-4.68,-4.76,-4.82,-4.87,-4.91,-4.93,-4.95,-4.97,-4.98,-4.99,-4.99,-4.99,-4.98,-4.98,-4.97,-4.97,-4.96,-4.95,-4.94,-4.93,-4.93,-4.91,-4.90,-4.89,-4.89,-4.88,-4.87,-4.86,-4.86,-4.85,-4.84,-4.83,-4.82,-4.81,-4.80,-4.79,-4.79,-4.78,-4.77,-4.76,-4.75,-4.74,-4.74,-4.73,-4.61,2.77,3.15,3.11,2.43,-0.72,-6.11,-6.98,-7.04,-7.03,-7.00,-7.02,-6.95,-6.99,-7.05,-7.11,-6.70,-5.57,-4.52,-3.89,-3.67,-3.59,-3.58,-3.56,-3.53,-3.50,-3.49,-3.49,-3.49,-3.50,-3.52,-3.54,-3.56,-3.59,-3.63,-3.67,-3.73,-3.79,-3.87,-3.96,-4.07,-4.20,-4.36,-4.54,-4.75,-4.98,-5.25,-5.53,-5.84,-6.15,-6.45,-6.72,-6.96,-7.14,-7.27,-7.35,-7.39,-7.39,-7.36,-7.33,-7.29,-7.22,-7.17,-7.16,-7.12,-7.03,-6.98,-6.99,-6.96,-6.88,-6.84,-6.86,-6.84,-6.78,-6.75,-6.77,-6.75,-6.70,-6.67,-6.67,-6.66,-6.64,-6.63,-6.61,-6.60,-6.58
112,-2.53,-2.53,-2.52,-2.51,-2.51,-2.50,-2.49,-2.49,-2.48,-2.48,-2.47,-2.47,-2.46,-2.46,-2.70,1.54,0.18,0.14,0.11,-0.13,-1.10,-0.80,-0.61,-0.37,-2.09,-4.10,-3.91,-3.81,-3.79,-3.81,-3.84,-3.87,-3.92,-3.94,-4.08,-4.31,-4.36,-4.35,-4.58,-5.32,-6.72,-8.48,-9.73,-9.93,-9.26,-8.03,-6.59,-5.41,-4.99,-5.34,-5.86,-6.24,-6.63,-6.91,-6.93,-6.76,-6.46,-6.23,-6.34,-6.69,-7.11,-7.42,-7.52,-7.70,-8.05,-8.02,-7.29,-6.34,-5.70,-5.26,-4.91,-4.75,-4.64,-4.55,-4.42,-3.96,-3.15,-2.31,-1.75,-1.57,-1.65,-1.77,-1.91,-2.00,-1.90,-1.62,-1.21,-0.76,-0.43,-0.18,0.07,0.28,0.32,0.19,0.09,0.15,0.24,0.29,0.34,0.36,0.32,0.28,0.21,0.06,-0.11,-0.26,-0.37,-0.37,-0.32,-0.29,-0.29,-0.27,-0.25,-0.23,-0.20,-0.17,-0.15,-0.13,-0.12,-0.12,-0.12,-0.14,-0.17,-0.21,-0.26,-0.32,-0.39,-0.48,-0.57,-0.67,-0.78,-0.90,-1.02,-1.15,-1.28,-1.40,-1.53,-1.66,-1.78,-1.90,-2.01,-2.12,-2.23,-2.33,-2.42,-2.51,-2.58,-2.66,-2.72,-2.79,-2.84,-2.90,-2.94,-2.99,-3.03,-3.06,-3.10,-3.13,-3.15,-3.18,-3.20,-3.22,-3.24,-3.26,-3.27,-3.29,-3.30,-3.31,-3.32,-3.34,-3.34,-3.35,-3.36,-3.37,-3.38,-3.38,-3.38,-3.39,-3.39,-3.39,-3.40,-3.40,-3.40,-3.41,-3.41,-3.41,-3.41,-3.41,-3.41,-3.41,-3.42,-3.42,-3.42,-3.42,-3.42,-3.42,-3.42,-3.42,-3.42,-3.42,-3.42,-3.42,-3.42,-3.42,-3.42,-3.43,-3.42,-3.42,-3.43,-3.43,-3.42,-3.42,-3.42,-3.42,-3.49,0.55,-2.02,-1.90,-1.37,-1.15,-3.40,-2.71,-2.27,-2.37,-2.60,-4.11,-6.07,-5.53,-5.45,-5.80,-6.18,-6.27,-6.21,-6.20,-6.21,-6.01,-5.13,-4.00,-3.33,-3.10,-3.07,-2.98,-2.85,-2.75,-2.70,-2.68,-2.68,-2.68,-2.70,-2.72,-2.75,-2.79,-2.83,-2.88,-2.94,-3.01,-3.09,-3.17,-3.27,-3.38,-3.50,-3.62,-3.75,-3.88,-4.02,-4.14,-4.26,-4.37,-4.47,-4.54,-4.62,-4.67,-4.72,-4.75,-4.78,-4.80,-4.81,-4.82,-4.83,-4.83,-4.83,-4.83,-4.83,-4.82,-4.82,-4.81,-4.81,-4.80,-4.79,-4.78,-4.78,-4.77,-4.75,-4.75,-4.75,-4.74,-4.73,-4.73,-4.72,-4.72,-4.71,-4.70,-4.70,-4.69,-4.68,-4.67,-4.67,-4.66,-4.65,-4.64,-4.64,-4.63,-4.63,-4.62,-4.51,3.07,3.46,3.42,2.71,-0.67,-5.92,-6.69,-6.76,-6.75,-6.72,-6.84,-6.80,-6.82,-6.85,-6.84,-6.44,-5.45,-4.50,-3.91,-3.70,-3.62,-3.61,-3.59,-3.56,-3.53,-3.53,-3.52,-3.53,-3.53,-3.55,-3.57,-3.59,-3.62,-3.66,-3.70,-3.76,-3.82,-3.90,-3.99,-4.10,-4.22,-4.37,-4.54,-4.74,-4.97,-5.22,-5.49,-5.77,-6.06,-6.33,-6.58,-6.79,-6.96,-7.08,-7.15,-7.19,-7.19,-7.17,-7.14,-7.11,-7.04,-7.00,-6.99,-6.96,-6.88,-6.84,-6.84,-6.82,-6.75,-6.71,-6.73,-6.72,-6.66,-6.63,-6.65,-6.64,-6.58,-6.55,-6.56,-6.55,-6.54,-6.53,-6.51,-6.50,-6.48
136,-2.69,-2.68,-2.68,-2.67,-2.66,-2.66,-2.65,-2.65,-2.64,-2.64,-2.64,-2.63,-2.63,-2.62,-2.88,1.88,0.44,0.39,0.35,0.07,-1.53,-1.17,-0.94,-0.65,-2.70,-4.80,-4.63,-4.50,-4.45,-4.47,-4.49,-4.51,-4.53,-4.51,-4.63,-4.84,-4.89,-4.90,-5.15,-5.91,-7.39,-9.25,-10.52,-10.58,-9.67,-8.25,-6.72,-5.51,-5.13,-5.53,-6.09,-6.53,-7.01,-7.34,-7.37,-7.18,-6.86,-6.60,-6.74,-7.18,-7.74,-8.25,-8.49,-8.69,-9.03,-9.00,-8.22,-7.22,-6.57,-6.10,-5.71,-5.48,-5.28,-5.09,-4.93,-4.46,-3.61,-2.68,-2.03,-1.82,-1.90,-2.03,-2.18,-2.27,-2.16,-1.80,-1.27,-0.70,-0.30,-0.05,0.20,0.44,0.54,0.44,0.31,0.31,0.32,0.32,0.35,0.36,0.32,0.25,0.12,-0.06,-0.21,-0.32,-0.40,-0.41,-0.35,-0.30,-0.29,-0.26,-0.23,-0.19,-0.14,-0.10,-0.06,-0.03,-0.01,0.00,0.01,-0.01,-0.03,-0.07,-0.12,-0.18,-0.25,-0.34,-0.44,-0.55,-0.67,-0.79,-0.92,-1.06,-1.20,-1.34,-1.48,-1.62,-1.75,-1.88,-2.01,-2.13,-2.25,-2.36,-2.47,-2.56,-2.65,-2.74,-2.81,-2.89,-2.95,-3.01,-3.06,-3.12,-3.16,-3.20,-3.24,-3.28,-3.31,-3.34,-3.37,-3.39,-3.41,-3.43,-3.45,-3.47,-3.49,-3.50,-3.51,-3.52,-3.53,-3.54,-3.55,-3.56,-3.57,-3.58,-3.58,-3.59,-3.59,-3.59,-3.60,-3.60,-3.61,-3.61,-3.61,-3.62,-3.62,-3.62,-3.62,-3.62,-3.62,-3.62,-3.62,-3.63,-3.63,-3.63,-3.63,-3.63,-3.63,-3.63,-3.63,-3.63,-3.63,-3.63,-3.63,-3.63,-3.63,-3.63,-3.64,-3.64,-3.63,-3.63,-3.63,-3.63,-3.71,1.24,-2.39,-2.22,-1.70,-1.50,-3.61,-2.51,-2.03,-2.16,-2.44,-4.24,-6.76,-6.31,-6.24,-6.62,-7.00,-7.03,-6.93,-6.94,-6.98,-6.82,-5.95,-4.75,-4.03,-3.76,-3.74,-3.64,-3.49,-3.38,-3.33,-3.30,-3.30,-3.30,-3.32,-3.35,-3.38,-3.42,-3.47,-3.52,-3.58,-3.66,-3.74,-3.84,-3.94,-4.06,-4.18,-4.31,-4.45,-4.58,-4.71,-4.84,-4.95,-5.05,-5.14,-5.21,-5.26,-5.31,-5.34,-5.36,-5.38,-5.38,-5.39,-5.39,-5.39,-5.39,-5.38,-5.37,-5.36,-5.35,-5.34,-5.33,-5.32,-5.31,-5.30,-5.29,-5.28,-5.26,-5.25,-5.25,-5.24,-5.23,-5.22,-5.21,-5.20,-5.20,-5.19,-5.18,-5.17,-5.16,-5.15,-5.14,-5.13,-5.12,-5.11,-5.10,-5.10,-5.09,-5.08,-5.07,-4.96,3.98,4.44,4.39,3.56,-0.56,-6.68,-7.61,-7.71,-7.69,-7.65,-7.93,-7.91,-7.92,-7.92,-7.85,-7.29,-6.14,-5.06,-4.39,-4.14,-4.05,-4.04,-4.01,-3.99,-3.95,-3.94,-3.93,-3.94,-3.95,-3.97,-3.99,-4.02,-4.05,-4.09,-4.14,-4.20,-4.27,-4.36,-4.46,-4.58,-4.72,-4.88,-5.07,-5.29,-5.54,-5.81,-6.10,-6.40,-6.71,-7.00,-7.27,-7.50,-7.67,-7.80,-7.88,-7.92,-7.93,-7.92,-7.89,-7.85,-7.79,-7.75,-7.74,-7.71,-7.63,-7.58,-7.58,-7.55,-7.48,-7.44,-7.46,-7.45,-7.38,-7.35,-7.37,-7.35,-7.29,-7.26,-7.27,-7.26,-7.24,-7.23,-7.21,-7.19,-7.18
165,-2.28,-2.27,-2.26,-2.26,-2.26,-2.25,-2.25,-2.25,-2.24,-2.24,-2.23,-2.23,-2.23,-2.23,-2.51,2.57,1.10,1.04,1.01,0.72,-2.14,-1.79,-1.58,-1.32,-3.10,-4.50,-4.44,-4.31,-4.23,-4.23,-4.23,-4.23,-4.21,-4.17,-4.27,-4.46,-4.48,-4.48,-4.73,-5.52,-7.05,-9.02,-10.47,-10.71,-9.84,-8.28,-6.55,-5.20,-4.76,-5.15,-5.71,-6.17,-6.73,-7.18,-7.25,-7.01,-6.57,-6.17,-6.12,-6.41,-6.96,-7.68,-8.23,-8.71,-9.22,-9.17,-8.24,-7.17,-6.50,-5.95,-5.48,-5.27,-5.17,-5.10,-4.98,-4.48,-3.58,-2.56,-1.82,-1.57,-1.67,-1.88,-2.15,-2.35,-2.27,-1.86,-1.22,-0.57,-0.12,0.13,0.33,0.49,0.55,0.44,0.31,0.30,0.31,0.22,0.14,0.08,-0.01,-0.12,-0.28,-0.51,-0.73,-0.87,-0.91,-0.87,-0.81,-0.78,-0.76,-0.72,-0.66,-0.61,-0.54,-0.48,-0.42,-0.36,-0.31,-0.27,-0.24,-0.22,-0.22,-0.23,-0.25,-0.29,-0.34,-0.40,-0.47,-0.56,-0.65,-0.75,-0.86,-0.98,-1.10,-1.22,-1.34,-1.46,-1.58,-1.69,-1.81,-1.92,-2.02,-2.13,-2.22,-2.31,-2.39,-2.46,-2.53,-2.60,-2.66,-2.72,-2.77,-2.81,-2.86,-2.90,-2.93,-2.97,-2.99,-3.02,-3.05,-3.07,-3.09,-3.11,-3.12,-3.14,-3.16,-3.17,-3.18,-3.19,-3.20,-3.21,-3.22,-3.22,-3.23,-3.24,-3.24,-3.25,-3.25,-3.25,-3.25,-3.26,-3.26,-3.26,-3.27,-3.27,-3.27,-3.27,-3.27,-3.27,-3.27,-3.27,-3.27,-3.27,-3.27,-3.27,-3.27,-3.28,-3.28,-3.28,-3.28,-3.28,-3.28,-3.28,-3.28,-3.28,-3.27,-3.27,-3.28,-3.28,-3.27,-3.27,-3.27,-3.27,-3.33,0.99,-2.15,-1.91,-1.43,-1.28,-3.22,-2.31,-1.80,-1.92,-2.19,-4.40,-7.49,-6.99,-6.93,-7.41,-7.97,-8.15,-8.09,-8.08,-8.08,-7.78,-6.65,-5.26,-4.46,-4.16,-4.12,-3.99,-3.83,-3.70,-3.65,-3.61,-3.61,-3.60,-3.62,-3.64,-3.67,-3.70,-3.75,-3.79,-3.85,-3.92,-4.00,-4.08,-4.18,-4.28,-4.40,-4.51,-4.63,-4.76,-4.87,-4.98,-5.07,-5.16,-5.24,-5.29,-5.33,-5.36,-5.38,-5.40,-5.40,-5.40,-5.40,-5.40,-5.39,-5.38,-5.37,-5.35,-5.35,-5.34,-5.32,-5.31,-5.30,-5.29,-5.28,-5.26,-5.26,-5.24,-5.23,-5.22,-5.21,-5.20,-5.19,-5.18,-5.18,-5.17,-5.16,-5.15,-5.14,-5.13,-5.12,-5.11,-5.10,-5.09,-5.08,-5.07,-5.07,-5.06,-5.05,-5.04,-4.90,4.44,4.94,4.88,3.99,-0.35,-6.90,-8.03,-8.16,-8.13,-8.08,-8.53,-8.53,-8.53,-8.51,-8.37,-7.63,-6.29,-5.09,-4.37,-4.11,-4.01,-4.00,-3.97,-3.94,-3.90,-3.89,-3.89,-3.90,-3.90,-3.92,-3.94,-3.97,-4.01,-4.05,-4.10,-4.16,-4.23,-4.32,-4.42,-4.55,-4.70,-4.87,-5.07,-5.30,-5.56,-5.85,-6.17,-6.50,-6.84,-7.17,-7.48,-7.74,-7.95,-8.10,-8.20,-8.25,-8.27,-8.26,-8.23,-8.18,-8.11,-8.07,-8.06,-8.02,-7.93,-7.88,-7.88,-7.85,-7.76,-7.72,-7.74,-7.72,-7.65,-7.61,-7.64,-7.62,-7.54,-7.50,-7.51,-7.50,-7.49,-7.47,-7.46,-7.43,-7.41
200,-2.10,-2.10,-2.09,-2.09,-2.08,-2.08,-2.08,-2.07,-2.07,-2.07,-2.06,-2.06,-2.05,-2.05,-2.37,3.44,1.90,1.84,1.81,1.54,-2.85,-2.54,-2.34,-2.07,-3.75,-4.41,-4.58,-4.48,-4.35,-4.30,-4.27,-4.21,-4.11,-3.98,-4.06,-4.19,-4.10,-4.03,-4.28,-5.15,-6.88,-9.19,-10.94,-11.28,-10.35,-8.66,-6.79,-5.34,-4.85,-5.26,-5.89,-6.42,-7.05,-7.53,-7.57,-7.24,-6.70,-6.23,-6.16,-6.50,-7.19,-8.08,-8.79,-9.39,-9.99,-9.92,-8.84,-7.60,-6.84,-6.24,-5.73,-5.51,-5.42,-5.35,-5.20,-4.64,-3.67,-2.56,-1.76,-1.51,-1.65,-1.90,-2.22,-2.48,-2.44,-2.02,-1.27,-0.46,0.10,0.43,0.68,0.87,0.93,0.82,0.70,0.71,0.71,0.58,0.46,0.37,0.25,0.10,-0.11,-0.42,-0.71,-0.87,-0.91,-0.88,-0.84,-0.82,-0.79,-0.75,-0.70,-0.64,-0.58,-0.52,-0.46,-0.40,-0.35,-0.31,-0.28,-0.27,-0.27,-0.28,-0.31,-0.35,-0.40,-0.47,-0.54,-0.63,-0.73,-0.84,-0.96,-1.08,-1.21,-1.34,-1.46,-1.59,-1.71,-1.84,-1.96,-2.07,-2.18,-2.29,-2.39,-2.48,-2.57,-2.65,-2.72,-2.79,-2.85,-2.91,-2.96,-3.01,-3.06,-3.10,-3.13,-3.17,-3.20,-3.23,-3.25,-3.28,-3.30,-3.32,-3.33,-3.35,-3.37,-3.38,-3.39,-3.40,-3.41,-3.42,-3.43,-3.43,-3.44,-3.45,-3.45,-3.46,-3.46,-3.46,-3.47,-3.47,-3.47,-3.47,-3.48,-3.48,-3.48,-3.48,-3.48,-3.48,-3.48,-3.48,-3.48,-3.48,-3.48,-3.48,-3.48,-3.48,-3.48,-3.49,-3.48,-3.48,-3.48,-3.48,-3.48,-3.48,-3.48,-3.48,-3.48,-3.48,-3.48,-3.48,-3.47,-3.47,-3.49,0.69,-2.13,-1.87,-1.34,-1.18,-3.33,-2.57,-2.01,-2.07,-2.25,-4.47,-7.15,-6.63,-6.58,-7.06,-7.66,-7.91,-7.89,-7.85,-7.78,-7.41,-6.30,-4.99,-4.23,-3.95,-3.90,-3.77,-3.60,-3.47,-3.42,-3.38,-3.38,-3.38,-3.40,-3.42,-3.45,-3.48,-3.52,-3.57,-3.63,-3.70,-3.78,-3.87,-3.97,-4.07,-4.19,-4.31,-4.44,-4.57,-4.70,-4.82,-4.93,-5.04,-5.14,-5.21,-5.27,-5.32,-5.36,-5.39,-5.42,-5.43,-5.44,-5.45,-5.46,-5.46,-5.45,-5.45,-5.45,-5.45,-5.44,-5.43,-5.43,-5.42,-5.41,-5.40,-5.39,-5.38,-5.37,-5.37,-5.36,-5.35,-5.34,-5.34,-5.33,-5.32,-5.32,-5.31,-5.30,-5.29,-5.28,-5.27,-5.27,-5.26,-5.25,-5.24,-5.24,-5.23,-5.22,-5.21,-5.06,5.33,5.89,5.83,4.83,-0.09,-7.48,-8.80,-8.96,-8.93,-8.87,-9.49,-9.52,-9.50,-9.46,-9.24,-8.32,-6.78,-5.44,-4.63,-4.33,-4.22,-4.21,-4.18,-4.14,-4.10,-4.09,-4.08,-4.09,-4.10,-4.12,-4.14,-4.18,-4.21,-4.26,-4.31,-4.38,-4.46,-4.56,-4.68,-4.81,-4.97,-5.16,-5.38,-5.64,-5.93,-6.25,-6.59,-6.96,-7.33,-7.69,-8.01,-8.30,-8.52,-8.68,-8.79,-8.84,-8.86,-8.84,-8.81,-8.76,-8.69,-8.63,-8.64,-8.60,-8.49,-8.43,-8.44,-8.41,-8.31,-8.26,-8.29,-8.27,-8.18,-8.14,-8.17,-8.15,-8.07,-8.03,-8.04,-8.03,-8.02,-8.00,-7.98,-7.96,-7.93
242,-1.71,-1.71,-1.70,-1.70,-1.69,-1.68,-1.68,-1.67,-1.66,-1.66,-1.65,-1.65,-1.65,-1.64,-1.99,4.22,2.53,2.45,2.41,2.08,-3.63,-3.26,-3.05,-2.75,-4.61,-4.99,-5.25,-5.10,-4.89,-4.83,-4.80,-4.70,-4.55,-4.37,-4.43,-4.50,-4.32,-4.17,-4.41,-5.35,-7.29,-9.94,-11.94,-12.35,-11.38,-9.58,-7.53,-5.93,-5.38,-5.84,-6.52,-7.10,-7.78,-8.28,-8.26,-7.85,-7.19,-6.59,-6.45,-6.81,-7.62,-8.68,-9.55,-10.27,-10.89,-10.75,-9.53,-8.19,-7.40,-6.80,-6.32,-6.20,-6.23,-6.25,-6.15,-5.54,-4.42,-3.13,-2.15,-1.80,-1.94,-2.26,-2.64,-2.95,-2.97,-2.60,-1.84,-0.92,-0.19,0.29,0.62,0.79,0.77,0.61,0.49,0.52,0.51,0.34,0.20,0.11,-0.01,-0.13,-0.31,-0.58,-0.84,-0.97,-0.99,-0.95,-0.90,-0.86,-0.82,-0.77,-0.70,-0.63,-0.56,-0.48,-0.41,-0.35,-0.29,-0.25,-0.21,-0.20,-0.20,-0.21,-0.24,-0.29,-0.35,-0.42,-0.51,-0.61,-0.72,-0.84,-0.97,-1.10,-1.24,-1.38,-1.53,-1.67,-1.80,-1.94,-2.07,-2.20,-2.32,-2.43,-2.54,-2.64,-2.73,-2.82,-2.90,-2.97,-3.04,-3.10,-3.16,-3.21,-3.26,-3.30,-3.35,-3.38,-3.41,-3.44,-3.47,-3.50,-3.52,-3.54,-3.56,-3.57,-3.59,-3.61,-3.62,-3.63,-3.63,-3.64,-3.65,-3.66,-3.67,-3.67,-3.68,-3.68,-3.68,-3.69,-3.69,-3.69,-3.69,-3.69,-3.70,-3.70,-3.70,-3.70,-3.70,-3.70,-3.70,-3.70,-3.70,-3.70,-3.70,-3.70,-3.70,-3.70,-3.70,-3.70,-3.70,-3.69,-3.69,-3.69,-3.69,-3.69,-3.69,-3.68,-3.68,-3.68,-3.68,-3.68,-3.67,-3.67,-3.64,0.74,-2.17,-1.80,-1.19,-1.04,-3.45,-2.57,-1.97,-2.06,-2.30,-4.86,-7.75,-7.15,-7.09,-7.66,-8.42,-8.77,-8.77,-8.73,-8.61,-8.13,-6.80,-5.28,-4.40,-4.08,-4.02,-3.86,-3.66,-3.52,-3.46,-3.42,-3.41,-3.41,-3.43,-3.45,-3.48,-3.52,-3.57,-3.62,-3.69,-3.76,-3.85,-3.95,-4.06,-4.19,-4.32,-4.47,-4.62,-4.77,-4.93,-5.08,-5.22,-5.36,-5.48,-5.58,-5.67,-5.74,-5.80,-5.85,-5.89,-5.92,-5.94,-5.97,-5.98,-5.99,-5.99,-5.99,-5.99,-5.99,-5.98,-5.97,-5.97,-5.96,-5.95,-5.94,-5.94,-5.92,-5.91,-5.91,-5.90,-5.89,-5.88,-5.87,-5.86,-5.85,-5.84,-5.83,-5.83,-5.82,-5.80,-5.79,-5.78,-5.77,-5.76,-5.75,-5.75,-5.74,-5.73,-5.71,-5.54,6.28,6.86,6.80,5.74,0.44,-7.67,-9.24,-9.44,-9.40,-9.32,-10.19,-10.26,-10.22,-10.14,-9.82,-8.66,-6.88,-5.39,-4.50,-4.17,-4.05,-4.04,-4.00,-3.97,-3.92,-3.91,-3.90,-3.91,-3.92,-3.94,-3.97,-4.00,-4.04,-4.09,-4.15,-4.23,-4.31,-4.42,-4.55,-4.70,-4.87,-5.08,-5.32,-5.60,-5.92,-6.28,-6.67,-7.08,-7.51,-7.93,-8.32,-8.67,-8.95,-9.18,-9.33,-9.43,-9.48,-9.49,-9.48,-9.45,-9.39,-9.34,-9.35,-9.31,-9.21,-9.15,-9.16,-9.13,-9.03,-8.98,-9.00,-8.98,-8.90,-8.86,-8.88,-8.86,-8.77,-8.73,-8.74,-8.73,-8.71,-8.69,-8.67,-8.64,-8.61
293,-2.01,-2.01,-2.00,-2.00,-1.99,-1.99,-1.98,-1.98,-1.97,-1.97,-1.96,-1.96,-1.95,-1.95,-2.33,4.98,3.11,3.02,2.96,2.56,-4.40,-3.96,-3.72,-3.38,-5.44,-5.58,-5.93,-5.75,-5.50,-5.41,-5.36,-5.24,-5.04,-4.81,-4.86,-4.92,-4.71,-4.55,-4.83,-5.88,-8.06,-11.06,-13.36,-13.84,-12.67,-10.52,-8.16,-6.36,-5.78,-6.35,-7.17,-7.87,-8.71,-9.35,-9.40,-8.97,-8.26,-7.59,-7.40,-7.77,-8.66,-9.82,-10.84,-11.75,-12.48,-12.28,-10.89,-9.38,-8.46,-7.72,-7.10,-6.88,-6.89,-6.92,-6.82,-6.14,-4.87,-3.37,-2.23,-1.83,-2.02,-2.42,-2.88,-3.22,-3.21,-2.80,-1.96,-0.96,-0.23,0.23,0.55,0.71,0.69,0.59,0.59,0.74,0.79,0.62,0.46,0.40,0.32,0.21,0.00,-0.33,-0.66,-0.84,-0.86,-0.79,-0.73,-0.68,-0.62,-0.55,-0.47,-0.37,-0.27,-0.18,-0.08,0.01,0.08,0.14,0.19,0.22,0.23,0.22,0.19,0.14,0.08,0.00,-0.10,-0.21,-0.33,-0.47,-0.61,-0.76,-0.92,-1.08,-1.24,-1.39,-1.55,-1.71,-1.86,-2.00,-2.14,-2.27,-2.39,-2.51,-2.61,-2.72,-2.81,-2.90,-2.97,-3.05,-3.11,-3.18,-3.23,-3.28,-3.33,-3.37,-3.41,-3.45,-3.48,-3.51,-3.53,-3.56,-3.58,-3.60,-3.62,-3.64,-3.65,-3.66,-3.67,-3.68,-3.69,-3.70,-3.71,-3.72,-3.72,-3.73,-3.73,-3.73,-3.74,-3.74,-3.74,-3.75,-3.75,-3.75,-3.75,-3.75,-3.75,-3.75,-3.75,-3.76,-3.76,-3.76,-3.76,-3.76,-3.75,-3.75,-3.75,-3.75,-3.75,-3.75,-3.75,-3.75,-3.75,-3.75,-3.74,-3.74,-3.74,-3.74,-3.74,-3.73,-3.73,-3.73,-3.68,0.99,-2.54,-2.06,-1.48,-1.39,-3.49,-1.98,-1.34,-1.44,-1.72,-4.64,-8.43,-7.97,-7.92,-8.47,-9.22,-9.55,-9.54,-9.51,-9.44,-9.00,-7.67,-6.07,-5.14,-4.80,-4.74,-4.56,-4.34,-4.19,-4.12,-4.08,-4.07,-4.07,-4.09,-4.11,-4.14,-4.18,-4.23,-4.28,-4.35,-4.43,-4.52,-4.62,-4.74,-4.86,-5.00,-5.15,-5.30,-5.45,-5.60,-5.74,-5.87,-5.99,-6.10,-6.18,-6.25,-6.30,-6.34,-6.38,-6.40,-6.42,-6.43,-6.43,-6.44,-6.44,-6.43,-6.42,-6.42,-6.41,-6.40,-6.39,-6.38,-6.37,-6.36,-6.34,-6.33,-6.32,-6.30,-6.30,-6.29,-6.27,-6.26,-6.25,-6.24,-6.23,-6.22,-6.21,-6.20,-6.19,-6.17,-6.16,-6.15,-6.14,-6.13,-6.12,-6.11,-6.10,-6.09,-6.07,-5.89,6.73,7.32,7.26,6.18,0.67,-8.13,-9.84,-10.04,-10.01,-9.92,-10.82,-10.89,-10.85,-10.77,-10.44,-9.21,-7.27,-5.63,-4.65,-4.30,-4.17,-4.15,-4.11,-4.07,-4.02,-4.01,-4.00,-4.01,-4.02,-4.04,-4.07,-4.11,-4.15,-4.20,-4.27,-4.34,-4.44,-4.55,-4.68,-4.84,-5.03,-5.25,-5.50,-5.79,-6.13,-6.50,-6.90,-7.33,-7.76,-8.19,-8.59,-8.95,-9.24,-9.47,-9.63,-9.74,-9.80,-9.82,-9.82,-9.80,-9.74,-9.70,-9.71,-9.68,-9.58,-9.52,-9.54,-9.51,-9.40,-9.36,-9.38,-9.36,-9.27,-9.23,-9.26,-9.24,-9.14,-9.10,-9.11,-9.10,-9.08,-9.06,-9.03,-9.01,-8.98
355,-2.44,-2.43,-2.42,-2.42,-2.41,-2.41,-2.40,-2.40,-2.39,-2.39,-2.38,-2.38,-2.37,-2.37,-2.78,5.94,3.85,3.75,3.69,3.21,-5.39,-4.87,-4.59,-4.21,-6.57,-6.51,-6.97,-6.75,-6.42,-6.32,-6.26,-6.11,-5.85,-5.56,-5.59,-5.61,-5.30,-5.09,-5.37,-6.54,-8.98,-12.41,-15.08,-15.70,-14.47,-12.11,-9.49,-7.46,-6.76,-7.27,-8.03,-8.70,-9.57,-10.30,-10.38,-9.90,-9.11,-8.36,-8.11,-8.49,-9.50,-10.91,-12.18,-13.25,-14.09,-13.86,-12.29,-10.62,-9.62,-8.84,-8.19,-8.00,-8.08,-8.21,-8.17,-7.48,-6.09,-4.43,-3.12,-2.59,-2.69,-3.08,-3.65,-4.16,-4.26,-3.83,-2.89,-1.75,-0.90,-0.40,-0.07,0.07,0.00,-0.14,-0.13,0.09,0.21,0.07,-0.09,-0.16,-0.19,-0.24,-0.43,-0.79,-1.12,-1.29,-1.28,-1.21,-1.14,-1.09,-1.02,-0.94,-0.85,-0.76,-0.66,-0.56,-0.46,-0.38,-0.31,-0.25,-0.21,-0.18,-0.18,-0.19,-0.23,-0.28,-0.35,-0.44,-0.54,-0.66,-0.79,-0.94,-1.09,-1.25,-1.42,-1.58,-1.75,-1.92,-2.08,-2.24,-2.40,-2.55,-2.69,-2.83,-2.95,-3.07,-3.18,-3.28,-3.38,-3.47,-3.55,-3.62,-3.69,-3.75,-3.81,-3.86,-3.91,-3.95,-3.99,-4.03,-4.06,-4.09,-4.12,-4.14,-4.16,-4.19,-4.20,-4.22,-4.23,-4.25,-4.26,-4.27,-4.28,-4.29,-4.30,-4.30,-4.31,-4.31,-4.32,-4.32,-4.32,-4.33,-4.33,-4.33,-4.33,-4.34,-4.34,-4.34,-4.34,-4.34,-4.34,-4.34,-4.34,-4.34,-4.34,-4.34,-4.34,-4.34,-4.33,-4.33,-4.33,-4.33,-4.33,-4.33,-4.33,-4.32,-4.32,-4.32,-4.32,-4.32,-4.31,-4.31,-4.31,-4.31,-4.24,0.77,-2.83,-2.26,-1.55,-1.44,-4.00,-2.49,-1.73,-1.85,-2.17,-5.49,-9.42,-8.74,-8.69,-9.41,-10.43,-10.95,-10.99,-10.92,-10.74,-10.08,-8.38,-6.47,-5.39,-4.99,-4.92,-4.72,-4.48,-4.30,-4.22,-4.17,-4.16,-4.16,-4.18,-4.21,-4.25,-4.30,-4.36,-4.43,-4.51,-4.61,-4.72,-4.85,-4.99,-5.14,-5.31,-5.49,-5.68,-5.87,-6.07,-6.25,-6.42,-6.59,-6.74,-6.85,-6.96,-7.04,-7.11,-7.17,-7.22,-7.24,-7.27,-7.29,-7.31,-7.32,-7.31,-7.31,-7.32,-7.31,-7.30,-7.29,-7.28,-7.28,-7.26,-7.25,-7.24,-7.22,-7.21,-7.20,-7.19,-7.17,-7.16,-7.15,-7.14,-7.13,-7.11,-7.10,-7.09,-7.07,-7.05,-7.04,-7.03,-7.02,-7.01,-6.99,-6.98,-6.97,-6.96,-6.94,-6.75,7.78,8.42,8.35,7.17,1.10,-8.93,-10.93,-11.18,-11.13,-11.04,-12.12,-12.21,-12.16,-12.06,-11.66,-10.19,-7.93,-6.04,-4.91,-4.51,-4.36,-4.35,-4.29,-4.25,-4.19,-4.18,-4.16,-4.18,-4.19,-4.21,-4.24,-4.29,-4.33,-4.40,-4.47,-4.56,-4.66,-4.79,-4.94,-5.12,-5.33,-5.58,-5.86,-6.19,-6.57,-6.98,-7.44,-7.92,-8.41,-8.89,-9.34,-9.75,-10.09,-10.36,-10.56,-10.70,-10.79,-10.83,-10.85,-10.84,-10.79,-10.77,-10.78,-10.76,-10.66,-10.61,-10.62,-10.59,-10.49,-10.44,-10.46,-10.43,-10.35,-10.31,-10.33,-10.30,-10.21,-10.16,-10.18,-10.16,-10.14,-10.12,-10.09,-10.06,-10.03
431,-2.45,-2.45,-2.44,-2.43,-2.42,-2.42,-2.41,-2.41,-2.40,-2.40,-2.39,-2.39,-2.38,-2.38,-2.85,6.42,4.06,3.94,3.87,3.33,-5.76,-5.18,-4.85,-4.41,-7.14,-7.46,-7.90,-7.66,-7.33,-7.23,-7.17,-7.01,-6.75,-6.44,-6.48,-6.55,-6.26,-6.07,-6.43,-7.72,-10.38,-13.98,-16.63,-17.02,-15.47,-12.80,-9.95,-7.78,-7.04,-7.61,-8.45,-9.19,-10.17,-11.02,-11.17,-10.68,-9.86,-9.07,-8.80,-9.18,-10.25,-11.74,-13.07,-14.20,-15.05,-14.75,-13.11,-11.39,-10.35,-9.49,-8.73,-8.41,-8.37,-8.42,-8.35,-7.64,-6.20,-4.43,-3.05,-2.52,-2.66,-3.09,-3.67,-4.17,-4.23,-3.71,-2.68,-1.49,-0.64,-0.14,0.15,0.26,0.20,0.06,0.09,0.36,0.53,0.40,0.19,0.09,0.05,0.01,-0.17,-0.54,-0.89,-1.08,-1.08,-0.99,-0.92,-0.85,-0.78,-0.69,-0.59,-0.48,-0.37,-0.26,-0.16,-0.07,0.01,0.07,0.11,0.13,0.14,0.12,0.08,0.01,-0.07,-0.16,-0.28,-0.41,-0.56,-0.72,-0.89,-1.07,-1.25,-1.44,-1.63,-1.81,-1.99,-2.17,-2.35,-2.51,-2.67,-2.83,-2.97,-3.11,-3.23,-3.35,-3.45,-3.55,-3.65,-3.73,-3.81,-3.88,-3.94,-4.00,-4.06,-4.11,-4.16,-4.20,-4.23,-4.27,-4.30,-4.33,-4.35,-4.38,-4.40,-4.42,-4.43,-4.45,-4.46,-4.48,-4.49,-4.50,-4.51,-4.52,-4.52,-4.53,-4.54,-4.54,-4.54,-4.55,-4.55,-4.55,-4.56,-4.56,-4.56,-4.56,-4.56,-4.56,-4.57,-4.57,-4.57,-4.57,-4.57,-4.57,-4.57,-4.56,-4.56,-4.56,-4.56,-4.56,-4.56,-4.56,-4.56,-4.55,-4.55,-4.55,-4.55,-4.55,-4.55,-4.54,-4.54,-4.53,-4.45,0.62,-3.11,-2.47,-1.73,-1.64,-4.27,-2.49,-1.68,-1.84,-2.23,-5.83,-10.11,-9.49,-9.43,-10.17,-11.19,-11.67,-11.66,-11.60,-11.46,-10.85,-9.14,-7.15,-5.99,-5.56,-5.49,-5.29,-5.03,-4.84,-4.75,-4.70,-4.69,-4.69,-4.71,-4.74,-4.79,-4.84,-4.91,-4.98,-5.07,-5.18,-5.30,-5.44,-5.60,-5.77,-5.95,-6.14,-6.35,-6.55,-6.76,-6.95,-7.13,-7.30,-7.45,-7.57,-7.67,-7.75,-7.81,-7.87,-7.91,-7.94,-7.96,-7.97,-7.98,-7.98,-7.98,-7.97,-7.97,-7.96,-7.94,-7.93,-7.92,-7.90,-7.89,-7.87,-7.86,-7.84,-7.82,-7.80,-7.79,-7.77,-7.75,-7.73,-7.72,-7.71,-7.69,-7.67,-7.66,-7.64,-7.62,-7.60,-7.59,-7.57,-7.56,-7.54,-7.53,-7.51,-7.50,-7.48,-7.28,7.81,8.47,8.39,7.16,0.71,-9.74,-11.63,-11.85,-11.81,-11.72,-12.62,-12.67,-12.65,-12.57,-12.25,-10.95,-8.76,-6.84,-5.68,-5.25,-5.10,-5.08,-5.03,-4.98,-4.92,-4.91,-4.89,-4.91,-4.92,-4.95,-4.98,-5.02,-5.07,-5.14,-5.21,-5.31,-5.42,-5.55,-5.71,-5.90,-6.12,-6.39,-6.69,-7.04,-7.43,-7.87,-8.35,-8.86,-9.38,-9.90,-10.37,-10.80,-11.15,-11.43,-11.63,-11.76,-11.84,-11.87,-11.87,-11.85,-11.79,-11.75,-11.76,-11.72,-11.60,-11.54,-11.55,-11.51,-11.40,-11.34,-11.36,-11.33,-11.24,-11.19,-11.21,-11.18,-11.08,-11.03,-11.04,-11.03,-11.01,-10.98,-10.95,-10.91,-10.88
522,-2.65,-2.65,-2.63,-2.63,-2.62,-2.62,-2.61,-2.61,-2.60,-2.60,-2.59,-2.59,-2.58,-2.58,-3.09,7.32,4.88,4.76,4.69,4.17,-6.52,-5.99,-5.65,-5.20,-7.99,-8.09,-8.64,-8.41,-8.05,-7.93,-7.85,-7.67,-7.35,-6.98,-7.00,-7.00,-6.61,-6.34,-6.69,-8.07,-10.99,-14.99,-17.95,-18.40,-16.69,-13.74,-10.60,-8.22,-7.38,-7.96,-8.85,-9.68,-10.80,-11.72,-11.82,-11.24,-10.33,-9.53,-9.32,-9.80,-10.99,-12.59,-14.00,-15.20,-16.11,-15.78,-13.99,-12.13,-11.05,-10.13,-9.27,-8.92,-8.94,-9.07,-8.99,-8.11,-6.42,-4.46,-2.99,-2.45,-2.62,-3.08,-3.69,-4.23,-4.32,-3.75,-2.62,-1.35,-0.46,0.05,0.32,0.41,0.29,0.06,0.02,0.31,0.55,0.47,0.31,0.25,0.22,0.11,-0.18,-0.64,-1.07,-1.30,-1.31,-1.24,-1.20,-1.18,-1.10,-1.00,-0.90,-0.79,-0.68,-0.56,-0.45,-0.34,-0.25,-0.17,-0.11,-0.07,-0.05,-0.06,-0.09,-0.14,-0.21,-0.31,-0.42,-0.56,-0.71,-0.87,-1.05,-1.23,-1.42,-1.62,-1.81,-2.01,-2.20,-2.39,-2.58,-2.75,-2.92,-3.09,-3.24,-3.38,-3.51,-3.64,-3.75,-3.86,-3.96,-4.05,-4.13,-4.21,-4.28,-4.35,-4.40,-4.46,-4.51,-4.55,-4.59,-4.63,-4.67,-4.70,-4.72,-4.75,-4.77,-4.80,-4.81,-4.83,-4.85,-4.86,-4.87,-4.88,-4.90,-4.91,-4.92,-4.92,-4.93,-4.93,-4.94,-4.94,-4.95,-4.95,-4.96,-4.96,-4.96,-4.96,-4.96,-4.97,-4.97,-4.97,-4.98,-4.97,-4.97,-4.97,-4.97,-4.97,-4.97,-4.97,-4.97,-4.97,-4.97,-4.97,-4.97,-4.97,-4.97,-4.96,-4.96,-4.96,-4.96,-4.96,-4.95,-4.95,-4.84,0.44,-3.05,-2.39,-1.52,-1.38,-4.63,-3.23,-2.35,-2.50,-2.89,-6.71,-10.78,-9.87,-9.81,-10.75,-12.04,-12.67,-12.71,-12.61,-12.35,-11.50,-9.42,-7.15,-5.86,-5.39,-5.32,-5.10,-4.81,-4.61,-4.52,-4.46,-4.45,-4.45,-4.48,-4.52,-4.57,-4.63,-4.71,-4.79,-4.90,-5.02,-5.17,-5.33,-5.51,-5.71,-5.93,-6.16,-6.41,-6.66,-6.92,-7.16,-7.39,-7.61,-7.82,-7.97,-8.12,-8.23,-8.34,-8.43,-8.49,-8.54,-8.57,-8.61,-8.63,-8.64,-8.64,-8.65,-8.64,-8.64,-8.63,-8.62,-8.61,-8.60,-8.58,-8.56,-8.55,-8.53,-8.51,-8.50,-8.48,-8.46,-8.45,-8.43,-8.41,-8.40,-8.38,-8.36,-8.35,-8.33,-8.30,-8.29,-8.27,-8.25,-8.24,-8.22,-8.20,-8.19,-8.17,-8.15,-7.94,7.61,8.31,8.24,6.92,0.11,-10.44,-12.18,-12.37,-12.34,-12.26,-13.00,-13.02,-13.01,-12.96,-12.72,-11.56,-9.49,-7.61,-6.45,-6.03,-5.87,-5.86,-5.81,-5.76,-5.69,-5.68,-5.67,-5.68,-5.70,-5.73,-5.76,-5.81,-5.86,-5.93,-6.01,-6.11,-6.22,-6.36,-6.53,-6.73,-6.96,-7.23,-7.55,-7.91,-8.32,-8.78,-9.28,-9.80,-10.33,-10.86,-11.33,-11.76,-12.10,-12.36,-12.55,-12.66,-12.72,-12.73,-12.71,-12.67,-12.59,-12.53,-12.53,-12.48,-12.36,-12.29,-12.30,-12.25,-12.13,-12.07,-12.09,-12.05,-11.97,-11.92,-11.93,-11.90,-11.80,-11.75,-11.76,-11.75,-11.72,-11.69,-11.66,-11.63,-11.59
632,-2.92,-2.92,-2.90,-2.90,-2.88,-2.88,-2.86,-2.86,-2.85,-2.84,-2.83,-2.83,-2.82,-2.81,-3.36,6.96,4.32,4.20,4.13,3.58,-6.07,-5.49,-5.13,-4.65,-7.66,-8.72,-9.06,-8.83,-8.54,-8.46,-8.41,-8.29,-8.06,-7.76,-7.82,-7.91,-7.58,-7.31,-7.66,-9.18,-12.41,-16.82,-20.06,-20.58,-18.79,-15.68,-12.30,-9.69,-8.75,-9.34,-10.26,-11.17,-12.41,-13.39,-13.44,-12.79,-11.82,-10.96,-10.71,-11.21,-12.45,-14.11,-15.58,-16.87,-17.84,-17.44,-15.43,-13.40,-12.28,-11.35,-10.42,-10.02,-10.10,-10.35,-10.35,-9.46,-7.71,-5.68,-4.14,-3.56,-3.71,-4.17,-4.79,-5.39,-5.55,-5.02,-3.85,-2.52,-1.59,-1.11,-0.88,-0.82,-0.94,-1.16,-1.16,-0.81,-0.50,-0.51,-0.61,-0.61,-0.59,-0.62,-0.85,-1.24,-1.60,-1.76,-1.75,-1.66,-1.61,-1.56,-1.47,-1.37,-1.26,-1.15,-1.04,-0.92,-0.82,-0.72,-0.64,-0.58,-0.54,-0.52,-0.52,-0.55,-0.61,-0.69,-0.80,-0.93,-1.08,-1.25,-1.43,-1.64,-1.85,-2.08,-2.31,-2.54,-2.77,-3.00,-3.23,-3.45,-3.67,-3.88,-4.07,-4.26,-4.44,-4.60,-4.75,-4.89,-5.02,-5.15,-5.26,-5.36,-5.46,-5.54,-5.62,-5.69,-5.76,-5.82,-5.88,-5.93,-5.97,-6.01,-6.05,-6.09,-6.12,-6.14,-6.17,-6.20,-6.21,-6.23,-6.25,-6.26,-6.28,-6.29,-6.30,-6.32,-6.32,-6.33,-6.34,-6.34,-6.35,-6.35,-6.36,-6.36,-6.37,-6.37,-6.37,-6.37,-6.37,-6.38,-6.38,-6.38,-6.38,-6.38,-6.38,-6.38,-6.38,-6.38,-6.38,-6.38,-6.38,-6.38,-6.38,-6.37,-6.37,-6.37,-6.37,-6.37,-6.37,-6.37,-6.36,-6.36,-6.35,-6.35,-6.24,0.43,-4.35,-3.67,-2.71,-2.53,-5.98,-3.47,-2.38,-2.52,-2.96,-7.22,-12.44,-11.62,-11.55,-12.45,-13.60,-14.10,-14.09,-14.03,-13.88,-13.17,-11.14,-8.77,-7.39,-6.89,-6.82,-6.57,-6.27,-6.04,-5.95,-5.88,-5.88,-5.88,-5.91,-5.95,-6.01,-6.07,-6.16,-6.25,-6.37,-6.51,-6.66,-6.84,-7.04,-7.25,-7.49,-7.74,-8.00,-8.26,-8.53,-8.78,-9.00,-9.22,-9.42,-9.57,-9.70,-9.80,-9.88,-9.96,-10.01,-10.04,-10.07,-10.09,-10.10,-10.11,-10.11,-10.11,-10.10,-10.09,-10.08,-10.07,-10.06,-10.05,-10.03,-10.01,-10.00,-9.99,-9.97,-9.95,-9.94,-9.92,-9.91,-9.89,-9.88,-9.86,-9.85,-9.83,-9.82,-9.80,-9.78,-9.76,-9.75,-9.73,-9.72,-9.70,-9.69,-9.67,-9.65,-9.64,-9.41,7.63,8.42,8.33,6.86,-0.65,-11.98,-13.66,-13.83,-13.80,-13.73,-14.25,-14.23,-14.25,-14.24,-14.10,-13.08,-11.01,-9.03,-7.79,-7.33,-7.16,-7.15,-7.09,-7.04,-6.97,-6.96,-6.95,-6.97,-6.98,-7.02,-7.05,-7.11,-7.17,-7.24,-7.33,-7.45,-7.58,-7.74,-7.93,-8.15,-8.42,-8.73,-9.09,-9.50,-9.97,-10.50,-11.06,-11.66,-12.26,-12.84,-13.38,-13.85,-14.23,-14.51,-14.70,-14.82,-14.87,-14.87,-14.83,-14.77,-14.67,-14.59,-14.59,-14.53,-14.39,-14.30,-14.32,-14.27,-14.13,-14.06,-14.09,-14.05,-13.95,-13.90,-13.92,-13.89,-13.77,-13.72,-13.74,-13.72,-13.70,-13.67,-13.63,-13.60,-13.56
766,-3.28,-3.28,-3.26,-3.25,-3.24,-3.23,-3.22,-3.21,-3.20,-3.19,-3.18,-3.18,-3.16,-3.16,-3.76,7.88,4.91,4.76,4.68,4.04,-6.93,-6.26,-5.84,-5.28,-8.77,-9.94,-10.31,-10.04,-9.71,-9.62,-9.57,-9.43,-9.17,-8.84,-8.90,-9.00,-8.62,-8.32,-8.69,-10.35,-13.90,-18.73,-22.29,-22.89,-20.99,-17.58,-13.83,-10.93,-9.91,-10.55,-11.53,-12.51,-13.86,-14.91,-14.93,-14.21,-13.17,-12.27,-12.08,-12.70,-14.12,-15.94,-17.49,-18.80,-19.78,-19.32,-17.16,-15.00,-13.83,-12.83,-11.77,-11.27,-11.26,-11.49,-11.52,-10.59,-8.68,-6.47,-4.77,-4.08,-4.18,-4.61,-5.26,-5.90,-6.06,-5.47,-4.19,-2.71,-1.67,-1.09,-0.80,-0.71,-0.84,-1.12,-1.19,-0.89,-0.59,-0.59,-0.64,-0.62,-0.58,-0.61,-0.84,-1.26,-1.64,-1.81,-1.77,-1.64,-1.55,-1.48,-1.38,-1.26,-1.15,-1.04,-0.92,-0.81,-0.71,-0.62,-0.55,-0.50,-0.47,-0.47,-0.49,-0.54,-0.62,-0.72,-0.84,-0.99,-1.16,-1.35,-1.56,-1.79,-2.03,-2.28,-2.54,-2.80,-3.05,-3.31,-3.56,-3.81,-4.05,-4.28,-4.50,-4.70,-4.90,-5.08,-5.25,-5.41,-5.56,-5.69,-5.82,-5.94,-6.04,-6.14,-6.23,-6.31,-6.38,-6.45,-6.51,-6.57,-6.62,-6.66,-6.71,-6.75,-6.78,-6.82,-6.85,-6.87,-6.90,-6.92,-6.94,-6.95,-6.97,-6.98,-7.00,-7.02,-7.03,-7.03,-7.04,-7.05,-7.05,-7.06,-7.07,-7.07,-7.08,-7.08,-7.08,-7.09,-7.09,-7.09,-7.10,-7.10,-7.10,-7.10,-7.10,-7.10,-7.10,-7.10,-7.10,-7.10,-7.10,-7.10,-7.10,-7.10,-7.10,-7.10,-7.09,-7.09,-7.09,-7.09,-7.09,-7.08,-7.08,-7.07,-6.99,0.90,-4.68,-3.92,-2.81,-2.59,-6.68,-4.12,-2.92,-3.11,-3.63,-8.41,-13.80,-12.67,-12.58,-13.65,-15.07,-15.70,-15.70,-15.60,-15.37,-14.47,-12.07,-9.37,-7.82,-7.26,-7.18,-6.93,-6.59,-6.34,-6.23,-6.16,-6.15,-6.16,-6.20,-6.24,-6.31,-6.39,-6.49,-6.60,-6.73,-6.89,-7.07,-7.28,-7.51,-7.76,-8.04,-8.34,-8.65,-8.97,-9.29,-9.59,-9.87,-10.15,-10.40,-10.59,-10.77,-10.91,-11.02,-11.12,-11.19,-11.24,-11.29,-11.32,-11.34,-11.35,-11.36,-11.36,-11.36,-11.35,-11.34,-11.33,-11.32,-11.30,-11.29,-11.27,-11.26,-11.24,-11.21,-11.20,-11.18,-11.16,-11.14,-11.12,-11.11,-11.09,-11.07,-11.05,-11.04,-11.01,-10.99,-10.97,-10.95,-10.93,-10.92,-10.90,-10.88,-10.86,-10.84,-10.82,-10.56,8.67,9.52,9.43,7.83,-0.35,-12.83,-14.78,-14.99,-14.95,-14.86,-15.58,-15.58,-15.58,-15.55,-15.33,-14.10,-11.73,-9.53,-8.15,-7.65,-7.47,-7.45,-7.39,-7.34,-7.26,-7.25,-7.23,-7.25,-7.27,-7.31,-7.35,-7.41,-7.47,-7.56,-7.66,-7.78,-7.93,-8.10,-8.31,-8.56,-8.85,-9.20,-9.59,-10.05,-10.57,-11.15,-11.78,-12.45,-13.13,-13.80,-14.42,-14.98,-15.43,-15.78,-16.04,-16.20,-16.29,-16.32,-16.31,-16.27,-16.17,-16.11,-16.12,-16.07,-15.92,-15.83,-15.85,-15.81,-15.65,-15.58,-15.61,-15.58,-15.46,-15.40,-15.44,-15.40,-15.28,-15.22,-15.23,-15.22,-15.19,-15.16,-15.12,-15.08,-15.05
928,-4.24,-4.23,-4.21,-4.20,-4.18,-4.18,-4.16,-4.15,-4.14,-4.13,-4.12,-4.11,-4.10,-4.09,-4.75,8.52,5.17,5.02,4.93,4.23,-7.46,-6.71,-6.23,-5.60,-9.62,-11.19,-11.58,-11.31,-10.97,-10.88,-10.82,-10.68,-10.41,-10.06,-10.14,-10.24,-9.82,-9.47,-9.87,-11.65,-15.46,-20.70,-24.64,-25.41,-23.35,-19.58,-15.40,-12.18,-11.03,-11.69,-12.68,-13.68,-15.11,-16.27,-16.35,-15.60,-14.45,-13.43,-13.20,-13.83,-15.30,-17.22,-18.87,-20.31,-21.41,-20.95,-18.64,-16.30,-14.99,-13.86,-12.68,-12.14,-12.17,-12.46,-12.52,-11.52,-9.46,-7.07,-5.24,-4.46,-4.52,-4.96,-5.65,-6.36,-6.57,-6.00,-4.75,-3.28,-2.21,-1.58,-1.25,-1.19,-1.37,-1.70,-1.77,-1.41,-1.05,-0.99,-1.00,-0.92,-0.85,-0.85,-1.07,-1.55,-2.00,-2.21,-2.20,-2.10,-2.01,-1.94,-1.83,-1.71,-1.60,-1.49,-1.37,-1.26,-1.15,-1.06,-0.99,-0.94,-0.91,-0.91,-0.93,-0.99,-1.07,-1.18,-1.32,-1.48,-1.67,-1.87,-2.10,-2.35,-2.61,-2.87,-3.15,-3.43,-3.71,-3.98,-4.24,-4.51,-4.77,-5.02,-5.25,-5.48,-5.69,-5.88,-6.06,-6.23,-6.39,-6.54,-6.67,-6.79,-6.91,-7.01,-7.11,-7.19,-7.27,-7.35,-7.42,-7.48,-7.53,-7.58,-7.63,-7.68,-7.71,-7.75,-7.78,-7.81,-7.84,-7.86,-7.88,-7.90,-7.92,-7.94,-7.96,-7.97,-7.99,-8.00,-8.01,-8.01,-8.02,-8.03,-8.04,-8.04,-8.05,-8.06,-8.06,-8.06,-8.07,-8.07,-8.08,-8.08,-8.08,-8.09,-8.09,-8.09,-8.09,-8.09,-8.09,-8.09,-8.09,-8.09,-8.09,-8.09,-8.09,-8.09,-8.09,-8.09,-8.09,-8.09,-8.09,-8.08,-8.08,-8.08,-8.01,1.01,-5.30,-4.54,-3.31,-3.03,-7.67,-5.00,-3.63,-3.85,-4.46,-9.57,-14.86,-13.51,-13.41,-14.62,-16.17,-16.85,-16.84,-16.73,-16.45,-15.43,-12.82,-9.91,-8.26,-7.66,-7.58,-7.32,-6.96,-6.69,-6.58,-6.51,-6.50,-6.51,-6.56,-6.61,-6.69,-6.77,-6.89,-7.01,-7.17,-7.35,-7.55,-7.78,-8.05,-8.33,-8.65,-8.99,-9.34,-9.70,-10.07,-10.42,-10.75,-11.07,-11.36,-11.59,-11.81,-11.98,-12.12,-12.25,-12.34,-12.40,-12.46,-12.50,-12.53,-12.55,-12.56,-12.57,-12.57,-12.57,-12.56,-12.55,-12.54,-12.53,-12.51,-12.49,-12.48,-12.46,-12.44,-12.42,-12.40,-12.38,-12.36,-12.34,-12.32,-12.31,-12.28,-12.26,-12.25,-12.22,-12.19,-12.17,-12.16,-12.14,-12.12,-12.10,-12.08,-12.06,-12.04,-12.02,-11.75,9.27,10.23,10.13,8.32,-0.88,-14.35,-16.35,-16.55,-16.51,-16.43,-17.11,-17.10,-17.11,-17.09,-16.89,-15.65,-13.20,-10.88,-9.42,-8.88,-8.68,-8.66,-8.60,-8.54,-8.46,-8.45,-8.43,-8.45,-8.47,-8.52,-8.56,-8.63,-8.70,-8.79,-8.90,-9.04,-9.20,-9.39,-9.62,-9.90,-10.22,-10.60,-11.04,-11.54,-12.11,-12.74,-13.43,-14.15,-14.89,-15.60,-16.26,-16.84,-17.30,-17.66,-17.90,-18.05,-18.12,-18.13,-18.11,-18.04,-17.92,-17.84,-17.85,-17.78,-17.61,-17.51,-17.53,-17.48,-17.31,-17.23,-17.26,-17.23,-17.10,-17.03,-17.07,-17.03,-16.89,-16.83,-16.85,-16.83,-16.80,-16.77,-16.73,-16.69,-16.65
1124,-4.49,-4.48,-4.46,-4.45,-4.43,-4.43,-4.41,-4.40,-4.39,-4.38,-4.37,-4.36,-4.35,-4.34,-5.05,9.76,6.23,6.07,5.98,5.24,-8.63,-7.85,-7.36,-6.70,-10.84,-11.94,-12.49,-12.19,-11.79,-11.66,-11.58,-11.39,-11.05,-10.61,-10.65,-10.68,-10.12,-9.68,-10.05,-11.96,-16.18,-22.10,-26.67,-27.64,-25.40,-21.21,-16.55,-12.97,-11.70,-12.35,-13.38,-14.48,-16.14,-17.53,-17.62,-16.66,-15.21,-13.94,-13.63,-14.37,-16.09,-18.41,-20.46,-22.20,-23.49,-23.03,-20.52,-17.95,-16.50,-15.19,-13.79,-13.15,-13.23,-13.65,-13.81,-12.72,-10.37,-7.59,-5.43,-4.45,-4.41,-4.81,-5.53,-6.31,-6.59,-6.03,-4.69,-3.09,-1.91,-1.22,-0.84,-0.77,-1.00,-1.44,-1.63,-1.33,-0.97,-0.92,-0.99,-0.98,-0.95,-1.02,-1.37,-2.00,-2.59,-2.88,-2.90,-2.81,-2.74,-2.66,-2.54,-2.41,-2.28,-2.15,-2.00,-1.86,-1.72,-1.60,-1.48,-1.39,-1.32,-1.28,-1.26,-1.28,-1.33,-1.40,-1.51,-1.64,-1.80,-1.99,-2.20,-2.43,-2.68,-2.94,-3.20,-3.48,-3.75,-4.03,-4.29,-4.56,-4.83,-5.08,-5.31,-5.54,-5.76,-5.96,-6.14,-6.32,-6.49,-6.64,-6.78,-6.91,-7.02,-7.13,-7.23,-7.32,-7.41,-7.49,-7.56,-7.62,-7.68,-7.73,-7.78,-7.83,-7.87,-7.91,-7.94,-7.98,-8.00,-8.03,-8.05,-8.07,-8.09,-8.11,-8.13,-8.15,-8.16,-8.17,-8.18,-8.19,-8.20,-8.21,-8.22,-8.23,-8.23,-8.24,-8.24,-8.25,-8.25,-8.26,-8.26,-8.27,-8.27,-8.27,-8.27,-8.27,-8.28,-8.28,-8.28,-8.28,-8.28,-8.28,-8.28,-8.28,-8.28,-8.28,-8.28,-8.28,-8.28,-8.28,-8.27,-8.27,-8.27,-8.26,-8.20,0.97,-5.09,-4.23,-2.89,-2.59,-7.77,-5.70,-4.26,-4.49,-5.13,-10.67,-15.85,-14.22,-14.10,-15.50,-17.36,-18.25,-18.31,-18.16,-17.77,-16.49,-13.44,-10.15,-8.30,-7.64,-7.55,-7.25,-6.85,-6.56,-6.43,-6.35,-6.35,-6.35,-6.40,-6.46,-6.54,-6.64,-6.76,-6.89,-7.06,-7.25,-7.48,-7.73,-8.01,-8.33,-8.67,-9.04,-9.43,-9.83,-10.23,-10.63,-10.99,-11.36,-11.69,-11.96,-12.22,-12.42,-12.59,-12.75,-12.87,-12.96,-13.03,-13.09,-13.14,-13.17,-13.19,-13.20,-13.21,-13.21,-13.21,-13.20,-13.19,-13.18,-13.16,-13.14,-13.13,-13.11,-13.08,-13.06,-13.05,-13.03,-13.00,-12.98,-12.96,-12.94,-12.92,-12.90,-12.88,-12.85,-12.82,-12.80,-12.78,-12.76,-12.74,-12.71,-12.70,-12.67,-12.65,-12.63,-12.34,10.75,11.75,11.65,9.75,-0.20,-15.00,-17.29,-17.54,-17.50,-17.40,-18.34,-18.38,-18.36,-18.30,-17.98,-16.48,-13.72,-11.16,-9.55,-8.96,-8.75,-8.72,-8.65,-8.59,-8.50,-8.49,-8.47,-8.49,-8.51,-8.56,-8.60,-8.67,-8.75,-8.85,-8.97,-9.12,-9.29,-9.49,-9.74,-10.03,-10.37,-10.77,-11.24,-11.77,-12.37,-13.04,-13.76,-14.53,-15.30,-16.05,-16.74,-17.35,-17.86,-18.25,-18.52,-18.70,-18.80,-18.84,-18.83,-18.79,-18.68,-18.61,-18.63,-18.58,-18.41,-18.32,-18.34,-18.29,-18.12,-18.04,-18.07,-18.03,-17.90,-17.84,-17.87,-17.83,-17.68,-17.62,-17.64,-17.62,-17.59,-17.55,-17.51,-17.47,-17.43
1361,-5.03,-5.02,-5.00,-4.99,-4.97,-4.96,-4.94,-4.93,-4.91,-4.91,-4.89,-4.88,-4.86,-4.86,-5.60,10.17,6.35,6.17,6.07,5.23,-9.09,-8.17,-7.61,-6.87,-11.56,-13.20,-13.72,-13.38,-12.95,-12.83,-12.76,-12.58,-12.23,-11.78,-11.82,-11.84,-11.24,-10.74,-11.09,-13.14,-17.80,-24.42,-29.61,-30.80,-28.38,-23.76,-18.62,-14.73,-13.39,-14.12,-15.22,-16.40,-18.20,-19.68,-19.73,-18.66,-17.06,-15.65,-15.28,-16.06,-17.94,-20.55,-22.89,-24.84,-26.30,-25.84,-23.07,-20.25,-18.68,-17.23,-15.69,-15.03,-15.20,-15.76,-15.98,-14.76,-12.14,-9.06,-6.66,-5.54,-5.43,-5.86,-6.65,-7.52,-7.85,-7.28,-5.85,-4.10,-2.78,-1.95,-1.46,-1.35,-1.62,-2.12,-2.37,-2.07,-1.66,-1.54,-1.57,-1.60,-1.63,-1.73,-2.06,-2.65,-3.20,-3.48,-3.52,-3.44,-3.39,-3.33,-3.22,-3.10,-2.98,-2.86,-2.73,-2.61,-2.48,-2.37,-2.27,-2.19,-2.13,-2.10,-2.09,-2.12,-2.17,-2.26,-2.38,-2.53,-2.70,-2.90,-3.13,-3.37,-3.64,-3.91,-4.20,-4.49,-4.78,-5.07,-5.35,-5.63,-5.91,-6.17,-6.42,-6.66,-6.88,-7.09,-7.28,-7.47,-7.64,-7.80,-7.94,-8.07,-8.19,-8.31,-8.41,-8.51,-8.59,-8.67,-8.75,-8.81,-8.87,-8.93,-8.98,-9.03,-9.07,-9.11,-9.14,-9.18,-9.20,-9.23,-9.25,-9.28,-9.30,-9.32,-9.33,-9.35,-9.36,-9.38,-9.39,-9.40,-9.41,-9.42,-9.42,-9.43,-9.44,-9.44,-9.45,-9.45,-9.46,-9.46,-9.46,-9.47,-9.47,-9.48,-9.47,-9.48,-9.48,-9.48,-9.48,-9.48,-9.48,-9.48,-9.48,-9.48,-9.48,-9.48,-9.48,-9.48,-9.48,-9.48,-9.47,-9.47,-9.46,-9.46,-9.44,1.21,-5.85,-4.93,-3.42,-3.05,-8.90,-6.74,-5.10,-5.36,-6.08,-12.33,-17.82,-15.93,-15.80,-17.32,-19.37,-20.39,-20.48,-20.31,-19.84,-18.39,-15.04,-11.45,-9.42,-8.69,-8.60,-8.27,-7.84,-7.51,-7.37,-7.28,-7.28,-7.28,-7.34,-7.40,-7.49,-7.60,-7.73,-7.88,-8.07,-8.28,-8.53,-8.81,-9.12,-9.46,-9.84,-10.24,-10.67,-11.11,-11.55,-11.98,-12.38,-12.78,-13.15,-13.44,-13.72,-13.94,-14.13,-14.31,-14.44,-14.53,-14.62,-14.68,-14.74,-14.77,-14.79,-14.81,-14.82,-14.82,-14.82,-14.81,-14.80,-14.79,-14.77,-14.75,-14.74,-14.72,-14.69,-14.67,-14.65,-14.63,-14.60,-14.58,-14.56,-14.54,-14.52,-14.49,-14.48,-14.44,-14.41,-14.39,-14.37,-14.34,-14.32,-14.29,-14.27,-14.25,-14.22,-14.20,-13.87,11.71,12.82,12.70,10.61,-0.37,-16.90,-19.40,-19.66,-19.62,-19.51,-20.45,-20.46,-20.46,-20.41,-20.12,-18.52,-15.48,-12.61,-10.81,-10.14,-9.90,-9.87,-9.80,-9.73,-9.63,-9.61,-9.59,-9.62,-9.64,-9.69,-9.75,-9.83,-9.91,-10.03,-10.16,-10.33,-10.52,-10.76,-11.04,-11.37,-11.76,-12.22,-12.75,-13.36,-14.05,-14.81,-15.64,-16.51,-17.38,-18.23,-19.01,-19.70,-20.25,-20.67,-20.96,-21.15,-21.24,-21.27,-21.24,-21.17,-21.05,-20.96,-20.97,-20.90,-20.71,-20.61,-20.62,-20.56,-20.38,-20.29,-20.31,-20.27,-20.13,-20.06,-20.09,-20.04,-19.88,-19.81,-19.83,-19.81,-19.78,-19.74,-19.69,-19.65,-19.60
1649,-5.37,-5.36,-5.34,-5.33,-5.30,-5.30,-5.28,-5.27,-5.25,-5.24,-5.22,-5.21,-5.20,-5.19,-6.01,12.35,8.05,7.84,7.72,6.71,-11.26,-10.19,-9.56,-8.71,-13.97,-15.14,-15.88,-15.47,-14.92,-14.75,-14.66,-14.40,-13.93,-13.34,-13.33,-13.24,-12.41,-11.77,-12.14,-14.36,-19.46,-26.76,-32.56,-33.99,-31.37,-26.25,-20.54,-16.20,-14.66,-15.36,-16.49,-17.72,-19.64,-21.24,-21.30,-20.11,-18.31,-16.68,-16.14,-16.85,-18.87,-21.82,-24.54,-26.82,-28.48,-28.00,-24.98,-21.93,-20.27,-18.73,-17.10,-16.44,-16.68,-17.31,-17.56,-16.27,-13.47,-10.14,-7.44,-6.06,-5.83,-6.26,-7.18,-8.24,-8.76,-8.27,-6.79,-4.90,-3.40,-2.38,-1.78,-1.67,-2.05,-2.70,-3.01,-2.68,-2.23,-2.09,-2.12,-2.17,-2.26,-2.42,-2.81,-3.44,-4.02,-4.32,-4.38,-4.33,-4.26,-4.19,-4.08,-3.96,-3.84,-3.72,-3.59,-3.46,-3.33,-3.21,-3.10,-3.01,-2.94,-2.89,-2.87,-2.89,-2.94,-3.02,-3.13,-3.28,-3.45,-3.65,-3.88,-4.14,-4.41,-4.70,-4.99,-5.30,-5.60,-5.90,-6.19,-6.49,-6.78,-7.05,-7.31,-7.56,-7.80,-8.02,-8.22,-8.41,-8.59,-8.75,-8.90,-9.04,-9.16,-9.28,-9.38,-9.48,-9.57,-9.65,-9.73,-9.80,-9.86,-9.92,-9.97,-10.02,-10.06,-10.10,-10.14,-10.17,-10.20,-10.22,-10.25,-10.27,-10.29,-10.31,-10.33,-10.34,-10.36,-10.37,-10.38,-10.39,-10.40,-10.41,-10.41,-10.42,-10.43,-10.43,-10.43,-10.44,-10.44,-10.45,-10.45,-10.45,-10.46,-10.46,-10.46,-10.46,-10.46,-10.46,-10.46,-10.46,-10.46,-10.46,-10.46,-10.46,-10.46,-10.46,-10.46,-10.45,-10.45,-10.45,-10.45,-10.44,-10.44,-10.43,-10.38,1.17,-6.74,-5.56,-3.89,-3.58,-9.77,-6.77,-4.88,-5.18,-6.03,-13.27,-19.65,-17.61,-17.47,-19.23,-21.66,-22.88,-22.99,-22.78,-22.20,-20.50,-16.68,-12.64,-10.37,-9.55,-9.43,-9.07,-8.58,-8.21,-8.06,-7.96,-7.95,-7.96,-8.02,-8.09,-8.20,-8.32,-8.47,-8.64,-8.85,-9.09,-9.37,-9.69,-10.04,-10.44,-10.87,-11.33,-11.82,-12.32,-12.82,-13.32,-13.78,-14.23,-14.65,-14.99,-15.31,-15.57,-15.79,-15.99,-16.15,-16.26,-16.36,-16.43,-16.49,-16.53,-16.56,-16.59,-16.60,-16.60,-16.59,-16.58,-16.57,-16.56,-16.54,-16.51,-16.50,-16.48,-16.45,-16.42,-16.40,-16.37,-16.34,-16.32,-16.29,-16.27,-16.24,-16.21,-16.19,-16.15,-16.12,-16.09,-16.07,-16.04,-16.01,-15.98,-15.96,-15.93,-15.90,-15.87,-15.51,13.92,15.16,15.02,12.68,0.28,-18.78,-21.82,-22.15,-22.09,-21.96,-23.25,-23.30,-23.27,-23.19,-22.75,-20.74,-17.10,-13.76,-11.67,-10.90,-10.63,-10.60,-10.51,-10.42,-10.31,-10.29,-10.27,-10.29,-10.32,-10.38,-10.44,-10.53,-10.63,-10.76,-10.91,-11.10,-11.32,-11.58,-11.90,-12.28,-12.72,-13.23,-13.83,-14.52,-15.29,-16.15,-17.08,-18.06,-19.05,-20.02,-20.91,-21.70,-22.34,-22.85,-23.21,-23.45,-23.58,-23.64,-23.63,-23.58,-23.47,-23.39,-23.40,-23.33,-23.14,-23.03,-23.04,-22.97,-22.79,-22.69,-22.71,-22.66,-22.51,-22.44,-22.45,-22.40,-22.23,-22.16,-22.17,-22.15,-22.11,-22.06,-22.01,-21.96,-21.90
1998,-6.11,-6.09,-6.07,-6.06,-6.03,-6.03,-6.00,-5.99,-5.97,-5.96,-5.94,-5.94,-5.92,-5.91,-6.80,13.41,8.65,8.42,8.29,7.20,-12.17,-10.99,-10.26,-9.30,-15.24,-16.76,-17.54,-17.12,-16.55,-16.37,-16.28,-16.01,-15.52,-14.90,-14.90,-14.82,-13.97,-13.28,-13.68,-16.10,-21.67,-29.62,-35.89,-37.43,-34.61,-29.10,-22.90,-18.18,-16.49,-17.25,-18.46,-19.83,-21.99,-23.76,-23.83,-22.52,-20.53,-18.74,-18.15,-18.94,-21.14,-24.36,-27.35,-29.86,-31.72,-31.24,-27.96,-24.66,-22.92,-21.30,-19.54,-18.85,-19.11,-19.73,-19.92,-18.44,-15.34,-11.65,-8.62,-7.05,-6.75,-7.18,-8.14,-9.29,-9.83,-9.27,-7.64,-5.56,-3.90,-2.78,-2.09,-1.88,-2.16,-2.82,-3.24,-2.98,-2.53,-2.38,-2.37,-2.39,-2.49,-2.67,-3.08,-3.75,-4.35,-4.65,-4.71,-4.64,-4.54,-4.45,-4.33,-4.19,-4.05,-3.91,-3.77,-3.62,-3.48,-3.35,-3.23,-3.14,-3.07,-3.03,-3.03,-3.06,-3.13,-3.24,-3.38,-3.56,-3.77,-4.02,-4.29,-4.59,-4.91,-5.25,-5.60,-5.95,-6.30,-6.65,-6.99,-7.33,-7.66,-7.98,-8.27,-8.56,-8.83,-9.08,-9.31,-9.53,-9.73,-9.92,-10.09,-10.24,-10.38,-10.52,-10.64,-10.75,-10.85,-10.94,-11.02,-11.10,-11.17,-11.23,-11.29,-11.35,-11.40,-11.44,-11.48,-11.52,-11.55,-11.58,-11.61,-11.63,-11.66,-11.68,-11.70,-11.72,-11.73,-11.74,-11.75,-11.77,-11.78,-11.79,-11.79,-11.80,-11.81,-11.82,-11.82,-11.83,-11.83,-11.83,-11.84,-11.84,-11.85,-11.85,-11.85,-11.85,-11.85,-11.85,-11.85,-11.85,-11.85,-11.85,-11.85,-11.85,-11.84,-11.84,-11.84,-11.84,-11.84,-11.84,-11.83,-11.83,-11.82,-11.82,-11.77,1.83,-7.96,-6.72,-4.92,-4.56,-11.13,-7.30,-5.20,-5.51,-6.42,-14.27,-21.86,-19.86,-19.72,-21.55,-24.01,-25.19,-25.26,-25.07,-24.54,-22.87,-18.91,-14.61,-12.16,-11.27,-11.16,-10.76,-10.22,-9.83,-9.66,-9.55,-9.54,-9.55,-9.62,-9.69,-9.81,-9.94,-10.10,-10.29,-10.52,-10.78,-11.08,-11.42,-11.80,-12.22,-12.68,-13.17,-13.68,-14.21,-14.74,-15.25,-15.72,-16.18,-16.60,-16.94,-17.25,-17.49,-17.70,-17.90,-18.05,-18.15,-18.23,-18.30,-18.36,-18.39,-18.41,-18.43,-18.43,-18.43,-18.42,-18.40,-18.39,-18.37,-18.35,-18.32,-18.30,-18.28,-18.24,-18.21,-18.19,-18.16,-18.13,-18.10,-18.08,-18.05,-18.02,-17.99,-17.97,-17.93,-17.89,-17.86,-17.84,-17.81,-17.78,-17.74,-17.72,-17.69,-17.66,-17.62,-17.24,15.64,16.99,16.84,14.26,0.40,-20.79,-24.10,-24.46,-24.39,-24.25,-25.66,-25.72,-25.69,-25.59,-25.11,-22.92,-18.96,-15.28,-12.97,-12.12,-11.81,-11.77,-11.68,-11.58,-11.46,-11.43,-11.41,-11.44,-11.47,-11.53,-11.60,-11.70,-11.82,-11.96,-12.13,-12.34,-12.59,-12.89,-13.24,-13.67,-14.16,-14.74,-15.41,-16.18,-17.04,-18.00,-19.04,-20.13,-21.22,-22.29,-23.27,-24.14,-24.84,-25.39,-25.78,-26.04,-26.19,-26.25,-26.24,-26.19,-26.06,-25.97,-25.99,-25.91,-25.70,-25.58,-25.60,-25.53,-25.32,-25.21,-25.24,-25.18,-25.02,-24.93,-24.96,-24.90,-24.71,-24.63,-24.65,-24.62,-24.58,-24.53,-24.47,-24.42,-24.36
